2025-06-27 10:55:37.779 [restartedMain] [INFO] o.e.b.BackendProjectApplication - Starting BackendProjectApplication using Java 17.0.12 with PID 18644 (C:\backend5\backendProject\build\classes\java\main started by win11 in C:\backend5)
2025-06-27 10:55:37.781 [restartedMain] [INFO] o.e.b.BackendProjectApplication - The following 1 profile is active: "dev"
2025-06-27 10:55:37.821 [restartedMain] [INFO] o.s.b.d.e.DevToolsPropertyDefaultsPostProcessor - Devtools property defaults active! Set 'spring.devtools.add-properties' to 'false' to disable
2025-06-27 10:55:37.821 [restartedMain] [INFO] o.s.b.d.e.DevToolsPropertyDefaultsPostProcessor - For additional web related logging consider setting the 'logging.level.web' property to 'DEBUG'
2025-06-27 10:55:38.956 [restartedMain] [INFO] o.s.d.r.c.RepositoryConfigurationDelegate - Multiple Spring Data modules found, entering strict repository configuration mode
2025-06-27 10:55:38.957 [restartedMain] [INFO] o.s.d.r.c.RepositoryConfigurationDelegate - Bootstrapping Spring Data JPA repositories in DEFAULT mode.
2025-06-27 10:55:39.090 [restartedMain] [INFO] o.s.d.r.c.RepositoryConfigurationDelegate - Finished Spring Data repository scanning in 125 ms. Found 5 JPA repository interfaces.
2025-06-27 10:55:39.100 [restartedMain] [INFO] o.s.d.r.c.RepositoryConfigurationDelegate - Multiple Spring Data modules found, entering strict repository configuration mode
2025-06-27 10:55:39.101 [restartedMain] [INFO] o.s.d.r.c.RepositoryConfigurationDelegate - Bootstrapping Spring Data Redis repositories in DEFAULT mode.
2025-06-27 10:55:39.116 [restartedMain] [INFO] o.s.d.r.c.RepositoryConfigurationExtensionSupport - Spring Data Redis - Could not safely identify store assignment for repository candidate interface org.example.backendproject.Auth.repository.AuthRepository; If you want this repository to be a Redis repository, consider annotating your entities with one of these annotations: org.springframework.data.redis.core.RedisHash (preferred), or consider extending one of the following types with your repository: org.springframework.data.keyvalue.repository.KeyValueRepository
2025-06-27 10:55:39.118 [restartedMain] [INFO] o.s.d.r.c.RepositoryConfigurationExtensionSupport - Spring Data Redis - Could not safely identify store assignment for repository candidate interface org.example.backendproject.board.repository.BoardRepository; If you want this repository to be a Redis repository, consider annotating your entities with one of these annotations: org.springframework.data.redis.core.RedisHash (preferred), or consider extending one of the following types with your repository: org.springframework.data.keyvalue.repository.KeyValueRepository
2025-06-27 10:55:39.119 [restartedMain] [INFO] o.s.d.r.c.RepositoryConfigurationExtensionSupport - Spring Data Redis - Could not safely identify store assignment for repository candidate interface org.example.backendproject.comment.repository.CommentRepository; If you want this repository to be a Redis repository, consider annotating your entities with one of these annotations: org.springframework.data.redis.core.RedisHash (preferred), or consider extending one of the following types with your repository: org.springframework.data.keyvalue.repository.KeyValueRepository
2025-06-27 10:55:39.119 [restartedMain] [INFO] o.s.d.r.c.RepositoryConfigurationExtensionSupport - Spring Data Redis - Could not safely identify store assignment for repository candidate interface org.example.backendproject.purewebsocket.room.repository.RoomRepository; If you want this repository to be a Redis repository, consider annotating your entities with one of these annotations: org.springframework.data.redis.core.RedisHash (preferred), or consider extending one of the following types with your repository: org.springframework.data.keyvalue.repository.KeyValueRepository
2025-06-27 10:55:39.120 [restartedMain] [INFO] o.s.d.r.c.RepositoryConfigurationExtensionSupport - Spring Data Redis - Could not safely identify store assignment for repository candidate interface org.example.backendproject.user.repository.UserRepository; If you want this repository to be a Redis repository, consider annotating your entities with one of these annotations: org.springframework.data.redis.core.RedisHash (preferred), or consider extending one of the following types with your repository: org.springframework.data.keyvalue.repository.KeyValueRepository
2025-06-27 10:55:39.120 [restartedMain] [INFO] o.s.d.r.c.RepositoryConfigurationDelegate - Finished Spring Data repository scanning in 11 ms. Found 0 Redis repository interfaces.
2025-06-27 10:55:39.728 [restartedMain] [INFO] o.s.b.w.e.t.TomcatWebServer - Tomcat initialized with port 8080 (http)
2025-06-27 10:55:39.740 [restartedMain] [INFO] o.a.c.h.Http11NioProtocol - Initializing ProtocolHandler ["http-nio-8080"]
2025-06-27 10:55:39.742 [restartedMain] [INFO] o.a.c.c.StandardService - Starting service [Tomcat]
2025-06-27 10:55:39.742 [restartedMain] [INFO] o.a.c.c.StandardEngine - Starting Servlet engine: [Apache Tomcat/10.1.41]
2025-06-27 10:55:39.791 [restartedMain] [INFO] o.a.c.c.C.[.[.[/] - Initializing Spring embedded WebApplicationContext
2025-06-27 10:55:39.792 [restartedMain] [INFO] o.s.b.w.s.c.ServletWebServerApplicationContext - Root WebApplicationContext: initialization completed in 1969 ms
2025-06-27 10:55:40.009 [restartedMain] [INFO] o.h.j.i.u.LogHelper - HHH000204: Processing PersistenceUnitInfo [name: default]
2025-06-27 10:55:40.052 [restartedMain] [INFO] o.h.Version - HHH000412: Hibernate ORM core version 6.6.15.Final
2025-06-27 10:55:40.081 [restartedMain] [INFO] o.h.c.i.RegionFactoryInitiator - HHH000026: Second-level cache disabled
2025-06-27 10:55:40.346 [restartedMain] [INFO] o.s.o.j.p.SpringPersistenceUnitInfo - No LoadTimeWeaver setup: ignoring JPA class transformer
2025-06-27 10:55:40.369 [restartedMain] [INFO] c.z.h.HikariDataSource - HikariPool-1 - Starting...
2025-06-27 10:55:40.602 [restartedMain] [INFO] c.z.h.p.HikariPool - HikariPool-1 - Added connection com.mysql.cj.jdbc.ConnectionImpl@163db0f1
2025-06-27 10:55:40.604 [restartedMain] [INFO] c.z.h.HikariDataSource - HikariPool-1 - Start completed.
2025-06-27 10:55:40.643 [restartedMain] [WARN] o.h.o.deprecation - HHH90000025: MySQL8Dialect does not need to be specified explicitly using 'hibernate.dialect' (remove the property setting and it will be selected by default)
2025-06-27 10:55:40.643 [restartedMain] [WARN] o.h.o.deprecation - HHH90000026: MySQL8Dialect has been deprecated; use org.hibernate.dialect.MySQLDialect instead
2025-06-27 10:55:40.662 [restartedMain] [INFO] o.h.o.c.pooling - HHH10001005: Database info:
	Database JDBC URL [Connecting through datasource 'HikariDataSource (HikariPool-1)']
	Database driver: undefined/unknown
	Database version: 8.0
	Autocommit mode: undefined/unknown
	Isolation level: undefined/unknown
	Minimum pool size: undefined/unknown
	Maximum pool size: undefined/unknown
2025-06-27 10:55:41.559 [restartedMain] [INFO] o.h.e.t.j.p.i.JtaPlatformInitiator - HHH000489: No JTA platform available (set 'hibernate.transaction.jta.platform' to enable JTA platform integration)
2025-06-27 10:55:41.664 [restartedMain] [INFO] o.s.o.j.LocalContainerEntityManagerFactoryBean - Initialized JPA EntityManagerFactory for persistence unit 'default'
2025-06-27 10:55:42.291 [restartedMain] [INFO] o.s.d.j.r.q.QueryEnhancerFactory - Hibernate is in classpath; If applicable, HQL parser will be used.
2025-06-27 10:55:42.941 [restartedMain] [WARN] o.s.b.a.o.j.JpaBaseConfiguration$JpaWebConfiguration - spring.jpa.open-in-view is enabled by default. Therefore, database queries may be performed during view rendering. Explicitly configure spring.jpa.open-in-view to disable this warning
2025-06-27 10:55:42.994 [restartedMain] [INFO] o.s.b.a.w.s.WelcomePageHandlerMapping - Adding welcome page: class path resource [static/index.html]
2025-06-27 10:55:43.248 [restartedMain] [INFO] o.s.b.a.e.w.EndpointLinksResolver - Exposing 14 endpoints beneath base path '/actuator'
2025-06-27 10:55:43.283 [restartedMain] [WARN] o.s.s.c.a.a.c.InitializeUserDetailsBeanManagerConfigurer$InitializeUserDetailsManagerConfigurer - Found 2 UserDetailsService beans, with names [customUserDetailService, customUserDetailsService]. Global Authentication Manager will not use a UserDetailsService for username/password login. Consider publishing a single UserDetailsService bean.
2025-06-27 10:55:43.747 [restartedMain] [INFO] o.s.b.d.a.OptionalLiveReloadServer - LiveReload server is running on port 35729
2025-06-27 10:55:43.794 [restartedMain] [INFO] o.s.m.s.b.SimpleBrokerMessageHandler - Starting...
2025-06-27 10:55:43.794 [restartedMain] [INFO] o.s.m.s.b.SimpleBrokerMessageHandler - BrokerAvailabilityEvent[available=true, SimpleBrokerMessageHandler [org.springframework.messaging.simp.broker.DefaultSubscriptionRegistry@7c9100d9]]
2025-06-27 10:55:43.795 [restartedMain] [INFO] o.s.m.s.b.SimpleBrokerMessageHandler - Started.
2025-06-27 10:55:43.795 [restartedMain] [INFO] o.a.c.h.Http11NioProtocol - Starting ProtocolHandler ["http-nio-8080"]
2025-06-27 10:55:43.810 [restartedMain] [INFO] o.s.b.w.e.t.TomcatWebServer - Tomcat started on port 8080 (http) with context path '/'
2025-06-27 10:55:44.232 [restartedMain] [INFO] o.e.b.BackendProjectApplication - Started BackendProjectApplication in 7.027 seconds (process running for 7.615)
2025-06-27 10:55:44.398 [RMI TCP Connection(3)-172.31.98.113] [INFO] o.a.c.c.C.[.[.[/] - Initializing Spring DispatcherServlet 'dispatcherServlet'
2025-06-27 10:55:44.399 [RMI TCP Connection(3)-172.31.98.113] [INFO] o.s.w.s.DispatcherServlet - Initializing Servlet 'dispatcherServlet'
2025-06-27 10:55:44.400 [RMI TCP Connection(3)-172.31.98.113] [INFO] o.s.w.s.DispatcherServlet - Completed initialization in 1 ms
2025-06-27 10:55:45.380 [http-nio-8080-exec-1] [INFO] o.e.b.s.j.JwtTokenFilter - ❌ 토큰 없음 또는 유효하지 않음: null
2025-06-27 10:55:50.287 [http-nio-8080-exec-3] [INFO] o.e.b.s.j.JwtTokenFilter - ❌ 토큰 없음 또는 유효하지 않음: null
2025-06-27 10:55:55.285 [http-nio-8080-exec-5] [INFO] o.e.b.s.j.JwtTokenFilter - ❌ 토큰 없음 또는 유효하지 않음: null
2025-06-27 10:56:00.289 [http-nio-8080-exec-4] [INFO] o.e.b.s.j.JwtTokenFilter - ❌ 토큰 없음 또는 유효하지 않음: null
2025-06-27 10:56:05.285 [http-nio-8080-exec-6] [INFO] o.e.b.s.j.JwtTokenFilter - ❌ 토큰 없음 또는 유효하지 않음: null
2025-06-27 10:56:10.284 [http-nio-8080-exec-2] [INFO] o.e.b.s.j.JwtTokenFilter - ❌ 토큰 없음 또는 유효하지 않음: null
2025-06-27 10:56:15.288 [http-nio-8080-exec-7] [INFO] o.e.b.s.j.JwtTokenFilter - ❌ 토큰 없음 또는 유효하지 않음: null
2025-06-27 10:56:20.285 [http-nio-8080-exec-8] [INFO] o.e.b.s.j.JwtTokenFilter - ❌ 토큰 없음 또는 유효하지 않음: null
2025-06-27 10:56:25.284 [http-nio-8080-exec-9] [INFO] o.e.b.s.j.JwtTokenFilter - ❌ 토큰 없음 또는 유효하지 않음: null
2025-06-27 10:56:30.282 [http-nio-8080-exec-10] [INFO] o.e.b.s.j.JwtTokenFilter - ❌ 토큰 없음 또는 유효하지 않음: null
2025-06-27 10:56:35.282 [http-nio-8080-exec-1] [INFO] o.e.b.s.j.JwtTokenFilter - ❌ 토큰 없음 또는 유효하지 않음: null
2025-06-27 10:56:40.284 [http-nio-8080-exec-3] [INFO] o.e.b.s.j.JwtTokenFilter - ❌ 토큰 없음 또는 유효하지 않음: null
2025-06-27 10:56:43.768 [MessageBroker-1] [INFO] o.s.w.s.c.WebSocketMessageBrokerStats - WebSocketSession[0 current WS(0)-HttpStream(0)-HttpPoll(0), 0 total, 0 closed abnormally (0 connect failure, 0 send limit, 0 transport error)], stompSubProtocol[processed CONNECT(0)-CONNECTED(0)-DISCONNECT(0)], stompBrokerRelay[null], inboundChannel[pool size = 0, active threads = 0, queued tasks = 0, completed tasks = 0], outboundChannel[pool size = 0, active threads = 0, queued tasks = 0, completed tasks = 0], sockJsScheduler[pool size = 1, active threads = 1, queued tasks = 0, completed tasks = 0]
2025-06-27 10:56:45.281 [http-nio-8080-exec-5] [INFO] o.e.b.s.j.JwtTokenFilter - ❌ 토큰 없음 또는 유효하지 않음: null
2025-06-27 10:56:50.281 [http-nio-8080-exec-4] [INFO] o.e.b.s.j.JwtTokenFilter - ❌ 토큰 없음 또는 유효하지 않음: null
2025-06-27 10:56:55.281 [http-nio-8080-exec-6] [INFO] o.e.b.s.j.JwtTokenFilter - ❌ 토큰 없음 또는 유효하지 않음: null
2025-06-27 10:57:00.280 [http-nio-8080-exec-2] [INFO] o.e.b.s.j.JwtTokenFilter - ❌ 토큰 없음 또는 유효하지 않음: null
2025-06-27 10:57:05.278 [http-nio-8080-exec-7] [INFO] o.e.b.s.j.JwtTokenFilter - ❌ 토큰 없음 또는 유효하지 않음: null
2025-06-27 10:57:10.278 [http-nio-8080-exec-8] [INFO] o.e.b.s.j.JwtTokenFilter - ❌ 토큰 없음 또는 유효하지 않음: null
2025-06-27 10:57:15.278 [http-nio-8080-exec-9] [INFO] o.e.b.s.j.JwtTokenFilter - ❌ 토큰 없음 또는 유효하지 않음: null
2025-06-27 10:57:20.280 [http-nio-8080-exec-10] [INFO] o.e.b.s.j.JwtTokenFilter - ❌ 토큰 없음 또는 유효하지 않음: null
2025-06-27 10:57:25.278 [http-nio-8080-exec-1] [INFO] o.e.b.s.j.JwtTokenFilter - ❌ 토큰 없음 또는 유효하지 않음: null
2025-06-27 10:57:30.279 [http-nio-8080-exec-3] [INFO] o.e.b.s.j.JwtTokenFilter - ❌ 토큰 없음 또는 유효하지 않음: null
2025-06-27 10:57:35.278 [http-nio-8080-exec-5] [INFO] o.e.b.s.j.JwtTokenFilter - ❌ 토큰 없음 또는 유효하지 않음: null
2025-06-27 10:57:40.277 [http-nio-8080-exec-4] [INFO] o.e.b.s.j.JwtTokenFilter - ❌ 토큰 없음 또는 유효하지 않음: null
2025-06-27 10:57:45.277 [http-nio-8080-exec-6] [INFO] o.e.b.s.j.JwtTokenFilter - ❌ 토큰 없음 또는 유효하지 않음: null
2025-06-27 10:57:50.275 [http-nio-8080-exec-2] [INFO] o.e.b.s.j.JwtTokenFilter - ❌ 토큰 없음 또는 유효하지 않음: null
2025-06-27 10:57:55.276 [http-nio-8080-exec-7] [INFO] o.e.b.s.j.JwtTokenFilter - ❌ 토큰 없음 또는 유효하지 않음: null
2025-06-27 10:58:00.277 [http-nio-8080-exec-8] [INFO] o.e.b.s.j.JwtTokenFilter - ❌ 토큰 없음 또는 유효하지 않음: null
2025-06-27 10:58:05.278 [http-nio-8080-exec-9] [INFO] o.e.b.s.j.JwtTokenFilter - ❌ 토큰 없음 또는 유효하지 않음: null
2025-06-27 10:58:10.273 [http-nio-8080-exec-10] [INFO] o.e.b.s.j.JwtTokenFilter - ❌ 토큰 없음 또는 유효하지 않음: null
2025-06-27 10:58:15.278 [http-nio-8080-exec-1] [INFO] o.e.b.s.j.JwtTokenFilter - ❌ 토큰 없음 또는 유효하지 않음: null
2025-06-27 10:58:20.272 [http-nio-8080-exec-3] [INFO] o.e.b.s.j.JwtTokenFilter - ❌ 토큰 없음 또는 유효하지 않음: null
2025-06-27 10:58:25.274 [http-nio-8080-exec-5] [INFO] o.e.b.s.j.JwtTokenFilter - ❌ 토큰 없음 또는 유효하지 않음: null
2025-06-27 10:58:30.273 [http-nio-8080-exec-4] [INFO] o.e.b.s.j.JwtTokenFilter - ❌ 토큰 없음 또는 유효하지 않음: null
2025-06-27 10:58:35.272 [http-nio-8080-exec-6] [INFO] o.e.b.s.j.JwtTokenFilter - ❌ 토큰 없음 또는 유효하지 않음: null
2025-06-27 10:58:40.272 [http-nio-8080-exec-2] [INFO] o.e.b.s.j.JwtTokenFilter - ❌ 토큰 없음 또는 유효하지 않음: null
2025-06-27 10:58:45.271 [http-nio-8080-exec-7] [INFO] o.e.b.s.j.JwtTokenFilter - ❌ 토큰 없음 또는 유효하지 않음: null
2025-06-27 10:58:50.269 [http-nio-8080-exec-8] [INFO] o.e.b.s.j.JwtTokenFilter - ❌ 토큰 없음 또는 유효하지 않음: null
2025-06-27 10:58:55.270 [http-nio-8080-exec-9] [INFO] o.e.b.s.j.JwtTokenFilter - ❌ 토큰 없음 또는 유효하지 않음: null
2025-06-27 10:59:00.269 [http-nio-8080-exec-10] [INFO] o.e.b.s.j.JwtTokenFilter - ❌ 토큰 없음 또는 유효하지 않음: null
2025-06-27 10:59:05.269 [http-nio-8080-exec-1] [INFO] o.e.b.s.j.JwtTokenFilter - ❌ 토큰 없음 또는 유효하지 않음: null
2025-06-27 10:59:10.269 [http-nio-8080-exec-3] [INFO] o.e.b.s.j.JwtTokenFilter - ❌ 토큰 없음 또는 유효하지 않음: null
2025-06-27 10:59:15.267 [http-nio-8080-exec-5] [INFO] o.e.b.s.j.JwtTokenFilter - ❌ 토큰 없음 또는 유효하지 않음: null
2025-06-27 10:59:20.267 [http-nio-8080-exec-4] [INFO] o.e.b.s.j.JwtTokenFilter - ❌ 토큰 없음 또는 유효하지 않음: null
2025-06-27 10:59:25.274 [http-nio-8080-exec-6] [INFO] o.e.b.s.j.JwtTokenFilter - ❌ 토큰 없음 또는 유효하지 않음: null
2025-06-27 10:59:30.268 [http-nio-8080-exec-2] [INFO] o.e.b.s.j.JwtTokenFilter - ❌ 토큰 없음 또는 유효하지 않음: null
2025-06-27 10:59:35.268 [http-nio-8080-exec-7] [INFO] o.e.b.s.j.JwtTokenFilter - ❌ 토큰 없음 또는 유효하지 않음: null
2025-06-27 10:59:40.267 [http-nio-8080-exec-8] [INFO] o.e.b.s.j.JwtTokenFilter - ❌ 토큰 없음 또는 유효하지 않음: null
2025-06-27 10:59:45.265 [http-nio-8080-exec-9] [INFO] o.e.b.s.j.JwtTokenFilter - ❌ 토큰 없음 또는 유효하지 않음: null
2025-06-27 10:59:50.264 [http-nio-8080-exec-10] [INFO] o.e.b.s.j.JwtTokenFilter - ❌ 토큰 없음 또는 유효하지 않음: null
2025-06-27 10:59:55.266 [http-nio-8080-exec-1] [INFO] o.e.b.s.j.JwtTokenFilter - ❌ 토큰 없음 또는 유효하지 않음: null
2025-06-27 11:00:00.264 [http-nio-8080-exec-3] [INFO] o.e.b.s.j.JwtTokenFilter - ❌ 토큰 없음 또는 유효하지 않음: null
2025-06-27 11:00:05.262 [http-nio-8080-exec-5] [INFO] o.e.b.s.j.JwtTokenFilter - ❌ 토큰 없음 또는 유효하지 않음: null
2025-06-27 11:00:10.269 [http-nio-8080-exec-4] [INFO] o.e.b.s.j.JwtTokenFilter - ❌ 토큰 없음 또는 유효하지 않음: null
2025-06-27 11:00:15.263 [http-nio-8080-exec-6] [INFO] o.e.b.s.j.JwtTokenFilter - ❌ 토큰 없음 또는 유효하지 않음: null
2025-06-27 11:00:20.265 [http-nio-8080-exec-2] [INFO] o.e.b.s.j.JwtTokenFilter - ❌ 토큰 없음 또는 유효하지 않음: null
2025-06-27 11:00:25.263 [http-nio-8080-exec-7] [INFO] o.e.b.s.j.JwtTokenFilter - ❌ 토큰 없음 또는 유효하지 않음: null
2025-06-27 11:00:30.261 [http-nio-8080-exec-8] [INFO] o.e.b.s.j.JwtTokenFilter - ❌ 토큰 없음 또는 유효하지 않음: null
2025-06-27 11:00:35.261 [http-nio-8080-exec-9] [INFO] o.e.b.s.j.JwtTokenFilter - ❌ 토큰 없음 또는 유효하지 않음: null
2025-06-27 11:00:40.262 [http-nio-8080-exec-10] [INFO] o.e.b.s.j.JwtTokenFilter - ❌ 토큰 없음 또는 유효하지 않음: null
2025-06-27 11:00:45.261 [http-nio-8080-exec-1] [INFO] o.e.b.s.j.JwtTokenFilter - ❌ 토큰 없음 또는 유효하지 않음: null
2025-06-27 11:00:50.259 [http-nio-8080-exec-3] [INFO] o.e.b.s.j.JwtTokenFilter - ❌ 토큰 없음 또는 유효하지 않음: null
2025-06-27 11:00:55.275 [http-nio-8080-exec-5] [INFO] o.e.b.s.j.JwtTokenFilter - ❌ 토큰 없음 또는 유효하지 않음: null
2025-06-27 11:01:00.263 [http-nio-8080-exec-4] [INFO] o.e.b.s.j.JwtTokenFilter - ❌ 토큰 없음 또는 유효하지 않음: null
2025-06-27 11:01:05.263 [http-nio-8080-exec-6] [INFO] o.e.b.s.j.JwtTokenFilter - ❌ 토큰 없음 또는 유효하지 않음: null
2025-06-27 11:01:10.259 [http-nio-8080-exec-2] [INFO] o.e.b.s.j.JwtTokenFilter - ❌ 토큰 없음 또는 유효하지 않음: null
2025-06-27 11:01:15.258 [http-nio-8080-exec-7] [INFO] o.e.b.s.j.JwtTokenFilter - ❌ 토큰 없음 또는 유효하지 않음: null
2025-06-27 11:01:20.266 [http-nio-8080-exec-8] [INFO] o.e.b.s.j.JwtTokenFilter - ❌ 토큰 없음 또는 유효하지 않음: null
2025-06-27 11:01:25.259 [http-nio-8080-exec-9] [INFO] o.e.b.s.j.JwtTokenFilter - ❌ 토큰 없음 또는 유효하지 않음: null
2025-06-27 11:01:30.258 [http-nio-8080-exec-10] [INFO] o.e.b.s.j.JwtTokenFilter - ❌ 토큰 없음 또는 유효하지 않음: null
2025-06-27 11:01:35.256 [http-nio-8080-exec-1] [INFO] o.e.b.s.j.JwtTokenFilter - ❌ 토큰 없음 또는 유효하지 않음: null
2025-06-27 11:01:40.255 [http-nio-8080-exec-3] [INFO] o.e.b.s.j.JwtTokenFilter - ❌ 토큰 없음 또는 유효하지 않음: null
2025-06-27 11:01:45.258 [http-nio-8080-exec-5] [INFO] o.e.b.s.j.JwtTokenFilter - ❌ 토큰 없음 또는 유효하지 않음: null
2025-06-27 11:01:50.257 [http-nio-8080-exec-4] [INFO] o.e.b.s.j.JwtTokenFilter - ❌ 토큰 없음 또는 유효하지 않음: null
2025-06-27 11:01:55.255 [http-nio-8080-exec-6] [INFO] o.e.b.s.j.JwtTokenFilter - ❌ 토큰 없음 또는 유효하지 않음: null
2025-06-27 11:02:00.255 [http-nio-8080-exec-2] [INFO] o.e.b.s.j.JwtTokenFilter - ❌ 토큰 없음 또는 유효하지 않음: null
2025-06-27 11:02:05.256 [http-nio-8080-exec-7] [INFO] o.e.b.s.j.JwtTokenFilter - ❌ 토큰 없음 또는 유효하지 않음: null
2025-06-27 11:02:10.253 [http-nio-8080-exec-8] [INFO] o.e.b.s.j.JwtTokenFilter - ❌ 토큰 없음 또는 유효하지 않음: null
2025-06-27 11:02:15.254 [http-nio-8080-exec-9] [INFO] o.e.b.s.j.JwtTokenFilter - ❌ 토큰 없음 또는 유효하지 않음: null
2025-06-27 11:02:20.255 [http-nio-8080-exec-10] [INFO] o.e.b.s.j.JwtTokenFilter - ❌ 토큰 없음 또는 유효하지 않음: null
2025-06-27 11:02:25.253 [http-nio-8080-exec-1] [INFO] o.e.b.s.j.JwtTokenFilter - ❌ 토큰 없음 또는 유효하지 않음: null
2025-06-27 11:02:30.251 [http-nio-8080-exec-3] [INFO] o.e.b.s.j.JwtTokenFilter - ❌ 토큰 없음 또는 유효하지 않음: null
2025-06-27 11:02:35.253 [http-nio-8080-exec-5] [INFO] o.e.b.s.j.JwtTokenFilter - ❌ 토큰 없음 또는 유효하지 않음: null
2025-06-27 11:02:40.250 [http-nio-8080-exec-4] [INFO] o.e.b.s.j.JwtTokenFilter - ❌ 토큰 없음 또는 유효하지 않음: null
2025-06-27 11:02:45.253 [http-nio-8080-exec-6] [INFO] o.e.b.s.j.JwtTokenFilter - ❌ 토큰 없음 또는 유효하지 않음: null
2025-06-27 11:02:50.252 [http-nio-8080-exec-2] [INFO] o.e.b.s.j.JwtTokenFilter - ❌ 토큰 없음 또는 유효하지 않음: null
2025-06-27 11:02:55.251 [http-nio-8080-exec-7] [INFO] o.e.b.s.j.JwtTokenFilter - ❌ 토큰 없음 또는 유효하지 않음: null
2025-06-27 11:03:00.249 [http-nio-8080-exec-8] [INFO] o.e.b.s.j.JwtTokenFilter - ❌ 토큰 없음 또는 유효하지 않음: null
2025-06-27 11:03:05.252 [http-nio-8080-exec-9] [INFO] o.e.b.s.j.JwtTokenFilter - ❌ 토큰 없음 또는 유효하지 않음: null
2025-06-27 11:03:10.248 [http-nio-8080-exec-10] [INFO] o.e.b.s.j.JwtTokenFilter - ❌ 토큰 없음 또는 유효하지 않음: null
2025-06-27 11:03:15.249 [http-nio-8080-exec-1] [INFO] o.e.b.s.j.JwtTokenFilter - ❌ 토큰 없음 또는 유효하지 않음: null
2025-06-27 11:03:20.250 [http-nio-8080-exec-3] [INFO] o.e.b.s.j.JwtTokenFilter - ❌ 토큰 없음 또는 유효하지 않음: null
2025-06-27 11:03:25.249 [http-nio-8080-exec-5] [INFO] o.e.b.s.j.JwtTokenFilter - ❌ 토큰 없음 또는 유효하지 않음: null
2025-06-27 11:03:30.246 [http-nio-8080-exec-4] [INFO] o.e.b.s.j.JwtTokenFilter - ❌ 토큰 없음 또는 유효하지 않음: null
2025-06-27 11:03:35.248 [http-nio-8080-exec-6] [INFO] o.e.b.s.j.JwtTokenFilter - ❌ 토큰 없음 또는 유효하지 않음: null
2025-06-27 11:03:40.246 [http-nio-8080-exec-2] [INFO] o.e.b.s.j.JwtTokenFilter - ❌ 토큰 없음 또는 유효하지 않음: null
2025-06-27 11:03:45.247 [http-nio-8080-exec-7] [INFO] o.e.b.s.j.JwtTokenFilter - ❌ 토큰 없음 또는 유효하지 않음: null
2025-06-27 11:03:50.247 [http-nio-8080-exec-8] [INFO] o.e.b.s.j.JwtTokenFilter - ❌ 토큰 없음 또는 유효하지 않음: null
2025-06-27 11:03:55.245 [http-nio-8080-exec-9] [INFO] o.e.b.s.j.JwtTokenFilter - ❌ 토큰 없음 또는 유효하지 않음: null
2025-06-27 11:04:00.248 [http-nio-8080-exec-10] [INFO] o.e.b.s.j.JwtTokenFilter - ❌ 토큰 없음 또는 유효하지 않음: null
2025-06-27 11:04:05.259 [http-nio-8080-exec-1] [INFO] o.e.b.s.j.JwtTokenFilter - ❌ 토큰 없음 또는 유효하지 않음: null
2025-06-27 11:04:10.246 [http-nio-8080-exec-3] [INFO] o.e.b.s.j.JwtTokenFilter - ❌ 토큰 없음 또는 유효하지 않음: null
2025-06-27 11:04:15.244 [http-nio-8080-exec-5] [INFO] o.e.b.s.j.JwtTokenFilter - ❌ 토큰 없음 또는 유효하지 않음: null
2025-06-27 11:04:20.248 [http-nio-8080-exec-4] [INFO] o.e.b.s.j.JwtTokenFilter - ❌ 토큰 없음 또는 유효하지 않음: null
2025-06-27 11:04:25.245 [http-nio-8080-exec-6] [INFO] o.e.b.s.j.JwtTokenFilter - ❌ 토큰 없음 또는 유효하지 않음: null
2025-06-27 11:04:30.244 [http-nio-8080-exec-2] [INFO] o.e.b.s.j.JwtTokenFilter - ❌ 토큰 없음 또는 유효하지 않음: null
2025-06-27 11:04:35.241 [http-nio-8080-exec-7] [INFO] o.e.b.s.j.JwtTokenFilter - ❌ 토큰 없음 또는 유효하지 않음: null
2025-06-27 11:04:40.244 [http-nio-8080-exec-8] [INFO] o.e.b.s.j.JwtTokenFilter - ❌ 토큰 없음 또는 유효하지 않음: null
2025-06-27 11:04:45.242 [http-nio-8080-exec-9] [INFO] o.e.b.s.j.JwtTokenFilter - ❌ 토큰 없음 또는 유효하지 않음: null
2025-06-27 11:04:50.240 [http-nio-8080-exec-10] [INFO] o.e.b.s.j.JwtTokenFilter - ❌ 토큰 없음 또는 유효하지 않음: null
2025-06-27 11:04:55.242 [http-nio-8080-exec-1] [INFO] o.e.b.s.j.JwtTokenFilter - ❌ 토큰 없음 또는 유효하지 않음: null
2025-06-27 11:05:00.239 [http-nio-8080-exec-3] [INFO] o.e.b.s.j.JwtTokenFilter - ❌ 토큰 없음 또는 유효하지 않음: null
2025-06-27 11:05:05.240 [http-nio-8080-exec-5] [INFO] o.e.b.s.j.JwtTokenFilter - ❌ 토큰 없음 또는 유효하지 않음: null
2025-06-27 11:05:10.240 [http-nio-8080-exec-4] [INFO] o.e.b.s.j.JwtTokenFilter - ❌ 토큰 없음 또는 유효하지 않음: null
2025-06-27 11:05:15.238 [http-nio-8080-exec-6] [INFO] o.e.b.s.j.JwtTokenFilter - ❌ 토큰 없음 또는 유효하지 않음: null
2025-06-27 11:05:20.237 [http-nio-8080-exec-2] [INFO] o.e.b.s.j.JwtTokenFilter - ❌ 토큰 없음 또는 유효하지 않음: null
2025-06-27 11:05:25.237 [http-nio-8080-exec-7] [INFO] o.e.b.s.j.JwtTokenFilter - ❌ 토큰 없음 또는 유효하지 않음: null
2025-06-27 11:05:30.238 [http-nio-8080-exec-8] [INFO] o.e.b.s.j.JwtTokenFilter - ❌ 토큰 없음 또는 유효하지 않음: null
2025-06-27 11:05:35.237 [http-nio-8080-exec-9] [INFO] o.e.b.s.j.JwtTokenFilter - ❌ 토큰 없음 또는 유효하지 않음: null
2025-06-27 11:05:40.236 [http-nio-8080-exec-10] [INFO] o.e.b.s.j.JwtTokenFilter - ❌ 토큰 없음 또는 유효하지 않음: null
2025-06-27 11:05:45.237 [http-nio-8080-exec-1] [INFO] o.e.b.s.j.JwtTokenFilter - ❌ 토큰 없음 또는 유효하지 않음: null
2025-06-27 11:05:50.236 [http-nio-8080-exec-3] [INFO] o.e.b.s.j.JwtTokenFilter - ❌ 토큰 없음 또는 유효하지 않음: null
2025-06-27 11:05:55.236 [http-nio-8080-exec-5] [INFO] o.e.b.s.j.JwtTokenFilter - ❌ 토큰 없음 또는 유효하지 않음: null
2025-06-27 11:06:00.236 [http-nio-8080-exec-4] [INFO] o.e.b.s.j.JwtTokenFilter - ❌ 토큰 없음 또는 유효하지 않음: null
2025-06-27 11:06:05.235 [http-nio-8080-exec-6] [INFO] o.e.b.s.j.JwtTokenFilter - ❌ 토큰 없음 또는 유효하지 않음: null
2025-06-27 11:06:10.234 [http-nio-8080-exec-2] [INFO] o.e.b.s.j.JwtTokenFilter - ❌ 토큰 없음 또는 유효하지 않음: null
2025-06-27 11:06:15.234 [http-nio-8080-exec-7] [INFO] o.e.b.s.j.JwtTokenFilter - ❌ 토큰 없음 또는 유효하지 않음: null
2025-06-27 11:06:20.233 [http-nio-8080-exec-8] [INFO] o.e.b.s.j.JwtTokenFilter - ❌ 토큰 없음 또는 유효하지 않음: null
2025-06-27 11:06:25.258 [http-nio-8080-exec-9] [INFO] o.e.b.s.j.JwtTokenFilter - ❌ 토큰 없음 또는 유효하지 않음: null
2025-06-27 11:06:30.232 [http-nio-8080-exec-10] [INFO] o.e.b.s.j.JwtTokenFilter - ❌ 토큰 없음 또는 유효하지 않음: null
2025-06-27 11:06:35.233 [http-nio-8080-exec-1] [INFO] o.e.b.s.j.JwtTokenFilter - ❌ 토큰 없음 또는 유효하지 않음: null
2025-06-27 11:06:40.235 [http-nio-8080-exec-3] [INFO] o.e.b.s.j.JwtTokenFilter - ❌ 토큰 없음 또는 유효하지 않음: null
2025-06-27 11:06:45.233 [http-nio-8080-exec-5] [INFO] o.e.b.s.j.JwtTokenFilter - ❌ 토큰 없음 또는 유효하지 않음: null
2025-06-27 11:06:50.234 [http-nio-8080-exec-4] [INFO] o.e.b.s.j.JwtTokenFilter - ❌ 토큰 없음 또는 유효하지 않음: null
2025-06-27 11:06:55.231 [http-nio-8080-exec-6] [INFO] o.e.b.s.j.JwtTokenFilter - ❌ 토큰 없음 또는 유효하지 않음: null
2025-06-27 11:07:00.230 [http-nio-8080-exec-2] [INFO] o.e.b.s.j.JwtTokenFilter - ❌ 토큰 없음 또는 유효하지 않음: null
2025-06-27 11:07:05.230 [http-nio-8080-exec-7] [INFO] o.e.b.s.j.JwtTokenFilter - ❌ 토큰 없음 또는 유효하지 않음: null
2025-06-27 11:07:10.232 [http-nio-8080-exec-8] [INFO] o.e.b.s.j.JwtTokenFilter - ❌ 토큰 없음 또는 유효하지 않음: null
2025-06-27 11:07:15.249 [http-nio-8080-exec-9] [INFO] o.e.b.s.j.JwtTokenFilter - ❌ 토큰 없음 또는 유효하지 않음: null
2025-06-27 11:07:20.230 [http-nio-8080-exec-10] [INFO] o.e.b.s.j.JwtTokenFilter - ❌ 토큰 없음 또는 유효하지 않음: null
2025-06-27 11:07:25.230 [http-nio-8080-exec-1] [INFO] o.e.b.s.j.JwtTokenFilter - ❌ 토큰 없음 또는 유효하지 않음: null
2025-06-27 11:07:30.236 [http-nio-8080-exec-3] [INFO] o.e.b.s.j.JwtTokenFilter - ❌ 토큰 없음 또는 유효하지 않음: null
2025-06-27 11:07:35.228 [http-nio-8080-exec-5] [INFO] o.e.b.s.j.JwtTokenFilter - ❌ 토큰 없음 또는 유효하지 않음: null
2025-06-27 11:07:40.228 [http-nio-8080-exec-4] [INFO] o.e.b.s.j.JwtTokenFilter - ❌ 토큰 없음 또는 유효하지 않음: null
2025-06-27 11:07:45.229 [http-nio-8080-exec-6] [INFO] o.e.b.s.j.JwtTokenFilter - ❌ 토큰 없음 또는 유효하지 않음: null
2025-06-27 11:07:50.228 [http-nio-8080-exec-2] [INFO] o.e.b.s.j.JwtTokenFilter - ❌ 토큰 없음 또는 유효하지 않음: null
2025-06-27 11:07:55.230 [http-nio-8080-exec-7] [INFO] o.e.b.s.j.JwtTokenFilter - ❌ 토큰 없음 또는 유효하지 않음: null
2025-06-27 11:08:00.264 [http-nio-8080-exec-8] [INFO] o.e.b.s.j.JwtTokenFilter - ❌ 토큰 없음 또는 유효하지 않음: null
2025-06-27 11:08:05.227 [http-nio-8080-exec-9] [INFO] o.e.b.s.j.JwtTokenFilter - ❌ 토큰 없음 또는 유효하지 않음: null
2025-06-27 11:08:10.243 [http-nio-8080-exec-10] [INFO] o.e.b.s.j.JwtTokenFilter - ❌ 토큰 없음 또는 유효하지 않음: null
2025-06-27 11:08:15.226 [http-nio-8080-exec-1] [INFO] o.e.b.s.j.JwtTokenFilter - ❌ 토큰 없음 또는 유효하지 않음: null
2025-06-27 11:08:20.225 [http-nio-8080-exec-3] [INFO] o.e.b.s.j.JwtTokenFilter - ❌ 토큰 없음 또는 유효하지 않음: null
2025-06-27 11:08:25.228 [http-nio-8080-exec-5] [INFO] o.e.b.s.j.JwtTokenFilter - ❌ 토큰 없음 또는 유효하지 않음: null
2025-06-27 11:08:30.231 [http-nio-8080-exec-4] [INFO] o.e.b.s.j.JwtTokenFilter - ❌ 토큰 없음 또는 유효하지 않음: null
2025-06-27 11:08:35.233 [http-nio-8080-exec-6] [INFO] o.e.b.s.j.JwtTokenFilter - ❌ 토큰 없음 또는 유효하지 않음: null
2025-06-27 11:08:40.243 [http-nio-8080-exec-2] [INFO] o.e.b.s.j.JwtTokenFilter - ❌ 토큰 없음 또는 유효하지 않음: null
2025-06-27 11:08:45.231 [http-nio-8080-exec-7] [INFO] o.e.b.s.j.JwtTokenFilter - ❌ 토큰 없음 또는 유효하지 않음: null
2025-06-27 11:08:50.229 [http-nio-8080-exec-8] [INFO] o.e.b.s.j.JwtTokenFilter - ❌ 토큰 없음 또는 유효하지 않음: null
2025-06-27 11:08:55.281 [http-nio-8080-exec-9] [INFO] o.e.b.s.j.JwtTokenFilter - ❌ 토큰 없음 또는 유효하지 않음: null
2025-06-27 11:09:00.222 [http-nio-8080-exec-10] [INFO] o.e.b.s.j.JwtTokenFilter - ❌ 토큰 없음 또는 유효하지 않음: null
2025-06-27 11:09:05.222 [http-nio-8080-exec-1] [INFO] o.e.b.s.j.JwtTokenFilter - ❌ 토큰 없음 또는 유효하지 않음: null
2025-06-27 11:09:10.222 [http-nio-8080-exec-3] [INFO] o.e.b.s.j.JwtTokenFilter - ❌ 토큰 없음 또는 유효하지 않음: null
2025-06-27 11:09:15.220 [http-nio-8080-exec-5] [INFO] o.e.b.s.j.JwtTokenFilter - ❌ 토큰 없음 또는 유효하지 않음: null
2025-06-27 11:09:20.223 [http-nio-8080-exec-4] [INFO] o.e.b.s.j.JwtTokenFilter - ❌ 토큰 없음 또는 유효하지 않음: null
2025-06-27 11:09:25.220 [http-nio-8080-exec-6] [INFO] o.e.b.s.j.JwtTokenFilter - ❌ 토큰 없음 또는 유효하지 않음: null
2025-06-27 11:09:30.222 [http-nio-8080-exec-2] [INFO] o.e.b.s.j.JwtTokenFilter - ❌ 토큰 없음 또는 유효하지 않음: null
2025-06-27 11:09:35.219 [http-nio-8080-exec-7] [INFO] o.e.b.s.j.JwtTokenFilter - ❌ 토큰 없음 또는 유효하지 않음: null
2025-06-27 11:09:40.223 [http-nio-8080-exec-8] [INFO] o.e.b.s.j.JwtTokenFilter - ❌ 토큰 없음 또는 유효하지 않음: null
2025-06-27 11:09:45.235 [http-nio-8080-exec-9] [INFO] o.e.b.s.j.JwtTokenFilter - ❌ 토큰 없음 또는 유효하지 않음: null
2025-06-27 11:09:50.223 [http-nio-8080-exec-10] [INFO] o.e.b.s.j.JwtTokenFilter - ❌ 토큰 없음 또는 유효하지 않음: null
2025-06-27 11:09:55.393 [http-nio-8080-exec-3] [INFO] o.e.b.s.j.JwtTokenFilter - ❌ 토큰 없음 또는 유효하지 않음: null
2025-06-27 11:10:00.232 [http-nio-8080-exec-4] [INFO] o.e.b.s.j.JwtTokenFilter - ❌ 토큰 없음 또는 유효하지 않음: null
2025-06-27 11:10:05.259 [http-nio-8080-exec-6] [INFO] o.e.b.s.j.JwtTokenFilter - ❌ 토큰 없음 또는 유효하지 않음: null
2025-06-27 11:10:10.222 [http-nio-8080-exec-7] [INFO] o.e.b.s.j.JwtTokenFilter - ❌ 토큰 없음 또는 유효하지 않음: null
2025-06-27 11:10:15.218 [http-nio-8080-exec-8] [INFO] o.e.b.s.j.JwtTokenFilter - ❌ 토큰 없음 또는 유효하지 않음: null
2025-06-27 11:10:20.217 [http-nio-8080-exec-9] [INFO] o.e.b.s.j.JwtTokenFilter - ❌ 토큰 없음 또는 유효하지 않음: null
2025-06-27 11:10:25.216 [http-nio-8080-exec-10] [INFO] o.e.b.s.j.JwtTokenFilter - ❌ 토큰 없음 또는 유효하지 않음: null
2025-06-27 11:10:30.219 [http-nio-8080-exec-1] [INFO] o.e.b.s.j.JwtTokenFilter - ❌ 토큰 없음 또는 유효하지 않음: null
2025-06-27 11:10:31.074 [SpringApplicationShutdownHook] [INFO] o.s.b.w.e.t.GracefulShutdown - Commencing graceful shutdown. Waiting for active requests to complete
2025-06-27 11:10:32.234 [tomcat-shutdown] [INFO] o.s.b.w.e.t.GracefulShutdown - Graceful shutdown complete
2025-06-27 11:10:32.246 [SpringApplicationShutdownHook] [INFO] o.s.m.s.b.SimpleBrokerMessageHandler - Stopping...
2025-06-27 11:10:32.246 [SpringApplicationShutdownHook] [INFO] o.s.m.s.b.SimpleBrokerMessageHandler - BrokerAvailabilityEvent[available=false, SimpleBrokerMessageHandler [org.springframework.messaging.simp.broker.DefaultSubscriptionRegistry@7c9100d9]]
2025-06-27 11:10:32.247 [SpringApplicationShutdownHook] [INFO] o.s.m.s.b.SimpleBrokerMessageHandler - Stopped.
2025-06-27 11:10:32.442 [SpringApplicationShutdownHook] [INFO] o.s.o.j.LocalContainerEntityManagerFactoryBean - Closing JPA EntityManagerFactory for persistence unit 'default'
2025-06-27 11:10:32.456 [SpringApplicationShutdownHook] [INFO] c.z.h.HikariDataSource - HikariPool-1 - Shutdown initiated...
2025-06-27 11:10:32.482 [SpringApplicationShutdownHook] [INFO] c.z.h.HikariDataSource - HikariPool-1 - Shutdown completed.
2025-06-27 11:10:44.820 [restartedMain] [INFO] o.e.b.BackendProjectApplication - Starting BackendProjectApplication using Java 17.0.12 with PID 20916 (C:\backend5\backendProject\build\classes\java\main started by win11 in C:\backend5)
2025-06-27 11:10:44.827 [restartedMain] [INFO] o.e.b.BackendProjectApplication - The following 1 profile is active: "dev"
2025-06-27 11:10:45.062 [restartedMain] [INFO] o.s.b.d.e.DevToolsPropertyDefaultsPostProcessor - Devtools property defaults active! Set 'spring.devtools.add-properties' to 'false' to disable
2025-06-27 11:10:45.062 [restartedMain] [INFO] o.s.b.d.e.DevToolsPropertyDefaultsPostProcessor - For additional web related logging consider setting the 'logging.level.web' property to 'DEBUG'
2025-06-27 11:10:53.717 [restartedMain] [INFO] o.s.d.r.c.RepositoryConfigurationDelegate - Multiple Spring Data modules found, entering strict repository configuration mode
2025-06-27 11:10:53.739 [restartedMain] [INFO] o.s.d.r.c.RepositoryConfigurationDelegate - Bootstrapping Spring Data JPA repositories in DEFAULT mode.
2025-06-27 11:10:55.179 [restartedMain] [INFO] o.s.d.r.c.RepositoryConfigurationDelegate - Finished Spring Data repository scanning in 1378 ms. Found 5 JPA repository interfaces.
2025-06-27 11:10:55.308 [restartedMain] [INFO] o.s.d.r.c.RepositoryConfigurationDelegate - Multiple Spring Data modules found, entering strict repository configuration mode
2025-06-27 11:10:55.316 [restartedMain] [INFO] o.s.d.r.c.RepositoryConfigurationDelegate - Bootstrapping Spring Data Redis repositories in DEFAULT mode.
2025-06-27 11:10:55.495 [restartedMain] [INFO] o.s.d.r.c.RepositoryConfigurationExtensionSupport - Spring Data Redis - Could not safely identify store assignment for repository candidate interface org.example.backendproject.Auth.repository.AuthRepository; If you want this repository to be a Redis repository, consider annotating your entities with one of these annotations: org.springframework.data.redis.core.RedisHash (preferred), or consider extending one of the following types with your repository: org.springframework.data.keyvalue.repository.KeyValueRepository
2025-06-27 11:10:55.499 [restartedMain] [INFO] o.s.d.r.c.RepositoryConfigurationExtensionSupport - Spring Data Redis - Could not safely identify store assignment for repository candidate interface org.example.backendproject.board.repository.BoardRepository; If you want this repository to be a Redis repository, consider annotating your entities with one of these annotations: org.springframework.data.redis.core.RedisHash (preferred), or consider extending one of the following types with your repository: org.springframework.data.keyvalue.repository.KeyValueRepository
2025-06-27 11:10:55.500 [restartedMain] [INFO] o.s.d.r.c.RepositoryConfigurationExtensionSupport - Spring Data Redis - Could not safely identify store assignment for repository candidate interface org.example.backendproject.comment.repository.CommentRepository; If you want this repository to be a Redis repository, consider annotating your entities with one of these annotations: org.springframework.data.redis.core.RedisHash (preferred), or consider extending one of the following types with your repository: org.springframework.data.keyvalue.repository.KeyValueRepository
2025-06-27 11:10:55.504 [restartedMain] [INFO] o.s.d.r.c.RepositoryConfigurationExtensionSupport - Spring Data Redis - Could not safely identify store assignment for repository candidate interface org.example.backendproject.purewebsocket.room.repository.RoomRepository; If you want this repository to be a Redis repository, consider annotating your entities with one of these annotations: org.springframework.data.redis.core.RedisHash (preferred), or consider extending one of the following types with your repository: org.springframework.data.keyvalue.repository.KeyValueRepository
2025-06-27 11:10:55.505 [restartedMain] [INFO] o.s.d.r.c.RepositoryConfigurationExtensionSupport - Spring Data Redis - Could not safely identify store assignment for repository candidate interface org.example.backendproject.user.repository.UserRepository; If you want this repository to be a Redis repository, consider annotating your entities with one of these annotations: org.springframework.data.redis.core.RedisHash (preferred), or consider extending one of the following types with your repository: org.springframework.data.keyvalue.repository.KeyValueRepository
2025-06-27 11:10:55.510 [restartedMain] [INFO] o.s.d.r.c.RepositoryConfigurationDelegate - Finished Spring Data repository scanning in 137 ms. Found 0 Redis repository interfaces.
2025-06-27 11:10:59.533 [restartedMain] [INFO] o.s.b.w.e.t.TomcatWebServer - Tomcat initialized with port 8080 (http)
2025-06-27 11:10:59.591 [restartedMain] [INFO] o.a.c.h.Http11NioProtocol - Initializing ProtocolHandler ["http-nio-8080"]
2025-06-27 11:10:59.601 [restartedMain] [INFO] o.a.c.c.StandardService - Starting service [Tomcat]
2025-06-27 11:10:59.602 [restartedMain] [INFO] o.a.c.c.StandardEngine - Starting Servlet engine: [Apache Tomcat/10.1.41]
2025-06-27 11:10:59.841 [restartedMain] [INFO] o.a.c.c.C.[.[.[/] - Initializing Spring embedded WebApplicationContext
2025-06-27 11:10:59.842 [restartedMain] [INFO] o.s.b.w.s.c.ServletWebServerApplicationContext - Root WebApplicationContext: initialization completed in 14779 ms
2025-06-27 11:11:00.942 [restartedMain] [INFO] o.h.j.i.u.LogHelper - HHH000204: Processing PersistenceUnitInfo [name: default]
2025-06-27 11:11:01.264 [restartedMain] [INFO] o.h.Version - HHH000412: Hibernate ORM core version 6.6.15.Final
2025-06-27 11:11:01.411 [restartedMain] [INFO] o.h.c.i.RegionFactoryInitiator - HHH000026: Second-level cache disabled
2025-06-27 11:11:03.557 [restartedMain] [INFO] o.s.o.j.p.SpringPersistenceUnitInfo - No LoadTimeWeaver setup: ignoring JPA class transformer
2025-06-27 11:11:03.798 [restartedMain] [INFO] c.z.h.HikariDataSource - HikariPool-1 - Starting...
2025-06-27 11:11:05.105 [restartedMain] [INFO] c.z.h.p.HikariPool - HikariPool-1 - Added connection com.mysql.cj.jdbc.ConnectionImpl@6dda6732
2025-06-27 11:11:05.110 [restartedMain] [INFO] c.z.h.HikariDataSource - HikariPool-1 - Start completed.
2025-06-27 11:11:05.247 [restartedMain] [WARN] o.h.o.deprecation - HHH90000025: MySQL8Dialect does not need to be specified explicitly using 'hibernate.dialect' (remove the property setting and it will be selected by default)
2025-06-27 11:11:05.249 [restartedMain] [WARN] o.h.o.deprecation - HHH90000026: MySQL8Dialect has been deprecated; use org.hibernate.dialect.MySQLDialect instead
2025-06-27 11:11:05.294 [restartedMain] [INFO] o.h.o.c.pooling - HHH10001005: Database info:
	Database JDBC URL [Connecting through datasource 'HikariDataSource (HikariPool-1)']
	Database driver: undefined/unknown
	Database version: 8.0
	Autocommit mode: undefined/unknown
	Isolation level: undefined/unknown
	Minimum pool size: undefined/unknown
	Maximum pool size: undefined/unknown
2025-06-27 11:11:10.960 [restartedMain] [INFO] o.h.e.t.j.p.i.JtaPlatformInitiator - HHH000489: No JTA platform available (set 'hibernate.transaction.jta.platform' to enable JTA platform integration)
2025-06-27 11:11:11.793 [restartedMain] [INFO] o.s.o.j.LocalContainerEntityManagerFactoryBean - Initialized JPA EntityManagerFactory for persistence unit 'default'
2025-06-27 11:11:16.351 [restartedMain] [INFO] o.s.d.j.r.q.QueryEnhancerFactory - Hibernate is in classpath; If applicable, HQL parser will be used.
2025-06-27 11:11:20.352 [restartedMain] [WARN] o.s.b.a.o.j.JpaBaseConfiguration$JpaWebConfiguration - spring.jpa.open-in-view is enabled by default. Therefore, database queries may be performed during view rendering. Explicitly configure spring.jpa.open-in-view to disable this warning
2025-06-27 11:11:20.657 [restartedMain] [INFO] o.s.b.a.w.s.WelcomePageHandlerMapping - Adding welcome page: class path resource [static/index.html]
2025-06-27 11:11:21.537 [restartedMain] [INFO] o.s.b.a.e.w.EndpointLinksResolver - Exposing 14 endpoints beneath base path '/actuator'
2025-06-27 11:11:21.662 [restartedMain] [WARN] o.s.s.c.a.a.c.InitializeUserDetailsBeanManagerConfigurer$InitializeUserDetailsManagerConfigurer - Found 2 UserDetailsService beans, with names [customUserDetailService, customUserDetailsService]. Global Authentication Manager will not use a UserDetailsService for username/password login. Consider publishing a single UserDetailsService bean.
2025-06-27 11:11:24.431 [restartedMain] [INFO] o.s.b.d.a.OptionalLiveReloadServer - LiveReload server is running on port 35729
2025-06-27 11:11:24.688 [restartedMain] [INFO] o.s.m.s.b.SimpleBrokerMessageHandler - Starting...
2025-06-27 11:11:24.691 [restartedMain] [INFO] o.s.m.s.b.SimpleBrokerMessageHandler - BrokerAvailabilityEvent[available=true, SimpleBrokerMessageHandler [org.springframework.messaging.simp.broker.DefaultSubscriptionRegistry@39a6207f]]
2025-06-27 11:11:24.696 [restartedMain] [INFO] o.s.m.s.b.SimpleBrokerMessageHandler - Started.
2025-06-27 11:11:24.697 [restartedMain] [INFO] o.a.c.h.Http11NioProtocol - Starting ProtocolHandler ["http-nio-8080"]
2025-06-27 11:11:24.766 [restartedMain] [INFO] o.s.b.w.e.t.TomcatWebServer - Tomcat started on port 8080 (http) with context path '/'
2025-06-27 11:11:25.542 [http-nio-8080-exec-1] [INFO] o.a.c.c.C.[.[.[/] - Initializing Spring DispatcherServlet 'dispatcherServlet'
2025-06-27 11:11:25.543 [http-nio-8080-exec-1] [INFO] o.s.w.s.DispatcherServlet - Initializing Servlet 'dispatcherServlet'
2025-06-27 11:11:25.547 [http-nio-8080-exec-1] [INFO] o.s.w.s.DispatcherServlet - Completed initialization in 3 ms
2025-06-27 11:11:25.689 [http-nio-8080-exec-1] [INFO] o.e.b.s.j.JwtTokenFilter - ❌ 토큰 없음 또는 유효하지 않음: null
2025-06-27 11:11:26.971 [restartedMain] [INFO] o.e.b.BackendProjectApplication - Started BackendProjectApplication in 44.874 seconds (process running for 47.716)
2025-06-27 11:11:30.227 [http-nio-8080-exec-2] [INFO] o.e.b.s.j.JwtTokenFilter - ❌ 토큰 없음 또는 유효하지 않음: null
2025-06-27 11:11:35.235 [http-nio-8080-exec-3] [INFO] o.e.b.s.j.JwtTokenFilter - ❌ 토큰 없음 또는 유효하지 않음: null
2025-06-27 11:11:40.226 [http-nio-8080-exec-4] [INFO] o.e.b.s.j.JwtTokenFilter - ❌ 토큰 없음 또는 유효하지 않음: null
2025-06-27 11:11:45.222 [http-nio-8080-exec-5] [INFO] o.e.b.s.j.JwtTokenFilter - ❌ 토큰 없음 또는 유효하지 않음: null
2025-06-27 11:11:50.220 [http-nio-8080-exec-6] [INFO] o.e.b.s.j.JwtTokenFilter - ❌ 토큰 없음 또는 유효하지 않음: null
2025-06-27 11:11:55.222 [http-nio-8080-exec-7] [INFO] o.e.b.s.j.JwtTokenFilter - ❌ 토큰 없음 또는 유효하지 않음: null
2025-06-27 11:12:00.220 [http-nio-8080-exec-8] [INFO] o.e.b.s.j.JwtTokenFilter - ❌ 토큰 없음 또는 유효하지 않음: null
2025-06-27 11:12:05.219 [http-nio-8080-exec-9] [INFO] o.e.b.s.j.JwtTokenFilter - ❌ 토큰 없음 또는 유효하지 않음: null
2025-06-27 11:12:10.218 [http-nio-8080-exec-10] [INFO] o.e.b.s.j.JwtTokenFilter - ❌ 토큰 없음 또는 유효하지 않음: null
2025-06-27 11:12:15.217 [http-nio-8080-exec-1] [INFO] o.e.b.s.j.JwtTokenFilter - ❌ 토큰 없음 또는 유효하지 않음: null
2025-06-27 11:12:20.216 [http-nio-8080-exec-2] [INFO] o.e.b.s.j.JwtTokenFilter - ❌ 토큰 없음 또는 유효하지 않음: null
2025-06-27 11:12:24.548 [MessageBroker-1] [INFO] o.s.w.s.c.WebSocketMessageBrokerStats - WebSocketSession[0 current WS(0)-HttpStream(0)-HttpPoll(0), 0 total, 0 closed abnormally (0 connect failure, 0 send limit, 0 transport error)], stompSubProtocol[processed CONNECT(0)-CONNECTED(0)-DISCONNECT(0)], stompBrokerRelay[null], inboundChannel[pool size = 0, active threads = 0, queued tasks = 0, completed tasks = 0], outboundChannel[pool size = 0, active threads = 0, queued tasks = 0, completed tasks = 0], sockJsScheduler[pool size = 1, active threads = 1, queued tasks = 0, completed tasks = 0]
2025-06-27 11:12:25.215 [http-nio-8080-exec-3] [INFO] o.e.b.s.j.JwtTokenFilter - ❌ 토큰 없음 또는 유효하지 않음: null
2025-06-27 11:12:30.219 [http-nio-8080-exec-4] [INFO] o.e.b.s.j.JwtTokenFilter - ❌ 토큰 없음 또는 유효하지 않음: null
2025-06-27 11:12:35.215 [http-nio-8080-exec-5] [INFO] o.e.b.s.j.JwtTokenFilter - ❌ 토큰 없음 또는 유효하지 않음: null
2025-06-27 11:12:40.213 [http-nio-8080-exec-6] [INFO] o.e.b.s.j.JwtTokenFilter - ❌ 토큰 없음 또는 유효하지 않음: null
2025-06-27 11:12:45.214 [http-nio-8080-exec-7] [INFO] o.e.b.s.j.JwtTokenFilter - ❌ 토큰 없음 또는 유효하지 않음: null
2025-06-27 11:12:50.214 [http-nio-8080-exec-8] [INFO] o.e.b.s.j.JwtTokenFilter - ❌ 토큰 없음 또는 유효하지 않음: null
2025-06-27 11:12:55.216 [http-nio-8080-exec-9] [INFO] o.e.b.s.j.JwtTokenFilter - ❌ 토큰 없음 또는 유효하지 않음: null
2025-06-27 11:13:00.213 [http-nio-8080-exec-10] [INFO] o.e.b.s.j.JwtTokenFilter - ❌ 토큰 없음 또는 유효하지 않음: null
2025-06-27 11:13:05.214 [http-nio-8080-exec-1] [INFO] o.e.b.s.j.JwtTokenFilter - ❌ 토큰 없음 또는 유효하지 않음: null
2025-06-27 11:13:10.221 [http-nio-8080-exec-2] [INFO] o.e.b.s.j.JwtTokenFilter - ❌ 토큰 없음 또는 유효하지 않음: null
2025-06-27 11:13:15.213 [http-nio-8080-exec-3] [INFO] o.e.b.s.j.JwtTokenFilter - ❌ 토큰 없음 또는 유효하지 않음: null
2025-06-27 11:13:20.212 [http-nio-8080-exec-4] [INFO] o.e.b.s.j.JwtTokenFilter - ❌ 토큰 없음 또는 유효하지 않음: null
2025-06-27 11:13:25.213 [http-nio-8080-exec-5] [INFO] o.e.b.s.j.JwtTokenFilter - ❌ 토큰 없음 또는 유효하지 않음: null
2025-06-27 11:13:30.214 [http-nio-8080-exec-6] [INFO] o.e.b.s.j.JwtTokenFilter - ❌ 토큰 없음 또는 유효하지 않음: null
2025-06-27 11:13:35.217 [http-nio-8080-exec-7] [INFO] o.e.b.s.j.JwtTokenFilter - ❌ 토큰 없음 또는 유효하지 않음: null
2025-06-27 11:13:40.209 [http-nio-8080-exec-8] [INFO] o.e.b.s.j.JwtTokenFilter - ❌ 토큰 없음 또는 유효하지 않음: null
2025-06-27 11:13:45.212 [http-nio-8080-exec-9] [INFO] o.e.b.s.j.JwtTokenFilter - ❌ 토큰 없음 또는 유효하지 않음: null
2025-06-27 11:13:50.210 [http-nio-8080-exec-10] [INFO] o.e.b.s.j.JwtTokenFilter - ❌ 토큰 없음 또는 유효하지 않음: null
2025-06-27 11:13:55.210 [http-nio-8080-exec-1] [INFO] o.e.b.s.j.JwtTokenFilter - ❌ 토큰 없음 또는 유효하지 않음: null
2025-06-27 11:14:00.210 [http-nio-8080-exec-2] [INFO] o.e.b.s.j.JwtTokenFilter - ❌ 토큰 없음 또는 유효하지 않음: null
2025-06-27 11:14:05.210 [http-nio-8080-exec-3] [INFO] o.e.b.s.j.JwtTokenFilter - ❌ 토큰 없음 또는 유효하지 않음: null
2025-06-27 11:14:10.208 [http-nio-8080-exec-4] [INFO] o.e.b.s.j.JwtTokenFilter - ❌ 토큰 없음 또는 유효하지 않음: null
2025-06-27 11:14:15.209 [http-nio-8080-exec-5] [INFO] o.e.b.s.j.JwtTokenFilter - ❌ 토큰 없음 또는 유효하지 않음: null
2025-06-27 11:14:20.209 [http-nio-8080-exec-6] [INFO] o.e.b.s.j.JwtTokenFilter - ❌ 토큰 없음 또는 유효하지 않음: null
2025-06-27 11:14:25.210 [http-nio-8080-exec-7] [INFO] o.e.b.s.j.JwtTokenFilter - ❌ 토큰 없음 또는 유효하지 않음: null
2025-06-27 11:14:30.218 [http-nio-8080-exec-8] [INFO] o.e.b.s.j.JwtTokenFilter - ❌ 토큰 없음 또는 유효하지 않음: null
2025-06-27 11:14:35.209 [http-nio-8080-exec-9] [INFO] o.e.b.s.j.JwtTokenFilter - ❌ 토큰 없음 또는 유효하지 않음: null
2025-06-27 11:14:40.206 [http-nio-8080-exec-10] [INFO] o.e.b.s.j.JwtTokenFilter - ❌ 토큰 없음 또는 유효하지 않음: null
2025-06-27 11:14:45.207 [http-nio-8080-exec-1] [INFO] o.e.b.s.j.JwtTokenFilter - ❌ 토큰 없음 또는 유효하지 않음: null
2025-06-27 11:14:50.210 [http-nio-8080-exec-2] [INFO] o.e.b.s.j.JwtTokenFilter - ❌ 토큰 없음 또는 유효하지 않음: null
2025-06-27 11:14:55.206 [http-nio-8080-exec-3] [INFO] o.e.b.s.j.JwtTokenFilter - ❌ 토큰 없음 또는 유효하지 않음: null
2025-06-27 11:15:00.205 [http-nio-8080-exec-4] [INFO] o.e.b.s.j.JwtTokenFilter - ❌ 토큰 없음 또는 유효하지 않음: null
2025-06-27 11:15:05.205 [http-nio-8080-exec-5] [INFO] o.e.b.s.j.JwtTokenFilter - ❌ 토큰 없음 또는 유효하지 않음: null
2025-06-27 11:15:10.203 [http-nio-8080-exec-6] [INFO] o.e.b.s.j.JwtTokenFilter - ❌ 토큰 없음 또는 유효하지 않음: null
2025-06-27 11:15:15.206 [http-nio-8080-exec-7] [INFO] o.e.b.s.j.JwtTokenFilter - ❌ 토큰 없음 또는 유효하지 않음: null
2025-06-27 11:15:20.205 [http-nio-8080-exec-8] [INFO] o.e.b.s.j.JwtTokenFilter - ❌ 토큰 없음 또는 유효하지 않음: null
2025-06-27 11:15:25.204 [http-nio-8080-exec-9] [INFO] o.e.b.s.j.JwtTokenFilter - ❌ 토큰 없음 또는 유효하지 않음: null
2025-06-27 11:15:30.203 [http-nio-8080-exec-10] [INFO] o.e.b.s.j.JwtTokenFilter - ❌ 토큰 없음 또는 유효하지 않음: null
2025-06-27 11:15:35.202 [http-nio-8080-exec-1] [INFO] o.e.b.s.j.JwtTokenFilter - ❌ 토큰 없음 또는 유효하지 않음: null
2025-06-27 11:15:40.205 [http-nio-8080-exec-2] [INFO] o.e.b.s.j.JwtTokenFilter - ❌ 토큰 없음 또는 유효하지 않음: null
2025-06-27 11:15:45.201 [http-nio-8080-exec-3] [INFO] o.e.b.s.j.JwtTokenFilter - ❌ 토큰 없음 또는 유효하지 않음: null
2025-06-27 11:15:50.203 [http-nio-8080-exec-4] [INFO] o.e.b.s.j.JwtTokenFilter - ❌ 토큰 없음 또는 유효하지 않음: null
2025-06-27 11:15:55.202 [http-nio-8080-exec-5] [INFO] o.e.b.s.j.JwtTokenFilter - ❌ 토큰 없음 또는 유효하지 않음: null
2025-06-27 11:16:00.202 [http-nio-8080-exec-6] [INFO] o.e.b.s.j.JwtTokenFilter - ❌ 토큰 없음 또는 유효하지 않음: null
2025-06-27 11:16:05.203 [http-nio-8080-exec-7] [INFO] o.e.b.s.j.JwtTokenFilter - ❌ 토큰 없음 또는 유효하지 않음: null
2025-06-27 11:16:10.200 [http-nio-8080-exec-8] [INFO] o.e.b.s.j.JwtTokenFilter - ❌ 토큰 없음 또는 유효하지 않음: null
2025-06-27 11:16:15.201 [http-nio-8080-exec-9] [INFO] o.e.b.s.j.JwtTokenFilter - ❌ 토큰 없음 또는 유효하지 않음: null
2025-06-27 11:16:20.199 [http-nio-8080-exec-10] [INFO] o.e.b.s.j.JwtTokenFilter - ❌ 토큰 없음 또는 유효하지 않음: null
2025-06-27 11:16:25.198 [http-nio-8080-exec-1] [INFO] o.e.b.s.j.JwtTokenFilter - ❌ 토큰 없음 또는 유효하지 않음: null
2025-06-27 11:16:30.199 [http-nio-8080-exec-2] [INFO] o.e.b.s.j.JwtTokenFilter - ❌ 토큰 없음 또는 유효하지 않음: null
2025-06-27 11:16:35.197 [http-nio-8080-exec-3] [INFO] o.e.b.s.j.JwtTokenFilter - ❌ 토큰 없음 또는 유효하지 않음: null
2025-06-27 11:16:40.199 [http-nio-8080-exec-4] [INFO] o.e.b.s.j.JwtTokenFilter - ❌ 토큰 없음 또는 유효하지 않음: null
2025-06-27 11:16:45.199 [http-nio-8080-exec-5] [INFO] o.e.b.s.j.JwtTokenFilter - ❌ 토큰 없음 또는 유효하지 않음: null
2025-06-27 11:16:50.197 [http-nio-8080-exec-6] [INFO] o.e.b.s.j.JwtTokenFilter - ❌ 토큰 없음 또는 유효하지 않음: null
2025-06-27 11:16:55.198 [http-nio-8080-exec-7] [INFO] o.e.b.s.j.JwtTokenFilter - ❌ 토큰 없음 또는 유효하지 않음: null
2025-06-27 11:17:00.197 [http-nio-8080-exec-8] [INFO] o.e.b.s.j.JwtTokenFilter - ❌ 토큰 없음 또는 유효하지 않음: null
2025-06-27 11:17:05.194 [http-nio-8080-exec-9] [INFO] o.e.b.s.j.JwtTokenFilter - ❌ 토큰 없음 또는 유효하지 않음: null
2025-06-27 11:17:10.196 [http-nio-8080-exec-10] [INFO] o.e.b.s.j.JwtTokenFilter - ❌ 토큰 없음 또는 유효하지 않음: null
2025-06-27 11:17:15.195 [http-nio-8080-exec-1] [INFO] o.e.b.s.j.JwtTokenFilter - ❌ 토큰 없음 또는 유효하지 않음: null
2025-06-27 11:17:20.199 [http-nio-8080-exec-2] [INFO] o.e.b.s.j.JwtTokenFilter - ❌ 토큰 없음 또는 유효하지 않음: null
2025-06-27 11:17:25.194 [http-nio-8080-exec-3] [INFO] o.e.b.s.j.JwtTokenFilter - ❌ 토큰 없음 또는 유효하지 않음: null
2025-06-27 11:17:30.198 [http-nio-8080-exec-4] [INFO] o.e.b.s.j.JwtTokenFilter - ❌ 토큰 없음 또는 유효하지 않음: null
2025-06-27 11:17:35.194 [http-nio-8080-exec-5] [INFO] o.e.b.s.j.JwtTokenFilter - ❌ 토큰 없음 또는 유효하지 않음: null
2025-06-27 11:17:40.191 [http-nio-8080-exec-6] [INFO] o.e.b.s.j.JwtTokenFilter - ❌ 토큰 없음 또는 유효하지 않음: null
2025-06-27 11:17:45.192 [http-nio-8080-exec-7] [INFO] o.e.b.s.j.JwtTokenFilter - ❌ 토큰 없음 또는 유효하지 않음: null
2025-06-27 11:17:50.194 [http-nio-8080-exec-8] [INFO] o.e.b.s.j.JwtTokenFilter - ❌ 토큰 없음 또는 유효하지 않음: null
2025-06-27 11:17:55.192 [http-nio-8080-exec-9] [INFO] o.e.b.s.j.JwtTokenFilter - ❌ 토큰 없음 또는 유효하지 않음: null
2025-06-27 11:18:00.192 [http-nio-8080-exec-10] [INFO] o.e.b.s.j.JwtTokenFilter - ❌ 토큰 없음 또는 유효하지 않음: null
2025-06-27 11:18:05.189 [http-nio-8080-exec-1] [INFO] o.e.b.s.j.JwtTokenFilter - ❌ 토큰 없음 또는 유효하지 않음: null
2025-06-27 11:18:10.188 [http-nio-8080-exec-2] [INFO] o.e.b.s.j.JwtTokenFilter - ❌ 토큰 없음 또는 유효하지 않음: null
2025-06-27 11:18:15.189 [http-nio-8080-exec-3] [INFO] o.e.b.s.j.JwtTokenFilter - ❌ 토큰 없음 또는 유효하지 않음: null
2025-06-27 11:18:20.188 [http-nio-8080-exec-4] [INFO] o.e.b.s.j.JwtTokenFilter - ❌ 토큰 없음 또는 유효하지 않음: null
2025-06-27 11:18:25.190 [http-nio-8080-exec-5] [INFO] o.e.b.s.j.JwtTokenFilter - ❌ 토큰 없음 또는 유효하지 않음: null
2025-06-27 11:18:30.189 [http-nio-8080-exec-6] [INFO] o.e.b.s.j.JwtTokenFilter - ❌ 토큰 없음 또는 유효하지 않음: null
2025-06-27 11:18:35.188 [http-nio-8080-exec-7] [INFO] o.e.b.s.j.JwtTokenFilter - ❌ 토큰 없음 또는 유효하지 않음: null
2025-06-27 11:18:40.187 [http-nio-8080-exec-8] [INFO] o.e.b.s.j.JwtTokenFilter - ❌ 토큰 없음 또는 유효하지 않음: null
2025-06-27 11:18:45.186 [http-nio-8080-exec-9] [INFO] o.e.b.s.j.JwtTokenFilter - ❌ 토큰 없음 또는 유효하지 않음: null
2025-06-27 11:18:50.187 [http-nio-8080-exec-10] [INFO] o.e.b.s.j.JwtTokenFilter - ❌ 토큰 없음 또는 유효하지 않음: null
2025-06-27 11:18:55.188 [http-nio-8080-exec-1] [INFO] o.e.b.s.j.JwtTokenFilter - ❌ 토큰 없음 또는 유효하지 않음: null
2025-06-27 11:19:00.186 [http-nio-8080-exec-2] [INFO] o.e.b.s.j.JwtTokenFilter - ❌ 토큰 없음 또는 유효하지 않음: null
2025-06-27 11:19:05.185 [http-nio-8080-exec-3] [INFO] o.e.b.s.j.JwtTokenFilter - ❌ 토큰 없음 또는 유효하지 않음: null
2025-06-27 11:19:10.183 [http-nio-8080-exec-4] [INFO] o.e.b.s.j.JwtTokenFilter - ❌ 토큰 없음 또는 유효하지 않음: null
2025-06-27 11:19:15.185 [http-nio-8080-exec-5] [INFO] o.e.b.s.j.JwtTokenFilter - ❌ 토큰 없음 또는 유효하지 않음: null
2025-06-27 11:19:20.185 [http-nio-8080-exec-6] [INFO] o.e.b.s.j.JwtTokenFilter - ❌ 토큰 없음 또는 유효하지 않음: null
2025-06-27 11:19:25.184 [http-nio-8080-exec-7] [INFO] o.e.b.s.j.JwtTokenFilter - ❌ 토큰 없음 또는 유효하지 않음: null
2025-06-27 11:19:30.184 [http-nio-8080-exec-8] [INFO] o.e.b.s.j.JwtTokenFilter - ❌ 토큰 없음 또는 유효하지 않음: null
2025-06-27 11:19:35.181 [http-nio-8080-exec-9] [INFO] o.e.b.s.j.JwtTokenFilter - ❌ 토큰 없음 또는 유효하지 않음: null
2025-06-27 11:19:40.182 [http-nio-8080-exec-10] [INFO] o.e.b.s.j.JwtTokenFilter - ❌ 토큰 없음 또는 유효하지 않음: null
2025-06-27 11:19:45.208 [http-nio-8080-exec-1] [INFO] o.e.b.s.j.JwtTokenFilter - ❌ 토큰 없음 또는 유효하지 않음: null
2025-06-27 11:19:50.182 [http-nio-8080-exec-2] [INFO] o.e.b.s.j.JwtTokenFilter - ❌ 토큰 없음 또는 유효하지 않음: null
2025-06-27 11:19:55.181 [http-nio-8080-exec-3] [INFO] o.e.b.s.j.JwtTokenFilter - ❌ 토큰 없음 또는 유효하지 않음: null
2025-06-27 11:20:00.182 [http-nio-8080-exec-4] [INFO] o.e.b.s.j.JwtTokenFilter - ❌ 토큰 없음 또는 유효하지 않음: null
2025-06-27 11:20:05.185 [http-nio-8080-exec-5] [INFO] o.e.b.s.j.JwtTokenFilter - ❌ 토큰 없음 또는 유효하지 않음: null
2025-06-27 11:20:10.179 [http-nio-8080-exec-6] [INFO] o.e.b.s.j.JwtTokenFilter - ❌ 토큰 없음 또는 유효하지 않음: null
2025-06-27 11:20:15.181 [http-nio-8080-exec-7] [INFO] o.e.b.s.j.JwtTokenFilter - ❌ 토큰 없음 또는 유효하지 않음: null
2025-06-27 11:20:20.181 [http-nio-8080-exec-8] [INFO] o.e.b.s.j.JwtTokenFilter - ❌ 토큰 없음 또는 유효하지 않음: null
2025-06-27 11:20:25.180 [http-nio-8080-exec-9] [INFO] o.e.b.s.j.JwtTokenFilter - ❌ 토큰 없음 또는 유효하지 않음: null
2025-06-27 11:20:30.180 [http-nio-8080-exec-10] [INFO] o.e.b.s.j.JwtTokenFilter - ❌ 토큰 없음 또는 유효하지 않음: null
2025-06-27 11:20:35.177 [http-nio-8080-exec-1] [INFO] o.e.b.s.j.JwtTokenFilter - ❌ 토큰 없음 또는 유효하지 않음: null
2025-06-27 11:20:40.176 [http-nio-8080-exec-2] [INFO] o.e.b.s.j.JwtTokenFilter - ❌ 토큰 없음 또는 유효하지 않음: null
2025-06-27 11:20:45.178 [http-nio-8080-exec-3] [INFO] o.e.b.s.j.JwtTokenFilter - ❌ 토큰 없음 또는 유효하지 않음: null
2025-06-27 11:20:50.176 [http-nio-8080-exec-4] [INFO] o.e.b.s.j.JwtTokenFilter - ❌ 토큰 없음 또는 유효하지 않음: null
2025-06-27 11:20:55.176 [http-nio-8080-exec-5] [INFO] o.e.b.s.j.JwtTokenFilter - ❌ 토큰 없음 또는 유효하지 않음: null
2025-06-27 11:21:00.177 [http-nio-8080-exec-6] [INFO] o.e.b.s.j.JwtTokenFilter - ❌ 토큰 없음 또는 유효하지 않음: null
2025-06-27 11:21:05.177 [http-nio-8080-exec-7] [INFO] o.e.b.s.j.JwtTokenFilter - ❌ 토큰 없음 또는 유효하지 않음: null
2025-06-27 11:21:10.174 [http-nio-8080-exec-8] [INFO] o.e.b.s.j.JwtTokenFilter - ❌ 토큰 없음 또는 유효하지 않음: null
2025-06-27 11:21:15.176 [http-nio-8080-exec-9] [INFO] o.e.b.s.j.JwtTokenFilter - ❌ 토큰 없음 또는 유효하지 않음: null
2025-06-27 11:21:20.175 [http-nio-8080-exec-10] [INFO] o.e.b.s.j.JwtTokenFilter - ❌ 토큰 없음 또는 유효하지 않음: null
2025-06-27 11:21:25.172 [http-nio-8080-exec-1] [INFO] o.e.b.s.j.JwtTokenFilter - ❌ 토큰 없음 또는 유효하지 않음: null
2025-06-27 11:21:30.172 [http-nio-8080-exec-2] [INFO] o.e.b.s.j.JwtTokenFilter - ❌ 토큰 없음 또는 유효하지 않음: null
2025-06-27 11:21:35.177 [http-nio-8080-exec-3] [INFO] o.e.b.s.j.JwtTokenFilter - ❌ 토큰 없음 또는 유효하지 않음: null
2025-06-27 11:21:40.173 [http-nio-8080-exec-4] [INFO] o.e.b.s.j.JwtTokenFilter - ❌ 토큰 없음 또는 유효하지 않음: null
2025-06-27 11:21:45.174 [http-nio-8080-exec-5] [INFO] o.e.b.s.j.JwtTokenFilter - ❌ 토큰 없음 또는 유효하지 않음: null
2025-06-27 11:21:50.171 [http-nio-8080-exec-6] [INFO] o.e.b.s.j.JwtTokenFilter - ❌ 토큰 없음 또는 유효하지 않음: null
2025-06-27 11:21:55.170 [http-nio-8080-exec-7] [INFO] o.e.b.s.j.JwtTokenFilter - ❌ 토큰 없음 또는 유효하지 않음: null
2025-06-27 11:22:00.173 [http-nio-8080-exec-8] [INFO] o.e.b.s.j.JwtTokenFilter - ❌ 토큰 없음 또는 유효하지 않음: null
2025-06-27 11:22:05.172 [http-nio-8080-exec-9] [INFO] o.e.b.s.j.JwtTokenFilter - ❌ 토큰 없음 또는 유효하지 않음: null
2025-06-27 11:22:10.169 [http-nio-8080-exec-10] [INFO] o.e.b.s.j.JwtTokenFilter - ❌ 토큰 없음 또는 유효하지 않음: null
2025-06-27 11:22:15.172 [http-nio-8080-exec-1] [INFO] o.e.b.s.j.JwtTokenFilter - ❌ 토큰 없음 또는 유효하지 않음: null
2025-06-27 11:22:20.169 [http-nio-8080-exec-2] [INFO] o.e.b.s.j.JwtTokenFilter - ❌ 토큰 없음 또는 유효하지 않음: null
2025-06-27 11:22:25.170 [http-nio-8080-exec-3] [INFO] o.e.b.s.j.JwtTokenFilter - ❌ 토큰 없음 또는 유효하지 않음: null
2025-06-27 11:22:30.169 [http-nio-8080-exec-4] [INFO] o.e.b.s.j.JwtTokenFilter - ❌ 토큰 없음 또는 유효하지 않음: null
2025-06-27 11:22:35.167 [http-nio-8080-exec-5] [INFO] o.e.b.s.j.JwtTokenFilter - ❌ 토큰 없음 또는 유효하지 않음: null
2025-06-27 11:22:40.167 [http-nio-8080-exec-6] [INFO] o.e.b.s.j.JwtTokenFilter - ❌ 토큰 없음 또는 유효하지 않음: null
2025-06-27 11:22:45.169 [http-nio-8080-exec-7] [INFO] o.e.b.s.j.JwtTokenFilter - ❌ 토큰 없음 또는 유효하지 않음: null
2025-06-27 11:22:50.170 [http-nio-8080-exec-8] [INFO] o.e.b.s.j.JwtTokenFilter - ❌ 토큰 없음 또는 유효하지 않음: null
2025-06-27 11:22:55.166 [http-nio-8080-exec-9] [INFO] o.e.b.s.j.JwtTokenFilter - ❌ 토큰 없음 또는 유효하지 않음: null
2025-06-27 11:23:00.168 [http-nio-8080-exec-10] [INFO] o.e.b.s.j.JwtTokenFilter - ❌ 토큰 없음 또는 유효하지 않음: null
2025-06-27 11:23:05.167 [http-nio-8080-exec-1] [INFO] o.e.b.s.j.JwtTokenFilter - ❌ 토큰 없음 또는 유효하지 않음: null
2025-06-27 11:23:10.165 [http-nio-8080-exec-2] [INFO] o.e.b.s.j.JwtTokenFilter - ❌ 토큰 없음 또는 유효하지 않음: null
2025-06-27 11:23:15.165 [http-nio-8080-exec-3] [INFO] o.e.b.s.j.JwtTokenFilter - ❌ 토큰 없음 또는 유효하지 않음: null
2025-06-27 11:23:20.166 [http-nio-8080-exec-4] [INFO] o.e.b.s.j.JwtTokenFilter - ❌ 토큰 없음 또는 유효하지 않음: null
2025-06-27 11:23:25.165 [http-nio-8080-exec-5] [INFO] o.e.b.s.j.JwtTokenFilter - ❌ 토큰 없음 또는 유효하지 않음: null
2025-06-27 11:23:30.166 [http-nio-8080-exec-6] [INFO] o.e.b.s.j.JwtTokenFilter - ❌ 토큰 없음 또는 유효하지 않음: null
2025-06-27 11:23:35.165 [http-nio-8080-exec-7] [INFO] o.e.b.s.j.JwtTokenFilter - ❌ 토큰 없음 또는 유효하지 않음: null
2025-06-27 11:23:40.164 [http-nio-8080-exec-8] [INFO] o.e.b.s.j.JwtTokenFilter - ❌ 토큰 없음 또는 유효하지 않음: null
2025-06-27 11:23:45.163 [http-nio-8080-exec-9] [INFO] o.e.b.s.j.JwtTokenFilter - ❌ 토큰 없음 또는 유효하지 않음: null
2025-06-27 11:23:50.165 [http-nio-8080-exec-10] [INFO] o.e.b.s.j.JwtTokenFilter - ❌ 토큰 없음 또는 유효하지 않음: null
2025-06-27 11:23:55.163 [http-nio-8080-exec-1] [INFO] o.e.b.s.j.JwtTokenFilter - ❌ 토큰 없음 또는 유효하지 않음: null
2025-06-27 11:24:00.164 [http-nio-8080-exec-2] [INFO] o.e.b.s.j.JwtTokenFilter - ❌ 토큰 없음 또는 유효하지 않음: null
2025-06-27 11:24:05.161 [http-nio-8080-exec-3] [INFO] o.e.b.s.j.JwtTokenFilter - ❌ 토큰 없음 또는 유효하지 않음: null
2025-06-27 11:24:10.160 [http-nio-8080-exec-4] [INFO] o.e.b.s.j.JwtTokenFilter - ❌ 토큰 없음 또는 유효하지 않음: null
2025-06-27 11:24:15.162 [http-nio-8080-exec-5] [INFO] o.e.b.s.j.JwtTokenFilter - ❌ 토큰 없음 또는 유효하지 않음: null
2025-06-27 11:24:20.163 [http-nio-8080-exec-6] [INFO] o.e.b.s.j.JwtTokenFilter - ❌ 토큰 없음 또는 유효하지 않음: null
2025-06-27 11:24:25.160 [http-nio-8080-exec-7] [INFO] o.e.b.s.j.JwtTokenFilter - ❌ 토큰 없음 또는 유효하지 않음: null
2025-06-27 11:24:30.158 [http-nio-8080-exec-8] [INFO] o.e.b.s.j.JwtTokenFilter - ❌ 토큰 없음 또는 유효하지 않음: null
2025-06-27 11:24:35.158 [http-nio-8080-exec-9] [INFO] o.e.b.s.j.JwtTokenFilter - ❌ 토큰 없음 또는 유효하지 않음: null
2025-06-27 11:24:40.157 [http-nio-8080-exec-10] [INFO] o.e.b.s.j.JwtTokenFilter - ❌ 토큰 없음 또는 유효하지 않음: null
2025-06-27 11:24:45.159 [http-nio-8080-exec-1] [INFO] o.e.b.s.j.JwtTokenFilter - ❌ 토큰 없음 또는 유효하지 않음: null
2025-06-27 11:24:50.159 [http-nio-8080-exec-2] [INFO] o.e.b.s.j.JwtTokenFilter - ❌ 토큰 없음 또는 유효하지 않음: null
2025-06-27 11:24:55.158 [http-nio-8080-exec-3] [INFO] o.e.b.s.j.JwtTokenFilter - ❌ 토큰 없음 또는 유효하지 않음: null
2025-06-27 11:25:00.157 [http-nio-8080-exec-4] [INFO] o.e.b.s.j.JwtTokenFilter - ❌ 토큰 없음 또는 유효하지 않음: null
2025-06-27 11:25:05.157 [http-nio-8080-exec-5] [INFO] o.e.b.s.j.JwtTokenFilter - ❌ 토큰 없음 또는 유효하지 않음: null
2025-06-27 11:25:10.155 [http-nio-8080-exec-6] [INFO] o.e.b.s.j.JwtTokenFilter - ❌ 토큰 없음 또는 유효하지 않음: null
2025-06-27 11:25:15.156 [http-nio-8080-exec-7] [INFO] o.e.b.s.j.JwtTokenFilter - ❌ 토큰 없음 또는 유효하지 않음: null
2025-06-27 11:25:20.157 [http-nio-8080-exec-8] [INFO] o.e.b.s.j.JwtTokenFilter - ❌ 토큰 없음 또는 유효하지 않음: null
2025-06-27 11:25:25.155 [http-nio-8080-exec-9] [INFO] o.e.b.s.j.JwtTokenFilter - ❌ 토큰 없음 또는 유효하지 않음: null
2025-06-27 11:25:30.155 [http-nio-8080-exec-10] [INFO] o.e.b.s.j.JwtTokenFilter - ❌ 토큰 없음 또는 유효하지 않음: null
2025-06-27 11:25:35.155 [http-nio-8080-exec-1] [INFO] o.e.b.s.j.JwtTokenFilter - ❌ 토큰 없음 또는 유효하지 않음: null
2025-06-27 11:25:40.155 [http-nio-8080-exec-2] [INFO] o.e.b.s.j.JwtTokenFilter - ❌ 토큰 없음 또는 유효하지 않음: null
2025-06-27 11:25:45.152 [http-nio-8080-exec-3] [INFO] o.e.b.s.j.JwtTokenFilter - ❌ 토큰 없음 또는 유효하지 않음: null
2025-06-27 11:25:50.154 [http-nio-8080-exec-4] [INFO] o.e.b.s.j.JwtTokenFilter - ❌ 토큰 없음 또는 유효하지 않음: null
2025-06-27 11:25:55.153 [http-nio-8080-exec-5] [INFO] o.e.b.s.j.JwtTokenFilter - ❌ 토큰 없음 또는 유효하지 않음: null
2025-06-27 11:26:00.153 [http-nio-8080-exec-6] [INFO] o.e.b.s.j.JwtTokenFilter - ❌ 토큰 없음 또는 유효하지 않음: null
2025-06-27 11:26:05.151 [http-nio-8080-exec-7] [INFO] o.e.b.s.j.JwtTokenFilter - ❌ 토큰 없음 또는 유효하지 않음: null
2025-06-27 11:26:10.156 [http-nio-8080-exec-8] [INFO] o.e.b.s.j.JwtTokenFilter - ❌ 토큰 없음 또는 유효하지 않음: null
2025-06-27 11:26:15.151 [http-nio-8080-exec-9] [INFO] o.e.b.s.j.JwtTokenFilter - ❌ 토큰 없음 또는 유효하지 않음: null
2025-06-27 11:26:20.151 [http-nio-8080-exec-10] [INFO] o.e.b.s.j.JwtTokenFilter - ❌ 토큰 없음 또는 유효하지 않음: null
2025-06-27 11:26:25.151 [http-nio-8080-exec-1] [INFO] o.e.b.s.j.JwtTokenFilter - ❌ 토큰 없음 또는 유효하지 않음: null
2025-06-27 11:26:30.154 [http-nio-8080-exec-2] [INFO] o.e.b.s.j.JwtTokenFilter - ❌ 토큰 없음 또는 유효하지 않음: null
2025-06-27 11:26:35.148 [http-nio-8080-exec-3] [INFO] o.e.b.s.j.JwtTokenFilter - ❌ 토큰 없음 또는 유효하지 않음: null
2025-06-27 11:26:40.148 [http-nio-8080-exec-4] [INFO] o.e.b.s.j.JwtTokenFilter - ❌ 토큰 없음 또는 유효하지 않음: null
2025-06-27 11:26:45.150 [http-nio-8080-exec-5] [INFO] o.e.b.s.j.JwtTokenFilter - ❌ 토큰 없음 또는 유효하지 않음: null
2025-06-27 11:26:50.148 [http-nio-8080-exec-6] [INFO] o.e.b.s.j.JwtTokenFilter - ❌ 토큰 없음 또는 유효하지 않음: null
2025-06-27 11:26:55.148 [http-nio-8080-exec-7] [INFO] o.e.b.s.j.JwtTokenFilter - ❌ 토큰 없음 또는 유효하지 않음: null
2025-06-27 11:27:00.148 [http-nio-8080-exec-8] [INFO] o.e.b.s.j.JwtTokenFilter - ❌ 토큰 없음 또는 유효하지 않음: null
2025-06-27 11:27:05.146 [http-nio-8080-exec-9] [INFO] o.e.b.s.j.JwtTokenFilter - ❌ 토큰 없음 또는 유효하지 않음: null
2025-06-27 11:27:10.145 [http-nio-8080-exec-10] [INFO] o.e.b.s.j.JwtTokenFilter - ❌ 토큰 없음 또는 유효하지 않음: null
2025-06-27 11:27:15.146 [http-nio-8080-exec-1] [INFO] o.e.b.s.j.JwtTokenFilter - ❌ 토큰 없음 또는 유효하지 않음: null
2025-06-27 11:27:20.146 [http-nio-8080-exec-2] [INFO] o.e.b.s.j.JwtTokenFilter - ❌ 토큰 없음 또는 유효하지 않음: null
2025-06-27 11:27:25.146 [http-nio-8080-exec-3] [INFO] o.e.b.s.j.JwtTokenFilter - ❌ 토큰 없음 또는 유효하지 않음: null
2025-06-27 11:27:30.145 [http-nio-8080-exec-4] [INFO] o.e.b.s.j.JwtTokenFilter - ❌ 토큰 없음 또는 유효하지 않음: null
2025-06-27 11:27:35.146 [http-nio-8080-exec-5] [INFO] o.e.b.s.j.JwtTokenFilter - ❌ 토큰 없음 또는 유효하지 않음: null
2025-06-27 11:27:40.143 [http-nio-8080-exec-6] [INFO] o.e.b.s.j.JwtTokenFilter - ❌ 토큰 없음 또는 유효하지 않음: null
2025-06-27 11:27:45.143 [http-nio-8080-exec-7] [INFO] o.e.b.s.j.JwtTokenFilter - ❌ 토큰 없음 또는 유효하지 않음: null
2025-06-27 11:27:50.143 [http-nio-8080-exec-8] [INFO] o.e.b.s.j.JwtTokenFilter - ❌ 토큰 없음 또는 유효하지 않음: null
2025-06-27 11:27:55.143 [http-nio-8080-exec-9] [INFO] o.e.b.s.j.JwtTokenFilter - ❌ 토큰 없음 또는 유효하지 않음: null
2025-06-27 11:28:00.143 [http-nio-8080-exec-10] [INFO] o.e.b.s.j.JwtTokenFilter - ❌ 토큰 없음 또는 유효하지 않음: null
2025-06-27 11:28:05.175 [http-nio-8080-exec-1] [INFO] o.e.b.s.j.JwtTokenFilter - ❌ 토큰 없음 또는 유효하지 않음: null
2025-06-27 11:28:10.141 [http-nio-8080-exec-2] [INFO] o.e.b.s.j.JwtTokenFilter - ❌ 토큰 없음 또는 유효하지 않음: null
2025-06-27 11:28:15.142 [http-nio-8080-exec-3] [INFO] o.e.b.s.j.JwtTokenFilter - ❌ 토큰 없음 또는 유효하지 않음: null
2025-06-27 11:28:20.145 [http-nio-8080-exec-4] [INFO] o.e.b.s.j.JwtTokenFilter - ❌ 토큰 없음 또는 유효하지 않음: null
2025-06-27 11:28:25.141 [http-nio-8080-exec-5] [INFO] o.e.b.s.j.JwtTokenFilter - ❌ 토큰 없음 또는 유효하지 않음: null
2025-06-27 11:28:30.140 [http-nio-8080-exec-6] [INFO] o.e.b.s.j.JwtTokenFilter - ❌ 토큰 없음 또는 유효하지 않음: null
2025-06-27 11:28:35.141 [http-nio-8080-exec-7] [INFO] o.e.b.s.j.JwtTokenFilter - ❌ 토큰 없음 또는 유효하지 않음: null
2025-06-27 11:28:40.138 [http-nio-8080-exec-8] [INFO] o.e.b.s.j.JwtTokenFilter - ❌ 토큰 없음 또는 유효하지 않음: null
2025-06-27 11:28:45.139 [http-nio-8080-exec-9] [INFO] o.e.b.s.j.JwtTokenFilter - ❌ 토큰 없음 또는 유효하지 않음: null
2025-06-27 11:28:50.139 [http-nio-8080-exec-10] [INFO] o.e.b.s.j.JwtTokenFilter - ❌ 토큰 없음 또는 유효하지 않음: null
2025-06-27 11:28:55.140 [http-nio-8080-exec-1] [INFO] o.e.b.s.j.JwtTokenFilter - ❌ 토큰 없음 또는 유효하지 않음: null
2025-06-27 11:29:00.139 [http-nio-8080-exec-2] [INFO] o.e.b.s.j.JwtTokenFilter - ❌ 토큰 없음 또는 유효하지 않음: null
2025-06-27 11:29:05.138 [http-nio-8080-exec-3] [INFO] o.e.b.s.j.JwtTokenFilter - ❌ 토큰 없음 또는 유효하지 않음: null
2025-06-27 11:29:10.136 [http-nio-8080-exec-4] [INFO] o.e.b.s.j.JwtTokenFilter - ❌ 토큰 없음 또는 유효하지 않음: null
2025-06-27 11:29:15.138 [http-nio-8080-exec-5] [INFO] o.e.b.s.j.JwtTokenFilter - ❌ 토큰 없음 또는 유효하지 않음: null
2025-06-27 11:29:20.136 [http-nio-8080-exec-6] [INFO] o.e.b.s.j.JwtTokenFilter - ❌ 토큰 없음 또는 유효하지 않음: null
2025-06-27 11:29:25.138 [http-nio-8080-exec-7] [INFO] o.e.b.s.j.JwtTokenFilter - ❌ 토큰 없음 또는 유효하지 않음: null
2025-06-27 11:29:30.136 [http-nio-8080-exec-8] [INFO] o.e.b.s.j.JwtTokenFilter - ❌ 토큰 없음 또는 유효하지 않음: null
2025-06-27 11:29:35.136 [http-nio-8080-exec-9] [INFO] o.e.b.s.j.JwtTokenFilter - ❌ 토큰 없음 또는 유효하지 않음: null
2025-06-27 11:29:40.134 [http-nio-8080-exec-10] [INFO] o.e.b.s.j.JwtTokenFilter - ❌ 토큰 없음 또는 유효하지 않음: null
2025-06-27 11:29:45.133 [http-nio-8080-exec-1] [INFO] o.e.b.s.j.JwtTokenFilter - ❌ 토큰 없음 또는 유효하지 않음: null
2025-06-27 11:29:50.133 [http-nio-8080-exec-2] [INFO] o.e.b.s.j.JwtTokenFilter - ❌ 토큰 없음 또는 유효하지 않음: null
2025-06-27 11:29:55.134 [http-nio-8080-exec-3] [INFO] o.e.b.s.j.JwtTokenFilter - ❌ 토큰 없음 또는 유효하지 않음: null
2025-06-27 11:30:00.132 [http-nio-8080-exec-4] [INFO] o.e.b.s.j.JwtTokenFilter - ❌ 토큰 없음 또는 유효하지 않음: null
2025-06-27 11:30:05.133 [http-nio-8080-exec-5] [INFO] o.e.b.s.j.JwtTokenFilter - ❌ 토큰 없음 또는 유효하지 않음: null
2025-06-27 11:30:10.133 [http-nio-8080-exec-6] [INFO] o.e.b.s.j.JwtTokenFilter - ❌ 토큰 없음 또는 유효하지 않음: null
2025-06-27 11:30:15.133 [http-nio-8080-exec-7] [INFO] o.e.b.s.j.JwtTokenFilter - ❌ 토큰 없음 또는 유효하지 않음: null
2025-06-27 11:30:20.133 [http-nio-8080-exec-8] [INFO] o.e.b.s.j.JwtTokenFilter - ❌ 토큰 없음 또는 유효하지 않음: null
2025-06-27 11:30:25.131 [http-nio-8080-exec-9] [INFO] o.e.b.s.j.JwtTokenFilter - ❌ 토큰 없음 또는 유효하지 않음: null
2025-06-27 11:30:30.130 [http-nio-8080-exec-10] [INFO] o.e.b.s.j.JwtTokenFilter - ❌ 토큰 없음 또는 유효하지 않음: null
2025-06-27 11:30:35.136 [http-nio-8080-exec-1] [INFO] o.e.b.s.j.JwtTokenFilter - ❌ 토큰 없음 또는 유효하지 않음: null
2025-06-27 11:30:40.129 [http-nio-8080-exec-2] [INFO] o.e.b.s.j.JwtTokenFilter - ❌ 토큰 없음 또는 유효하지 않음: null
2025-06-27 11:30:45.129 [http-nio-8080-exec-3] [INFO] o.e.b.s.j.JwtTokenFilter - ❌ 토큰 없음 또는 유효하지 않음: null
2025-06-27 11:30:50.128 [http-nio-8080-exec-4] [INFO] o.e.b.s.j.JwtTokenFilter - ❌ 토큰 없음 또는 유효하지 않음: null
2025-06-27 11:30:55.129 [http-nio-8080-exec-5] [INFO] o.e.b.s.j.JwtTokenFilter - ❌ 토큰 없음 또는 유효하지 않음: null
2025-06-27 11:31:00.127 [http-nio-8080-exec-6] [INFO] o.e.b.s.j.JwtTokenFilter - ❌ 토큰 없음 또는 유효하지 않음: null
2025-06-27 11:31:05.129 [http-nio-8080-exec-7] [INFO] o.e.b.s.j.JwtTokenFilter - ❌ 토큰 없음 또는 유효하지 않음: null
2025-06-27 11:31:10.127 [http-nio-8080-exec-8] [INFO] o.e.b.s.j.JwtTokenFilter - ❌ 토큰 없음 또는 유효하지 않음: null
2025-06-27 11:31:15.127 [http-nio-8080-exec-9] [INFO] o.e.b.s.j.JwtTokenFilter - ❌ 토큰 없음 또는 유효하지 않음: null
2025-06-27 11:31:20.126 [http-nio-8080-exec-10] [INFO] o.e.b.s.j.JwtTokenFilter - ❌ 토큰 없음 또는 유효하지 않음: null
2025-06-27 11:31:25.130 [http-nio-8080-exec-1] [INFO] o.e.b.s.j.JwtTokenFilter - ❌ 토큰 없음 또는 유효하지 않음: null
2025-06-27 11:31:30.125 [http-nio-8080-exec-2] [INFO] o.e.b.s.j.JwtTokenFilter - ❌ 토큰 없음 또는 유효하지 않음: null
2025-06-27 11:31:35.125 [http-nio-8080-exec-3] [INFO] o.e.b.s.j.JwtTokenFilter - ❌ 토큰 없음 또는 유효하지 않음: null
2025-06-27 11:31:40.125 [http-nio-8080-exec-4] [INFO] o.e.b.s.j.JwtTokenFilter - ❌ 토큰 없음 또는 유효하지 않음: null
2025-06-27 11:31:45.125 [http-nio-8080-exec-5] [INFO] o.e.b.s.j.JwtTokenFilter - ❌ 토큰 없음 또는 유효하지 않음: null
2025-06-27 11:31:50.124 [http-nio-8080-exec-6] [INFO] o.e.b.s.j.JwtTokenFilter - ❌ 토큰 없음 또는 유효하지 않음: null
2025-06-27 11:31:55.124 [http-nio-8080-exec-7] [INFO] o.e.b.s.j.JwtTokenFilter - ❌ 토큰 없음 또는 유효하지 않음: null
2025-06-27 11:32:00.123 [http-nio-8080-exec-8] [INFO] o.e.b.s.j.JwtTokenFilter - ❌ 토큰 없음 또는 유효하지 않음: null
2025-06-27 11:32:05.125 [http-nio-8080-exec-9] [INFO] o.e.b.s.j.JwtTokenFilter - ❌ 토큰 없음 또는 유효하지 않음: null
2025-06-27 11:32:10.124 [http-nio-8080-exec-10] [INFO] o.e.b.s.j.JwtTokenFilter - ❌ 토큰 없음 또는 유효하지 않음: null
2025-06-27 11:32:15.123 [http-nio-8080-exec-1] [INFO] o.e.b.s.j.JwtTokenFilter - ❌ 토큰 없음 또는 유효하지 않음: null
2025-06-27 11:32:20.121 [http-nio-8080-exec-2] [INFO] o.e.b.s.j.JwtTokenFilter - ❌ 토큰 없음 또는 유효하지 않음: null
2025-06-27 11:32:25.125 [http-nio-8080-exec-3] [INFO] o.e.b.s.j.JwtTokenFilter - ❌ 토큰 없음 또는 유효하지 않음: null
2025-06-27 11:32:30.121 [http-nio-8080-exec-4] [INFO] o.e.b.s.j.JwtTokenFilter - ❌ 토큰 없음 또는 유효하지 않음: null
2025-06-27 11:32:35.122 [http-nio-8080-exec-5] [INFO] o.e.b.s.j.JwtTokenFilter - ❌ 토큰 없음 또는 유효하지 않음: null
2025-06-27 11:32:40.121 [http-nio-8080-exec-6] [INFO] o.e.b.s.j.JwtTokenFilter - ❌ 토큰 없음 또는 유효하지 않음: null
2025-06-27 11:32:45.120 [http-nio-8080-exec-7] [INFO] o.e.b.s.j.JwtTokenFilter - ❌ 토큰 없음 또는 유효하지 않음: null
2025-06-27 11:32:50.119 [http-nio-8080-exec-8] [INFO] o.e.b.s.j.JwtTokenFilter - ❌ 토큰 없음 또는 유효하지 않음: null
2025-06-27 11:32:55.119 [http-nio-8080-exec-9] [INFO] o.e.b.s.j.JwtTokenFilter - ❌ 토큰 없음 또는 유효하지 않음: null
2025-06-27 11:33:00.120 [http-nio-8080-exec-10] [INFO] o.e.b.s.j.JwtTokenFilter - ❌ 토큰 없음 또는 유효하지 않음: null
2025-06-27 11:33:05.118 [http-nio-8080-exec-1] [INFO] o.e.b.s.j.JwtTokenFilter - ❌ 토큰 없음 또는 유효하지 않음: null
2025-06-27 11:33:10.119 [http-nio-8080-exec-2] [INFO] o.e.b.s.j.JwtTokenFilter - ❌ 토큰 없음 또는 유효하지 않음: null
2025-06-27 11:33:15.118 [http-nio-8080-exec-3] [INFO] o.e.b.s.j.JwtTokenFilter - ❌ 토큰 없음 또는 유효하지 않음: null
2025-06-27 11:33:20.117 [http-nio-8080-exec-4] [INFO] o.e.b.s.j.JwtTokenFilter - ❌ 토큰 없음 또는 유효하지 않음: null
2025-06-27 11:33:25.117 [http-nio-8080-exec-5] [INFO] o.e.b.s.j.JwtTokenFilter - ❌ 토큰 없음 또는 유효하지 않음: null
2025-06-27 11:33:30.117 [http-nio-8080-exec-6] [INFO] o.e.b.s.j.JwtTokenFilter - ❌ 토큰 없음 또는 유효하지 않음: null
2025-06-27 11:33:35.116 [http-nio-8080-exec-7] [INFO] o.e.b.s.j.JwtTokenFilter - ❌ 토큰 없음 또는 유효하지 않음: null
2025-06-27 11:33:40.115 [http-nio-8080-exec-8] [INFO] o.e.b.s.j.JwtTokenFilter - ❌ 토큰 없음 또는 유효하지 않음: null
2025-06-27 11:33:45.116 [http-nio-8080-exec-9] [INFO] o.e.b.s.j.JwtTokenFilter - ❌ 토큰 없음 또는 유효하지 않음: null
2025-06-27 11:33:50.114 [http-nio-8080-exec-10] [INFO] o.e.b.s.j.JwtTokenFilter - ❌ 토큰 없음 또는 유효하지 않음: null
2025-06-27 11:33:55.115 [http-nio-8080-exec-1] [INFO] o.e.b.s.j.JwtTokenFilter - ❌ 토큰 없음 또는 유효하지 않음: null
2025-06-27 11:34:00.114 [http-nio-8080-exec-2] [INFO] o.e.b.s.j.JwtTokenFilter - ❌ 토큰 없음 또는 유효하지 않음: null
2025-06-27 11:34:05.115 [http-nio-8080-exec-3] [INFO] o.e.b.s.j.JwtTokenFilter - ❌ 토큰 없음 또는 유효하지 않음: null
2025-06-27 11:34:10.113 [http-nio-8080-exec-4] [INFO] o.e.b.s.j.JwtTokenFilter - ❌ 토큰 없음 또는 유효하지 않음: null
2025-06-27 11:34:15.114 [http-nio-8080-exec-5] [INFO] o.e.b.s.j.JwtTokenFilter - ❌ 토큰 없음 또는 유효하지 않음: null
2025-06-27 11:34:20.112 [http-nio-8080-exec-6] [INFO] o.e.b.s.j.JwtTokenFilter - ❌ 토큰 없음 또는 유효하지 않음: null
2025-06-27 11:34:25.114 [http-nio-8080-exec-7] [INFO] o.e.b.s.j.JwtTokenFilter - ❌ 토큰 없음 또는 유효하지 않음: null
2025-06-27 11:34:30.112 [http-nio-8080-exec-8] [INFO] o.e.b.s.j.JwtTokenFilter - ❌ 토큰 없음 또는 유효하지 않음: null
2025-06-27 11:34:35.113 [http-nio-8080-exec-9] [INFO] o.e.b.s.j.JwtTokenFilter - ❌ 토큰 없음 또는 유효하지 않음: null
2025-06-27 11:34:40.109 [http-nio-8080-exec-10] [INFO] o.e.b.s.j.JwtTokenFilter - ❌ 토큰 없음 또는 유효하지 않음: null
2025-06-27 11:34:45.110 [http-nio-8080-exec-1] [INFO] o.e.b.s.j.JwtTokenFilter - ❌ 토큰 없음 또는 유효하지 않음: null
2025-06-27 11:34:50.110 [http-nio-8080-exec-2] [INFO] o.e.b.s.j.JwtTokenFilter - ❌ 토큰 없음 또는 유효하지 않음: null
2025-06-27 11:34:55.110 [http-nio-8080-exec-3] [INFO] o.e.b.s.j.JwtTokenFilter - ❌ 토큰 없음 또는 유효하지 않음: null
2025-06-27 11:35:00.111 [http-nio-8080-exec-4] [INFO] o.e.b.s.j.JwtTokenFilter - ❌ 토큰 없음 또는 유효하지 않음: null
2025-06-27 11:35:05.109 [http-nio-8080-exec-5] [INFO] o.e.b.s.j.JwtTokenFilter - ❌ 토큰 없음 또는 유효하지 않음: null
2025-06-27 11:35:10.108 [http-nio-8080-exec-6] [INFO] o.e.b.s.j.JwtTokenFilter - ❌ 토큰 없음 또는 유효하지 않음: null
2025-06-27 11:35:15.108 [http-nio-8080-exec-7] [INFO] o.e.b.s.j.JwtTokenFilter - ❌ 토큰 없음 또는 유효하지 않음: null
2025-06-27 11:35:20.107 [http-nio-8080-exec-8] [INFO] o.e.b.s.j.JwtTokenFilter - ❌ 토큰 없음 또는 유효하지 않음: null
2025-06-27 11:35:25.109 [http-nio-8080-exec-9] [INFO] o.e.b.s.j.JwtTokenFilter - ❌ 토큰 없음 또는 유효하지 않음: null
2025-06-27 11:35:30.106 [http-nio-8080-exec-10] [INFO] o.e.b.s.j.JwtTokenFilter - ❌ 토큰 없음 또는 유효하지 않음: null
2025-06-27 11:35:35.106 [http-nio-8080-exec-1] [INFO] o.e.b.s.j.JwtTokenFilter - ❌ 토큰 없음 또는 유효하지 않음: null
2025-06-27 11:35:40.106 [http-nio-8080-exec-2] [INFO] o.e.b.s.j.JwtTokenFilter - ❌ 토큰 없음 또는 유효하지 않음: null
2025-06-27 11:35:45.105 [http-nio-8080-exec-3] [INFO] o.e.b.s.j.JwtTokenFilter - ❌ 토큰 없음 또는 유효하지 않음: null
2025-06-27 11:35:50.104 [http-nio-8080-exec-4] [INFO] o.e.b.s.j.JwtTokenFilter - ❌ 토큰 없음 또는 유효하지 않음: null
2025-06-27 11:35:55.105 [http-nio-8080-exec-5] [INFO] o.e.b.s.j.JwtTokenFilter - ❌ 토큰 없음 또는 유효하지 않음: null
2025-06-27 11:36:00.104 [http-nio-8080-exec-6] [INFO] o.e.b.s.j.JwtTokenFilter - ❌ 토큰 없음 또는 유효하지 않음: null
2025-06-27 11:36:05.109 [http-nio-8080-exec-7] [INFO] o.e.b.s.j.JwtTokenFilter - ❌ 토큰 없음 또는 유효하지 않음: null
2025-06-27 11:36:10.103 [http-nio-8080-exec-8] [INFO] o.e.b.s.j.JwtTokenFilter - ❌ 토큰 없음 또는 유효하지 않음: null
2025-06-27 11:36:15.103 [http-nio-8080-exec-9] [INFO] o.e.b.s.j.JwtTokenFilter - ❌ 토큰 없음 또는 유효하지 않음: null
2025-06-27 11:36:20.103 [http-nio-8080-exec-10] [INFO] o.e.b.s.j.JwtTokenFilter - ❌ 토큰 없음 또는 유효하지 않음: null
2025-06-27 11:36:25.140 [http-nio-8080-exec-1] [INFO] o.e.b.s.j.JwtTokenFilter - ❌ 토큰 없음 또는 유효하지 않음: null
2025-06-27 11:36:30.102 [http-nio-8080-exec-2] [INFO] o.e.b.s.j.JwtTokenFilter - ❌ 토큰 없음 또는 유효하지 않음: null
2025-06-27 11:36:35.102 [http-nio-8080-exec-3] [INFO] o.e.b.s.j.JwtTokenFilter - ❌ 토큰 없음 또는 유효하지 않음: null
2025-06-27 11:36:40.100 [http-nio-8080-exec-4] [INFO] o.e.b.s.j.JwtTokenFilter - ❌ 토큰 없음 또는 유효하지 않음: null
2025-06-27 11:36:45.105 [http-nio-8080-exec-5] [INFO] o.e.b.s.j.JwtTokenFilter - ❌ 토큰 없음 또는 유효하지 않음: null
2025-06-27 11:36:50.103 [http-nio-8080-exec-6] [INFO] o.e.b.s.j.JwtTokenFilter - ❌ 토큰 없음 또는 유효하지 않음: null
2025-06-27 11:36:55.100 [http-nio-8080-exec-7] [INFO] o.e.b.s.j.JwtTokenFilter - ❌ 토큰 없음 또는 유효하지 않음: null
2025-06-27 11:37:00.104 [http-nio-8080-exec-8] [INFO] o.e.b.s.j.JwtTokenFilter - ❌ 토큰 없음 또는 유효하지 않음: null
2025-06-27 11:37:05.097 [http-nio-8080-exec-9] [INFO] o.e.b.s.j.JwtTokenFilter - ❌ 토큰 없음 또는 유효하지 않음: null
2025-06-27 11:37:10.101 [http-nio-8080-exec-10] [INFO] o.e.b.s.j.JwtTokenFilter - ❌ 토큰 없음 또는 유효하지 않음: null
2025-06-27 11:37:15.097 [http-nio-8080-exec-1] [INFO] o.e.b.s.j.JwtTokenFilter - ❌ 토큰 없음 또는 유효하지 않음: null
2025-06-27 11:37:20.097 [http-nio-8080-exec-2] [INFO] o.e.b.s.j.JwtTokenFilter - ❌ 토큰 없음 또는 유효하지 않음: null
2025-06-27 11:37:25.097 [http-nio-8080-exec-3] [INFO] o.e.b.s.j.JwtTokenFilter - ❌ 토큰 없음 또는 유효하지 않음: null
2025-06-27 11:37:30.098 [http-nio-8080-exec-4] [INFO] o.e.b.s.j.JwtTokenFilter - ❌ 토큰 없음 또는 유효하지 않음: null
2025-06-27 11:37:35.101 [http-nio-8080-exec-5] [INFO] o.e.b.s.j.JwtTokenFilter - ❌ 토큰 없음 또는 유효하지 않음: null
2025-06-27 11:37:40.098 [http-nio-8080-exec-6] [INFO] o.e.b.s.j.JwtTokenFilter - ❌ 토큰 없음 또는 유효하지 않음: null
2025-06-27 11:37:45.095 [http-nio-8080-exec-7] [INFO] o.e.b.s.j.JwtTokenFilter - ❌ 토큰 없음 또는 유효하지 않음: null
2025-06-27 11:37:50.096 [http-nio-8080-exec-8] [INFO] o.e.b.s.j.JwtTokenFilter - ❌ 토큰 없음 또는 유효하지 않음: null
2025-06-27 11:37:55.094 [http-nio-8080-exec-9] [INFO] o.e.b.s.j.JwtTokenFilter - ❌ 토큰 없음 또는 유효하지 않음: null
2025-06-27 11:38:00.102 [http-nio-8080-exec-10] [INFO] o.e.b.s.j.JwtTokenFilter - ❌ 토큰 없음 또는 유효하지 않음: null
2025-06-27 11:38:05.094 [http-nio-8080-exec-1] [INFO] o.e.b.s.j.JwtTokenFilter - ❌ 토큰 없음 또는 유효하지 않음: null
2025-06-27 11:38:10.094 [http-nio-8080-exec-2] [INFO] o.e.b.s.j.JwtTokenFilter - ❌ 토큰 없음 또는 유효하지 않음: null
2025-06-27 11:38:15.094 [http-nio-8080-exec-3] [INFO] o.e.b.s.j.JwtTokenFilter - ❌ 토큰 없음 또는 유효하지 않음: null
2025-06-27 11:38:20.093 [http-nio-8080-exec-4] [INFO] o.e.b.s.j.JwtTokenFilter - ❌ 토큰 없음 또는 유효하지 않음: null
2025-06-27 11:38:25.095 [http-nio-8080-exec-5] [INFO] o.e.b.s.j.JwtTokenFilter - ❌ 토큰 없음 또는 유효하지 않음: null
2025-06-27 11:38:30.092 [http-nio-8080-exec-6] [INFO] o.e.b.s.j.JwtTokenFilter - ❌ 토큰 없음 또는 유효하지 않음: null
2025-06-27 11:38:35.091 [http-nio-8080-exec-7] [INFO] o.e.b.s.j.JwtTokenFilter - ❌ 토큰 없음 또는 유효하지 않음: null
2025-06-27 11:38:40.091 [http-nio-8080-exec-8] [INFO] o.e.b.s.j.JwtTokenFilter - ❌ 토큰 없음 또는 유효하지 않음: null
2025-06-27 11:38:45.092 [http-nio-8080-exec-9] [INFO] o.e.b.s.j.JwtTokenFilter - ❌ 토큰 없음 또는 유효하지 않음: null
2025-06-27 11:38:50.091 [http-nio-8080-exec-10] [INFO] o.e.b.s.j.JwtTokenFilter - ❌ 토큰 없음 또는 유효하지 않음: null
2025-06-27 11:38:55.091 [http-nio-8080-exec-1] [INFO] o.e.b.s.j.JwtTokenFilter - ❌ 토큰 없음 또는 유효하지 않음: null
2025-06-27 11:39:00.091 [http-nio-8080-exec-2] [INFO] o.e.b.s.j.JwtTokenFilter - ❌ 토큰 없음 또는 유효하지 않음: null
2025-06-27 11:39:05.088 [http-nio-8080-exec-3] [INFO] o.e.b.s.j.JwtTokenFilter - ❌ 토큰 없음 또는 유효하지 않음: null
2025-06-27 11:39:10.088 [http-nio-8080-exec-4] [INFO] o.e.b.s.j.JwtTokenFilter - ❌ 토큰 없음 또는 유효하지 않음: null
2025-06-27 11:39:15.090 [http-nio-8080-exec-5] [INFO] o.e.b.s.j.JwtTokenFilter - ❌ 토큰 없음 또는 유효하지 않음: null
2025-06-27 11:39:20.088 [http-nio-8080-exec-6] [INFO] o.e.b.s.j.JwtTokenFilter - ❌ 토큰 없음 또는 유효하지 않음: null
2025-06-27 11:39:25.088 [http-nio-8080-exec-7] [INFO] o.e.b.s.j.JwtTokenFilter - ❌ 토큰 없음 또는 유효하지 않음: null
2025-06-27 11:39:30.088 [http-nio-8080-exec-8] [INFO] o.e.b.s.j.JwtTokenFilter - ❌ 토큰 없음 또는 유효하지 않음: null
2025-06-27 11:39:35.086 [http-nio-8080-exec-9] [INFO] o.e.b.s.j.JwtTokenFilter - ❌ 토큰 없음 또는 유효하지 않음: null
2025-06-27 11:39:40.085 [http-nio-8080-exec-10] [INFO] o.e.b.s.j.JwtTokenFilter - ❌ 토큰 없음 또는 유효하지 않음: null
2025-06-27 11:39:45.088 [http-nio-8080-exec-1] [INFO] o.e.b.s.j.JwtTokenFilter - ❌ 토큰 없음 또는 유효하지 않음: null
2025-06-27 11:39:50.087 [http-nio-8080-exec-2] [INFO] o.e.b.s.j.JwtTokenFilter - ❌ 토큰 없음 또는 유효하지 않음: null
2025-06-27 11:39:55.085 [http-nio-8080-exec-3] [INFO] o.e.b.s.j.JwtTokenFilter - ❌ 토큰 없음 또는 유효하지 않음: null
2025-06-27 11:40:00.085 [http-nio-8080-exec-4] [INFO] o.e.b.s.j.JwtTokenFilter - ❌ 토큰 없음 또는 유효하지 않음: null
2025-06-27 11:40:05.083 [http-nio-8080-exec-5] [INFO] o.e.b.s.j.JwtTokenFilter - ❌ 토큰 없음 또는 유효하지 않음: null
2025-06-27 11:40:10.083 [http-nio-8080-exec-6] [INFO] o.e.b.s.j.JwtTokenFilter - ❌ 토큰 없음 또는 유효하지 않음: null
2025-06-27 11:40:15.083 [http-nio-8080-exec-7] [INFO] o.e.b.s.j.JwtTokenFilter - ❌ 토큰 없음 또는 유효하지 않음: null
2025-06-27 11:40:20.083 [http-nio-8080-exec-8] [INFO] o.e.b.s.j.JwtTokenFilter - ❌ 토큰 없음 또는 유효하지 않음: null
2025-06-27 11:40:25.083 [http-nio-8080-exec-9] [INFO] o.e.b.s.j.JwtTokenFilter - ❌ 토큰 없음 또는 유효하지 않음: null
2025-06-27 11:40:30.103 [http-nio-8080-exec-10] [INFO] o.e.b.s.j.JwtTokenFilter - ❌ 토큰 없음 또는 유효하지 않음: null
2025-06-27 11:40:35.081 [http-nio-8080-exec-1] [INFO] o.e.b.s.j.JwtTokenFilter - ❌ 토큰 없음 또는 유효하지 않음: null
2025-06-27 11:40:40.082 [http-nio-8080-exec-2] [INFO] o.e.b.s.j.JwtTokenFilter - ❌ 토큰 없음 또는 유효하지 않음: null
2025-06-27 11:40:45.082 [http-nio-8080-exec-3] [INFO] o.e.b.s.j.JwtTokenFilter - ❌ 토큰 없음 또는 유효하지 않음: null
2025-06-27 11:40:50.084 [http-nio-8080-exec-4] [INFO] o.e.b.s.j.JwtTokenFilter - ❌ 토큰 없음 또는 유효하지 않음: null
2025-06-27 11:40:55.080 [http-nio-8080-exec-5] [INFO] o.e.b.s.j.JwtTokenFilter - ❌ 토큰 없음 또는 유효하지 않음: null
2025-06-27 11:41:00.087 [http-nio-8080-exec-6] [INFO] o.e.b.s.j.JwtTokenFilter - ❌ 토큰 없음 또는 유효하지 않음: null
2025-06-27 11:41:05.080 [http-nio-8080-exec-7] [INFO] o.e.b.s.j.JwtTokenFilter - ❌ 토큰 없음 또는 유효하지 않음: null
2025-06-27 11:41:10.078 [http-nio-8080-exec-8] [INFO] o.e.b.s.j.JwtTokenFilter - ❌ 토큰 없음 또는 유효하지 않음: null
2025-06-27 11:41:15.079 [http-nio-8080-exec-9] [INFO] o.e.b.s.j.JwtTokenFilter - ❌ 토큰 없음 또는 유효하지 않음: null
2025-06-27 11:41:20.078 [http-nio-8080-exec-10] [INFO] o.e.b.s.j.JwtTokenFilter - ❌ 토큰 없음 또는 유효하지 않음: null
2025-06-27 11:41:25.077 [http-nio-8080-exec-1] [INFO] o.e.b.s.j.JwtTokenFilter - ❌ 토큰 없음 또는 유효하지 않음: null
2025-06-27 11:41:30.077 [http-nio-8080-exec-2] [INFO] o.e.b.s.j.JwtTokenFilter - ❌ 토큰 없음 또는 유효하지 않음: null
2025-06-27 11:41:35.079 [http-nio-8080-exec-3] [INFO] o.e.b.s.j.JwtTokenFilter - ❌ 토큰 없음 또는 유효하지 않음: null
2025-06-27 11:41:40.077 [http-nio-8080-exec-4] [INFO] o.e.b.s.j.JwtTokenFilter - ❌ 토큰 없음 또는 유효하지 않음: null
2025-06-27 11:41:45.074 [http-nio-8080-exec-5] [INFO] o.e.b.s.j.JwtTokenFilter - ❌ 토큰 없음 또는 유효하지 않음: null
2025-06-27 11:41:50.075 [http-nio-8080-exec-6] [INFO] o.e.b.s.j.JwtTokenFilter - ❌ 토큰 없음 또는 유효하지 않음: null
2025-06-27 11:41:55.076 [http-nio-8080-exec-7] [INFO] o.e.b.s.j.JwtTokenFilter - ❌ 토큰 없음 또는 유효하지 않음: null
2025-06-27 11:42:00.077 [http-nio-8080-exec-8] [INFO] o.e.b.s.j.JwtTokenFilter - ❌ 토큰 없음 또는 유효하지 않음: null
2025-06-27 11:42:05.075 [http-nio-8080-exec-9] [INFO] o.e.b.s.j.JwtTokenFilter - ❌ 토큰 없음 또는 유효하지 않음: null
2025-06-27 11:42:10.074 [http-nio-8080-exec-10] [INFO] o.e.b.s.j.JwtTokenFilter - ❌ 토큰 없음 또는 유효하지 않음: null
2025-06-27 11:42:15.074 [http-nio-8080-exec-1] [INFO] o.e.b.s.j.JwtTokenFilter - ❌ 토큰 없음 또는 유효하지 않음: null
2025-06-27 11:42:20.075 [http-nio-8080-exec-2] [INFO] o.e.b.s.j.JwtTokenFilter - ❌ 토큰 없음 또는 유효하지 않음: null
2025-06-27 11:42:24.556 [MessageBroker-1] [INFO] o.s.w.s.c.WebSocketMessageBrokerStats - WebSocketSession[0 current WS(0)-HttpStream(0)-HttpPoll(0), 0 total, 0 closed abnormally (0 connect failure, 0 send limit, 0 transport error)], stompSubProtocol[processed CONNECT(0)-CONNECTED(0)-DISCONNECT(0)], stompBrokerRelay[null], inboundChannel[pool size = 0, active threads = 0, queued tasks = 0, completed tasks = 0], outboundChannel[pool size = 0, active threads = 0, queued tasks = 0, completed tasks = 0], sockJsScheduler[pool size = 2, active threads = 1, queued tasks = 0, completed tasks = 1]
2025-06-27 11:42:25.073 [http-nio-8080-exec-3] [INFO] o.e.b.s.j.JwtTokenFilter - ❌ 토큰 없음 또는 유효하지 않음: null
2025-06-27 11:42:30.072 [http-nio-8080-exec-4] [INFO] o.e.b.s.j.JwtTokenFilter - ❌ 토큰 없음 또는 유효하지 않음: null
2025-06-27 11:42:35.071 [http-nio-8080-exec-5] [INFO] o.e.b.s.j.JwtTokenFilter - ❌ 토큰 없음 또는 유효하지 않음: null
2025-06-27 11:42:40.072 [http-nio-8080-exec-6] [INFO] o.e.b.s.j.JwtTokenFilter - ❌ 토큰 없음 또는 유효하지 않음: null
2025-06-27 11:42:45.071 [http-nio-8080-exec-7] [INFO] o.e.b.s.j.JwtTokenFilter - ❌ 토큰 없음 또는 유효하지 않음: null
2025-06-27 11:42:50.071 [http-nio-8080-exec-8] [INFO] o.e.b.s.j.JwtTokenFilter - ❌ 토큰 없음 또는 유효하지 않음: null
2025-06-27 11:42:55.072 [http-nio-8080-exec-9] [INFO] o.e.b.s.j.JwtTokenFilter - ❌ 토큰 없음 또는 유효하지 않음: null
2025-06-27 11:43:00.072 [http-nio-8080-exec-10] [INFO] o.e.b.s.j.JwtTokenFilter - ❌ 토큰 없음 또는 유효하지 않음: null
2025-06-27 11:43:05.069 [http-nio-8080-exec-1] [INFO] o.e.b.s.j.JwtTokenFilter - ❌ 토큰 없음 또는 유효하지 않음: null
2025-06-27 11:43:10.070 [http-nio-8080-exec-2] [INFO] o.e.b.s.j.JwtTokenFilter - ❌ 토큰 없음 또는 유효하지 않음: null
2025-06-27 11:43:15.070 [http-nio-8080-exec-3] [INFO] o.e.b.s.j.JwtTokenFilter - ❌ 토큰 없음 또는 유효하지 않음: null
2025-06-27 11:43:20.071 [http-nio-8080-exec-4] [INFO] o.e.b.s.j.JwtTokenFilter - ❌ 토큰 없음 또는 유효하지 않음: null
2025-06-27 11:43:25.070 [http-nio-8080-exec-5] [INFO] o.e.b.s.j.JwtTokenFilter - ❌ 토큰 없음 또는 유효하지 않음: null
2025-06-27 11:43:30.069 [http-nio-8080-exec-6] [INFO] o.e.b.s.j.JwtTokenFilter - ❌ 토큰 없음 또는 유효하지 않음: null
2025-06-27 11:43:35.066 [http-nio-8080-exec-7] [INFO] o.e.b.s.j.JwtTokenFilter - ❌ 토큰 없음 또는 유효하지 않음: null
2025-06-27 11:43:40.068 [http-nio-8080-exec-8] [INFO] o.e.b.s.j.JwtTokenFilter - ❌ 토큰 없음 또는 유효하지 않음: null
2025-06-27 11:43:45.066 [http-nio-8080-exec-9] [INFO] o.e.b.s.j.JwtTokenFilter - ❌ 토큰 없음 또는 유효하지 않음: null
2025-06-27 11:43:50.067 [http-nio-8080-exec-10] [INFO] o.e.b.s.j.JwtTokenFilter - ❌ 토큰 없음 또는 유효하지 않음: null
2025-06-27 11:43:55.067 [http-nio-8080-exec-1] [INFO] o.e.b.s.j.JwtTokenFilter - ❌ 토큰 없음 또는 유효하지 않음: null
2025-06-27 11:44:00.065 [http-nio-8080-exec-2] [INFO] o.e.b.s.j.JwtTokenFilter - ❌ 토큰 없음 또는 유효하지 않음: null
2025-06-27 11:44:05.065 [http-nio-8080-exec-3] [INFO] o.e.b.s.j.JwtTokenFilter - ❌ 토큰 없음 또는 유효하지 않음: null
2025-06-27 11:44:10.064 [http-nio-8080-exec-4] [INFO] o.e.b.s.j.JwtTokenFilter - ❌ 토큰 없음 또는 유효하지 않음: null
2025-06-27 11:44:15.066 [http-nio-8080-exec-5] [INFO] o.e.b.s.j.JwtTokenFilter - ❌ 토큰 없음 또는 유효하지 않음: null
2025-06-27 11:44:20.064 [http-nio-8080-exec-6] [INFO] o.e.b.s.j.JwtTokenFilter - ❌ 토큰 없음 또는 유효하지 않음: null
2025-06-27 11:44:25.064 [http-nio-8080-exec-7] [INFO] o.e.b.s.j.JwtTokenFilter - ❌ 토큰 없음 또는 유효하지 않음: null
2025-06-27 11:44:30.064 [http-nio-8080-exec-8] [INFO] o.e.b.s.j.JwtTokenFilter - ❌ 토큰 없음 또는 유효하지 않음: null
2025-06-27 11:44:35.062 [http-nio-8080-exec-9] [INFO] o.e.b.s.j.JwtTokenFilter - ❌ 토큰 없음 또는 유효하지 않음: null
2025-06-27 11:44:40.062 [http-nio-8080-exec-10] [INFO] o.e.b.s.j.JwtTokenFilter - ❌ 토큰 없음 또는 유효하지 않음: null
2025-06-27 11:44:45.085 [http-nio-8080-exec-1] [INFO] o.e.b.s.j.JwtTokenFilter - ❌ 토큰 없음 또는 유효하지 않음: null
2025-06-27 11:44:50.062 [http-nio-8080-exec-2] [INFO] o.e.b.s.j.JwtTokenFilter - ❌ 토큰 없음 또는 유효하지 않음: null
2025-06-27 11:44:55.060 [http-nio-8080-exec-3] [INFO] o.e.b.s.j.JwtTokenFilter - ❌ 토큰 없음 또는 유효하지 않음: null
2025-06-27 11:45:00.061 [http-nio-8080-exec-4] [INFO] o.e.b.s.j.JwtTokenFilter - ❌ 토큰 없음 또는 유효하지 않음: null
2025-06-27 11:45:05.060 [http-nio-8080-exec-5] [INFO] o.e.b.s.j.JwtTokenFilter - ❌ 토큰 없음 또는 유효하지 않음: null
2025-06-27 11:45:10.059 [http-nio-8080-exec-6] [INFO] o.e.b.s.j.JwtTokenFilter - ❌ 토큰 없음 또는 유효하지 않음: null
2025-06-27 11:45:15.059 [http-nio-8080-exec-7] [INFO] o.e.b.s.j.JwtTokenFilter - ❌ 토큰 없음 또는 유효하지 않음: null
2025-06-27 11:45:20.058 [http-nio-8080-exec-8] [INFO] o.e.b.s.j.JwtTokenFilter - ❌ 토큰 없음 또는 유효하지 않음: null
2025-06-27 11:45:25.059 [http-nio-8080-exec-9] [INFO] o.e.b.s.j.JwtTokenFilter - ❌ 토큰 없음 또는 유효하지 않음: null
2025-06-27 11:45:30.057 [http-nio-8080-exec-10] [INFO] o.e.b.s.j.JwtTokenFilter - ❌ 토큰 없음 또는 유효하지 않음: null
2025-06-27 11:45:35.061 [http-nio-8080-exec-1] [INFO] o.e.b.s.j.JwtTokenFilter - ❌ 토큰 없음 또는 유효하지 않음: null
2025-06-27 11:45:40.057 [http-nio-8080-exec-2] [INFO] o.e.b.s.j.JwtTokenFilter - ❌ 토큰 없음 또는 유효하지 않음: null
2025-06-27 11:45:45.057 [http-nio-8080-exec-3] [INFO] o.e.b.s.j.JwtTokenFilter - ❌ 토큰 없음 또는 유효하지 않음: null
2025-06-27 11:45:50.062 [http-nio-8080-exec-4] [INFO] o.e.b.s.j.JwtTokenFilter - ❌ 토큰 없음 또는 유효하지 않음: null
2025-06-27 11:45:55.054 [http-nio-8080-exec-5] [INFO] o.e.b.s.j.JwtTokenFilter - ❌ 토큰 없음 또는 유효하지 않음: null
2025-06-27 11:46:00.056 [http-nio-8080-exec-6] [INFO] o.e.b.s.j.JwtTokenFilter - ❌ 토큰 없음 또는 유효하지 않음: null
2025-06-27 11:46:05.056 [http-nio-8080-exec-7] [INFO] o.e.b.s.j.JwtTokenFilter - ❌ 토큰 없음 또는 유효하지 않음: null
2025-06-27 11:46:10.055 [http-nio-8080-exec-8] [INFO] o.e.b.s.j.JwtTokenFilter - ❌ 토큰 없음 또는 유효하지 않음: null
2025-06-27 11:46:15.055 [http-nio-8080-exec-9] [INFO] o.e.b.s.j.JwtTokenFilter - ❌ 토큰 없음 또는 유효하지 않음: null
2025-06-27 11:46:20.054 [http-nio-8080-exec-10] [INFO] o.e.b.s.j.JwtTokenFilter - ❌ 토큰 없음 또는 유효하지 않음: null
2025-06-27 11:46:25.054 [http-nio-8080-exec-1] [INFO] o.e.b.s.j.JwtTokenFilter - ❌ 토큰 없음 또는 유효하지 않음: null
2025-06-27 11:46:30.053 [http-nio-8080-exec-2] [INFO] o.e.b.s.j.JwtTokenFilter - ❌ 토큰 없음 또는 유효하지 않음: null
2025-06-27 11:46:35.052 [http-nio-8080-exec-3] [INFO] o.e.b.s.j.JwtTokenFilter - ❌ 토큰 없음 또는 유효하지 않음: null
2025-06-27 11:46:40.051 [http-nio-8080-exec-4] [INFO] o.e.b.s.j.JwtTokenFilter - ❌ 토큰 없음 또는 유효하지 않음: null
2025-06-27 11:46:45.053 [http-nio-8080-exec-5] [INFO] o.e.b.s.j.JwtTokenFilter - ❌ 토큰 없음 또는 유효하지 않음: null
2025-06-27 11:46:50.050 [http-nio-8080-exec-6] [INFO] o.e.b.s.j.JwtTokenFilter - ❌ 토큰 없음 또는 유효하지 않음: null
2025-06-27 11:46:55.050 [http-nio-8080-exec-7] [INFO] o.e.b.s.j.JwtTokenFilter - ❌ 토큰 없음 또는 유효하지 않음: null
2025-06-27 11:47:00.050 [http-nio-8080-exec-8] [INFO] o.e.b.s.j.JwtTokenFilter - ❌ 토큰 없음 또는 유효하지 않음: null
2025-06-27 11:47:05.051 [http-nio-8080-exec-9] [INFO] o.e.b.s.j.JwtTokenFilter - ❌ 토큰 없음 또는 유효하지 않음: null
2025-06-27 11:47:10.051 [http-nio-8080-exec-10] [INFO] o.e.b.s.j.JwtTokenFilter - ❌ 토큰 없음 또는 유효하지 않음: null
2025-06-27 11:47:15.049 [http-nio-8080-exec-1] [INFO] o.e.b.s.j.JwtTokenFilter - ❌ 토큰 없음 또는 유효하지 않음: null
2025-06-27 11:47:20.050 [http-nio-8080-exec-2] [INFO] o.e.b.s.j.JwtTokenFilter - ❌ 토큰 없음 또는 유효하지 않음: null
2025-06-27 11:47:25.048 [http-nio-8080-exec-3] [INFO] o.e.b.s.j.JwtTokenFilter - ❌ 토큰 없음 또는 유효하지 않음: null
2025-06-27 11:47:30.048 [http-nio-8080-exec-4] [INFO] o.e.b.s.j.JwtTokenFilter - ❌ 토큰 없음 또는 유효하지 않음: null
2025-06-27 11:47:35.047 [http-nio-8080-exec-5] [INFO] o.e.b.s.j.JwtTokenFilter - ❌ 토큰 없음 또는 유효하지 않음: null
2025-06-27 11:47:40.047 [http-nio-8080-exec-6] [INFO] o.e.b.s.j.JwtTokenFilter - ❌ 토큰 없음 또는 유효하지 않음: null
2025-06-27 11:47:45.054 [http-nio-8080-exec-7] [INFO] o.e.b.s.j.JwtTokenFilter - ❌ 토큰 없음 또는 유효하지 않음: null
2025-06-27 11:47:50.048 [http-nio-8080-exec-8] [INFO] o.e.b.s.j.JwtTokenFilter - ❌ 토큰 없음 또는 유효하지 않음: null
2025-06-27 11:47:55.046 [http-nio-8080-exec-9] [INFO] o.e.b.s.j.JwtTokenFilter - ❌ 토큰 없음 또는 유효하지 않음: null
2025-06-27 11:48:00.046 [http-nio-8080-exec-10] [INFO] o.e.b.s.j.JwtTokenFilter - ❌ 토큰 없음 또는 유효하지 않음: null
2025-06-27 11:48:05.045 [http-nio-8080-exec-1] [INFO] o.e.b.s.j.JwtTokenFilter - ❌ 토큰 없음 또는 유효하지 않음: null
2025-06-27 11:48:10.045 [http-nio-8080-exec-2] [INFO] o.e.b.s.j.JwtTokenFilter - ❌ 토큰 없음 또는 유효하지 않음: null
2025-06-27 11:48:15.045 [http-nio-8080-exec-3] [INFO] o.e.b.s.j.JwtTokenFilter - ❌ 토큰 없음 또는 유효하지 않음: null
2025-06-27 11:48:20.045 [http-nio-8080-exec-4] [INFO] o.e.b.s.j.JwtTokenFilter - ❌ 토큰 없음 또는 유효하지 않음: null
2025-06-27 11:48:25.043 [http-nio-8080-exec-5] [INFO] o.e.b.s.j.JwtTokenFilter - ❌ 토큰 없음 또는 유효하지 않음: null
2025-06-27 11:48:30.043 [http-nio-8080-exec-6] [INFO] o.e.b.s.j.JwtTokenFilter - ❌ 토큰 없음 또는 유효하지 않음: null
2025-06-27 11:48:35.042 [http-nio-8080-exec-7] [INFO] o.e.b.s.j.JwtTokenFilter - ❌ 토큰 없음 또는 유효하지 않음: null
2025-06-27 11:48:40.043 [http-nio-8080-exec-8] [INFO] o.e.b.s.j.JwtTokenFilter - ❌ 토큰 없음 또는 유효하지 않음: null
2025-06-27 11:48:45.042 [http-nio-8080-exec-9] [INFO] o.e.b.s.j.JwtTokenFilter - ❌ 토큰 없음 또는 유효하지 않음: null
2025-06-27 11:48:50.043 [http-nio-8080-exec-10] [INFO] o.e.b.s.j.JwtTokenFilter - ❌ 토큰 없음 또는 유효하지 않음: null
2025-06-27 11:48:55.042 [http-nio-8080-exec-1] [INFO] o.e.b.s.j.JwtTokenFilter - ❌ 토큰 없음 또는 유효하지 않음: null
2025-06-27 11:49:00.041 [http-nio-8080-exec-2] [INFO] o.e.b.s.j.JwtTokenFilter - ❌ 토큰 없음 또는 유효하지 않음: null
2025-06-27 11:49:05.039 [http-nio-8080-exec-3] [INFO] o.e.b.s.j.JwtTokenFilter - ❌ 토큰 없음 또는 유효하지 않음: null
2025-06-27 11:49:10.040 [http-nio-8080-exec-4] [INFO] o.e.b.s.j.JwtTokenFilter - ❌ 토큰 없음 또는 유효하지 않음: null
2025-06-27 11:49:15.041 [http-nio-8080-exec-5] [INFO] o.e.b.s.j.JwtTokenFilter - ❌ 토큰 없음 또는 유효하지 않음: null
2025-06-27 11:49:20.039 [http-nio-8080-exec-6] [INFO] o.e.b.s.j.JwtTokenFilter - ❌ 토큰 없음 또는 유효하지 않음: null
2025-06-27 11:49:25.039 [http-nio-8080-exec-7] [INFO] o.e.b.s.j.JwtTokenFilter - ❌ 토큰 없음 또는 유효하지 않음: null
2025-06-27 11:49:30.040 [http-nio-8080-exec-8] [INFO] o.e.b.s.j.JwtTokenFilter - ❌ 토큰 없음 또는 유효하지 않음: null
2025-06-27 11:49:35.037 [http-nio-8080-exec-9] [INFO] o.e.b.s.j.JwtTokenFilter - ❌ 토큰 없음 또는 유효하지 않음: null
2025-06-27 11:49:40.038 [http-nio-8080-exec-10] [INFO] o.e.b.s.j.JwtTokenFilter - ❌ 토큰 없음 또는 유효하지 않음: null
2025-06-27 11:49:45.038 [http-nio-8080-exec-1] [INFO] o.e.b.s.j.JwtTokenFilter - ❌ 토큰 없음 또는 유효하지 않음: null
2025-06-27 11:49:50.042 [http-nio-8080-exec-2] [INFO] o.e.b.s.j.JwtTokenFilter - ❌ 토큰 없음 또는 유효하지 않음: null
2025-06-27 11:49:51.130 [http-nio-8080-exec-4] [INFO] o.e.b.s.j.JwtTokenFilter - ❌ 토큰 없음 또는 유효하지 않음: null
2025-06-27 11:49:51.423 [http-nio-8080-exec-7] [INFO] o.e.b.s.j.JwtTokenFilter - ❌ 토큰 없음 또는 유효하지 않음: null
2025-06-27 11:49:55.036 [http-nio-8080-exec-8] [INFO] o.e.b.s.j.JwtTokenFilter - ❌ 토큰 없음 또는 유효하지 않음: null
2025-06-27 11:50:00.036 [http-nio-8080-exec-9] [INFO] o.e.b.s.j.JwtTokenFilter - ❌ 토큰 없음 또는 유효하지 않음: null
2025-06-27 11:50:05.037 [http-nio-8080-exec-10] [INFO] o.e.b.s.j.JwtTokenFilter - ❌ 토큰 없음 또는 유효하지 않음: null
2025-06-27 11:50:10.037 [http-nio-8080-exec-1] [INFO] o.e.b.s.j.JwtTokenFilter - ❌ 토큰 없음 또는 유효하지 않음: null
2025-06-27 11:50:15.035 [http-nio-8080-exec-2] [INFO] o.e.b.s.j.JwtTokenFilter - ❌ 토큰 없음 또는 유효하지 않음: null
2025-06-27 11:50:20.035 [http-nio-8080-exec-3] [INFO] o.e.b.s.j.JwtTokenFilter - ❌ 토큰 없음 또는 유효하지 않음: null
2025-06-27 11:50:25.035 [http-nio-8080-exec-4] [INFO] o.e.b.s.j.JwtTokenFilter - ❌ 토큰 없음 또는 유효하지 않음: null
2025-06-27 11:50:30.033 [http-nio-8080-exec-5] [INFO] o.e.b.s.j.JwtTokenFilter - ❌ 토큰 없음 또는 유효하지 않음: null
2025-06-27 11:50:35.032 [http-nio-8080-exec-6] [INFO] o.e.b.s.j.JwtTokenFilter - ❌ 토큰 없음 또는 유효하지 않음: null
2025-06-27 11:50:40.032 [http-nio-8080-exec-7] [INFO] o.e.b.s.j.JwtTokenFilter - ❌ 토큰 없음 또는 유효하지 않음: null
2025-06-27 11:50:45.034 [http-nio-8080-exec-8] [INFO] o.e.b.s.j.JwtTokenFilter - ❌ 토큰 없음 또는 유효하지 않음: null
2025-06-27 11:50:50.034 [http-nio-8080-exec-9] [INFO] o.e.b.s.j.JwtTokenFilter - ❌ 토큰 없음 또는 유효하지 않음: null
2025-06-27 11:50:55.032 [http-nio-8080-exec-1] [INFO] o.e.b.s.j.JwtTokenFilter - ❌ 토큰 없음 또는 유효하지 않음: null
2025-06-27 11:51:00.035 [http-nio-8080-exec-2] [INFO] o.e.b.s.j.JwtTokenFilter - ❌ 토큰 없음 또는 유효하지 않음: null
2025-06-27 11:51:05.030 [http-nio-8080-exec-3] [INFO] o.e.b.s.j.JwtTokenFilter - ❌ 토큰 없음 또는 유효하지 않음: null
2025-06-27 11:51:10.029 [http-nio-8080-exec-4] [INFO] o.e.b.s.j.JwtTokenFilter - ❌ 토큰 없음 또는 유효하지 않음: null
2025-06-27 11:51:15.033 [http-nio-8080-exec-5] [INFO] o.e.b.s.j.JwtTokenFilter - ❌ 토큰 없음 또는 유효하지 않음: null
2025-06-27 11:51:20.030 [http-nio-8080-exec-6] [INFO] o.e.b.s.j.JwtTokenFilter - ❌ 토큰 없음 또는 유효하지 않음: null
2025-06-27 11:51:25.031 [http-nio-8080-exec-7] [INFO] o.e.b.s.j.JwtTokenFilter - ❌ 토큰 없음 또는 유효하지 않음: null
2025-06-27 11:51:30.029 [http-nio-8080-exec-8] [INFO] o.e.b.s.j.JwtTokenFilter - ❌ 토큰 없음 또는 유효하지 않음: null
2025-06-27 11:51:35.029 [http-nio-8080-exec-9] [INFO] o.e.b.s.j.JwtTokenFilter - ❌ 토큰 없음 또는 유효하지 않음: null
2025-06-27 11:51:40.030 [http-nio-8080-exec-10] [INFO] o.e.b.s.j.JwtTokenFilter - ❌ 토큰 없음 또는 유효하지 않음: null
2025-06-27 11:51:45.028 [http-nio-8080-exec-1] [INFO] o.e.b.s.j.JwtTokenFilter - ❌ 토큰 없음 또는 유효하지 않음: null
2025-06-27 11:51:50.026 [http-nio-8080-exec-2] [INFO] o.e.b.s.j.JwtTokenFilter - ❌ 토큰 없음 또는 유효하지 않음: null
2025-06-27 11:51:55.028 [http-nio-8080-exec-3] [INFO] o.e.b.s.j.JwtTokenFilter - ❌ 토큰 없음 또는 유효하지 않음: null
2025-06-27 11:52:00.026 [http-nio-8080-exec-4] [INFO] o.e.b.s.j.JwtTokenFilter - ❌ 토큰 없음 또는 유효하지 않음: null
2025-06-27 11:52:05.024 [http-nio-8080-exec-5] [INFO] o.e.b.s.j.JwtTokenFilter - ❌ 토큰 없음 또는 유효하지 않음: null
2025-06-27 11:52:10.026 [http-nio-8080-exec-6] [INFO] o.e.b.s.j.JwtTokenFilter - ❌ 토큰 없음 또는 유효하지 않음: null
2025-06-27 11:52:15.026 [http-nio-8080-exec-7] [INFO] o.e.b.s.j.JwtTokenFilter - ❌ 토큰 없음 또는 유효하지 않음: null
2025-06-27 11:52:20.024 [http-nio-8080-exec-8] [INFO] o.e.b.s.j.JwtTokenFilter - ❌ 토큰 없음 또는 유효하지 않음: null
2025-06-27 11:52:25.025 [http-nio-8080-exec-9] [INFO] o.e.b.s.j.JwtTokenFilter - ❌ 토큰 없음 또는 유효하지 않음: null
2025-06-27 11:52:30.023 [http-nio-8080-exec-10] [INFO] o.e.b.s.j.JwtTokenFilter - ❌ 토큰 없음 또는 유효하지 않음: null
2025-06-27 11:52:35.023 [http-nio-8080-exec-1] [INFO] o.e.b.s.j.JwtTokenFilter - ❌ 토큰 없음 또는 유효하지 않음: null
2025-06-27 11:52:40.025 [http-nio-8080-exec-2] [INFO] o.e.b.s.j.JwtTokenFilter - ❌ 토큰 없음 또는 유효하지 않음: null
2025-06-27 11:52:45.023 [http-nio-8080-exec-3] [INFO] o.e.b.s.j.JwtTokenFilter - ❌ 토큰 없음 또는 유효하지 않음: null
2025-06-27 11:52:50.023 [http-nio-8080-exec-4] [INFO] o.e.b.s.j.JwtTokenFilter - ❌ 토큰 없음 또는 유효하지 않음: null
2025-06-27 11:52:55.021 [http-nio-8080-exec-5] [INFO] o.e.b.s.j.JwtTokenFilter - ❌ 토큰 없음 또는 유효하지 않음: null
2025-06-27 11:53:00.024 [http-nio-8080-exec-6] [INFO] o.e.b.s.j.JwtTokenFilter - ❌ 토큰 없음 또는 유효하지 않음: null
2025-06-27 11:53:05.031 [http-nio-8080-exec-7] [INFO] o.e.b.s.j.JwtTokenFilter - ❌ 토큰 없음 또는 유효하지 않음: null
2025-06-27 11:53:10.021 [http-nio-8080-exec-8] [INFO] o.e.b.s.j.JwtTokenFilter - ❌ 토큰 없음 또는 유효하지 않음: null
2025-06-27 11:53:15.021 [http-nio-8080-exec-9] [INFO] o.e.b.s.j.JwtTokenFilter - ❌ 토큰 없음 또는 유효하지 않음: null
2025-06-27 11:53:20.020 [http-nio-8080-exec-10] [INFO] o.e.b.s.j.JwtTokenFilter - ❌ 토큰 없음 또는 유효하지 않음: null
2025-06-27 11:53:25.037 [http-nio-8080-exec-1] [INFO] o.e.b.s.j.JwtTokenFilter - ❌ 토큰 없음 또는 유효하지 않음: null
2025-06-27 11:53:30.021 [http-nio-8080-exec-2] [INFO] o.e.b.s.j.JwtTokenFilter - ❌ 토큰 없음 또는 유효하지 않음: null
2025-06-27 11:53:35.035 [http-nio-8080-exec-3] [INFO] o.e.b.s.j.JwtTokenFilter - ❌ 토큰 없음 또는 유효하지 않음: null
2025-06-27 11:53:40.019 [http-nio-8080-exec-4] [INFO] o.e.b.s.j.JwtTokenFilter - ❌ 토큰 없음 또는 유효하지 않음: null
2025-06-27 11:53:45.018 [http-nio-8080-exec-5] [INFO] o.e.b.s.j.JwtTokenFilter - ❌ 토큰 없음 또는 유효하지 않음: null
2025-06-27 11:53:50.017 [http-nio-8080-exec-6] [INFO] o.e.b.s.j.JwtTokenFilter - ❌ 토큰 없음 또는 유효하지 않음: null
2025-06-27 11:53:55.017 [http-nio-8080-exec-7] [INFO] o.e.b.s.j.JwtTokenFilter - ❌ 토큰 없음 또는 유효하지 않음: null
2025-06-27 11:54:00.015 [http-nio-8080-exec-8] [INFO] o.e.b.s.j.JwtTokenFilter - ❌ 토큰 없음 또는 유효하지 않음: null
2025-06-27 11:54:05.016 [http-nio-8080-exec-9] [INFO] o.e.b.s.j.JwtTokenFilter - ❌ 토큰 없음 또는 유효하지 않음: null
2025-06-27 11:54:10.015 [http-nio-8080-exec-10] [INFO] o.e.b.s.j.JwtTokenFilter - ❌ 토큰 없음 또는 유효하지 않음: null
2025-06-27 11:54:15.015 [http-nio-8080-exec-1] [INFO] o.e.b.s.j.JwtTokenFilter - ❌ 토큰 없음 또는 유효하지 않음: null
2025-06-27 11:54:20.015 [http-nio-8080-exec-2] [INFO] o.e.b.s.j.JwtTokenFilter - ❌ 토큰 없음 또는 유효하지 않음: null
2025-06-27 11:54:25.013 [http-nio-8080-exec-3] [INFO] o.e.b.s.j.JwtTokenFilter - ❌ 토큰 없음 또는 유효하지 않음: null
2025-06-27 11:54:30.013 [http-nio-8080-exec-4] [INFO] o.e.b.s.j.JwtTokenFilter - ❌ 토큰 없음 또는 유효하지 않음: null
2025-06-27 11:54:35.013 [http-nio-8080-exec-5] [INFO] o.e.b.s.j.JwtTokenFilter - ❌ 토큰 없음 또는 유효하지 않음: null
2025-06-27 11:54:40.012 [http-nio-8080-exec-6] [INFO] o.e.b.s.j.JwtTokenFilter - ❌ 토큰 없음 또는 유효하지 않음: null
2025-06-27 11:54:45.012 [http-nio-8080-exec-7] [INFO] o.e.b.s.j.JwtTokenFilter - ❌ 토큰 없음 또는 유효하지 않음: null
2025-06-27 11:54:50.012 [http-nio-8080-exec-8] [INFO] o.e.b.s.j.JwtTokenFilter - ❌ 토큰 없음 또는 유효하지 않음: null
2025-06-27 11:54:55.011 [http-nio-8080-exec-9] [INFO] o.e.b.s.j.JwtTokenFilter - ❌ 토큰 없음 또는 유효하지 않음: null
2025-06-27 11:55:00.013 [http-nio-8080-exec-10] [INFO] o.e.b.s.j.JwtTokenFilter - ❌ 토큰 없음 또는 유효하지 않음: null
2025-06-27 11:55:05.009 [http-nio-8080-exec-1] [INFO] o.e.b.s.j.JwtTokenFilter - ❌ 토큰 없음 또는 유효하지 않음: null
2025-06-27 11:55:10.009 [http-nio-8080-exec-2] [INFO] o.e.b.s.j.JwtTokenFilter - ❌ 토큰 없음 또는 유효하지 않음: null
2025-06-27 11:55:15.008 [http-nio-8080-exec-3] [INFO] o.e.b.s.j.JwtTokenFilter - ❌ 토큰 없음 또는 유효하지 않음: null
2025-06-27 11:55:20.009 [http-nio-8080-exec-4] [INFO] o.e.b.s.j.JwtTokenFilter - ❌ 토큰 없음 또는 유효하지 않음: null
2025-06-27 11:55:25.008 [http-nio-8080-exec-5] [INFO] o.e.b.s.j.JwtTokenFilter - ❌ 토큰 없음 또는 유효하지 않음: null
2025-06-27 11:55:30.008 [http-nio-8080-exec-6] [INFO] o.e.b.s.j.JwtTokenFilter - ❌ 토큰 없음 또는 유효하지 않음: null
2025-06-27 11:55:35.008 [http-nio-8080-exec-7] [INFO] o.e.b.s.j.JwtTokenFilter - ❌ 토큰 없음 또는 유효하지 않음: null
2025-06-27 11:55:40.008 [http-nio-8080-exec-8] [INFO] o.e.b.s.j.JwtTokenFilter - ❌ 토큰 없음 또는 유효하지 않음: null
2025-06-27 11:55:45.008 [http-nio-8080-exec-9] [INFO] o.e.b.s.j.JwtTokenFilter - ❌ 토큰 없음 또는 유효하지 않음: null
2025-06-27 11:55:50.010 [http-nio-8080-exec-10] [INFO] o.e.b.s.j.JwtTokenFilter - ❌ 토큰 없음 또는 유효하지 않음: null
2025-06-27 11:55:55.031 [http-nio-8080-exec-1] [INFO] o.e.b.s.j.JwtTokenFilter - ❌ 토큰 없음 또는 유효하지 않음: null
2025-06-27 11:56:00.005 [http-nio-8080-exec-2] [INFO] o.e.b.s.j.JwtTokenFilter - ❌ 토큰 없음 또는 유효하지 않음: null
2025-06-27 11:56:05.005 [http-nio-8080-exec-3] [INFO] o.e.b.s.j.JwtTokenFilter - ❌ 토큰 없음 또는 유효하지 않음: null
2025-06-27 11:56:10.004 [http-nio-8080-exec-4] [INFO] o.e.b.s.j.JwtTokenFilter - ❌ 토큰 없음 또는 유효하지 않음: null
2025-06-27 11:56:15.007 [http-nio-8080-exec-5] [INFO] o.e.b.s.j.JwtTokenFilter - ❌ 토큰 없음 또는 유효하지 않음: null
2025-06-27 11:56:20.004 [http-nio-8080-exec-6] [INFO] o.e.b.s.j.JwtTokenFilter - ❌ 토큰 없음 또는 유효하지 않음: null
2025-06-27 11:56:25.003 [http-nio-8080-exec-7] [INFO] o.e.b.s.j.JwtTokenFilter - ❌ 토큰 없음 또는 유효하지 않음: null
2025-06-27 11:56:30.005 [http-nio-8080-exec-8] [INFO] o.e.b.s.j.JwtTokenFilter - ❌ 토큰 없음 또는 유효하지 않음: null
2025-06-27 11:56:35.003 [http-nio-8080-exec-9] [INFO] o.e.b.s.j.JwtTokenFilter - ❌ 토큰 없음 또는 유효하지 않음: null
2025-06-27 11:56:40.005 [http-nio-8080-exec-10] [INFO] o.e.b.s.j.JwtTokenFilter - ❌ 토큰 없음 또는 유효하지 않음: null
2025-06-27 11:56:45.006 [http-nio-8080-exec-1] [INFO] o.e.b.s.j.JwtTokenFilter - ❌ 토큰 없음 또는 유효하지 않음: null
2025-06-27 11:56:50.003 [http-nio-8080-exec-2] [INFO] o.e.b.s.j.JwtTokenFilter - ❌ 토큰 없음 또는 유효하지 않음: null
2025-06-27 11:56:55.002 [http-nio-8080-exec-3] [INFO] o.e.b.s.j.JwtTokenFilter - ❌ 토큰 없음 또는 유효하지 않음: null
2025-06-27 11:57:00.002 [http-nio-8080-exec-4] [INFO] o.e.b.s.j.JwtTokenFilter - ❌ 토큰 없음 또는 유효하지 않음: null
2025-06-27 11:57:05.001 [http-nio-8080-exec-5] [INFO] o.e.b.s.j.JwtTokenFilter - ❌ 토큰 없음 또는 유효하지 않음: null
2025-06-27 11:57:10.003 [http-nio-8080-exec-6] [INFO] o.e.b.s.j.JwtTokenFilter - ❌ 토큰 없음 또는 유효하지 않음: null
2025-06-27 11:57:15.001 [http-nio-8080-exec-7] [INFO] o.e.b.s.j.JwtTokenFilter - ❌ 토큰 없음 또는 유효하지 않음: null
2025-06-27 11:57:20.002 [http-nio-8080-exec-8] [INFO] o.e.b.s.j.JwtTokenFilter - ❌ 토큰 없음 또는 유효하지 않음: null
2025-06-27 11:57:24.999 [http-nio-8080-exec-9] [INFO] o.e.b.s.j.JwtTokenFilter - ❌ 토큰 없음 또는 유효하지 않음: null
2025-06-27 11:57:29.998 [http-nio-8080-exec-10] [INFO] o.e.b.s.j.JwtTokenFilter - ❌ 토큰 없음 또는 유효하지 않음: null
2025-06-27 11:57:35.001 [http-nio-8080-exec-1] [INFO] o.e.b.s.j.JwtTokenFilter - ❌ 토큰 없음 또는 유효하지 않음: null
2025-06-27 11:57:39.999 [http-nio-8080-exec-2] [INFO] o.e.b.s.j.JwtTokenFilter - ❌ 토큰 없음 또는 유효하지 않음: null
2025-06-27 11:57:44.999 [http-nio-8080-exec-3] [INFO] o.e.b.s.j.JwtTokenFilter - ❌ 토큰 없음 또는 유효하지 않음: null
2025-06-27 11:57:49.998 [http-nio-8080-exec-4] [INFO] o.e.b.s.j.JwtTokenFilter - ❌ 토큰 없음 또는 유효하지 않음: null
2025-06-27 11:57:54.998 [http-nio-8080-exec-5] [INFO] o.e.b.s.j.JwtTokenFilter - ❌ 토큰 없음 또는 유효하지 않음: null
2025-06-27 11:57:59.997 [http-nio-8080-exec-6] [INFO] o.e.b.s.j.JwtTokenFilter - ❌ 토큰 없음 또는 유효하지 않음: null
2025-06-27 11:58:04.995 [http-nio-8080-exec-7] [INFO] o.e.b.s.j.JwtTokenFilter - ❌ 토큰 없음 또는 유효하지 않음: null
2025-06-27 11:58:09.997 [http-nio-8080-exec-8] [INFO] o.e.b.s.j.JwtTokenFilter - ❌ 토큰 없음 또는 유효하지 않음: null
2025-06-27 11:58:14.997 [http-nio-8080-exec-9] [INFO] o.e.b.s.j.JwtTokenFilter - ❌ 토큰 없음 또는 유효하지 않음: null
2025-06-27 11:58:19.996 [http-nio-8080-exec-10] [INFO] o.e.b.s.j.JwtTokenFilter - ❌ 토큰 없음 또는 유효하지 않음: null
2025-06-27 11:58:24.997 [http-nio-8080-exec-1] [INFO] o.e.b.s.j.JwtTokenFilter - ❌ 토큰 없음 또는 유효하지 않음: null
2025-06-27 11:58:29.994 [http-nio-8080-exec-2] [INFO] o.e.b.s.j.JwtTokenFilter - ❌ 토큰 없음 또는 유효하지 않음: null
2025-06-27 11:58:34.994 [http-nio-8080-exec-3] [INFO] o.e.b.s.j.JwtTokenFilter - ❌ 토큰 없음 또는 유효하지 않음: null
2025-06-27 11:58:39.995 [http-nio-8080-exec-4] [INFO] o.e.b.s.j.JwtTokenFilter - ❌ 토큰 없음 또는 유효하지 않음: null
2025-06-27 11:58:44.995 [http-nio-8080-exec-5] [INFO] o.e.b.s.j.JwtTokenFilter - ❌ 토큰 없음 또는 유효하지 않음: null
2025-06-27 11:58:49.992 [http-nio-8080-exec-6] [INFO] o.e.b.s.j.JwtTokenFilter - ❌ 토큰 없음 또는 유효하지 않음: null
2025-06-27 11:58:54.991 [http-nio-8080-exec-7] [INFO] o.e.b.s.j.JwtTokenFilter - ❌ 토큰 없음 또는 유효하지 않음: null
2025-06-27 11:58:59.991 [http-nio-8080-exec-8] [INFO] o.e.b.s.j.JwtTokenFilter - ❌ 토큰 없음 또는 유효하지 않음: null
2025-06-27 11:59:04.991 [http-nio-8080-exec-9] [INFO] o.e.b.s.j.JwtTokenFilter - ❌ 토큰 없음 또는 유효하지 않음: null
2025-06-27 11:59:09.990 [http-nio-8080-exec-10] [INFO] o.e.b.s.j.JwtTokenFilter - ❌ 토큰 없음 또는 유효하지 않음: null
2025-06-27 11:59:14.990 [http-nio-8080-exec-1] [INFO] o.e.b.s.j.JwtTokenFilter - ❌ 토큰 없음 또는 유효하지 않음: null
2025-06-27 11:59:19.989 [http-nio-8080-exec-2] [INFO] o.e.b.s.j.JwtTokenFilter - ❌ 토큰 없음 또는 유효하지 않음: null
2025-06-27 11:59:24.990 [http-nio-8080-exec-3] [INFO] o.e.b.s.j.JwtTokenFilter - ❌ 토큰 없음 또는 유효하지 않음: null
2025-06-27 11:59:29.991 [http-nio-8080-exec-4] [INFO] o.e.b.s.j.JwtTokenFilter - ❌ 토큰 없음 또는 유효하지 않음: null
2025-06-27 11:59:34.988 [http-nio-8080-exec-5] [INFO] o.e.b.s.j.JwtTokenFilter - ❌ 토큰 없음 또는 유효하지 않음: null
2025-06-27 11:59:39.988 [http-nio-8080-exec-6] [INFO] o.e.b.s.j.JwtTokenFilter - ❌ 토큰 없음 또는 유효하지 않음: null
2025-06-27 11:59:44.988 [http-nio-8080-exec-7] [INFO] o.e.b.s.j.JwtTokenFilter - ❌ 토큰 없음 또는 유효하지 않음: null
2025-06-27 11:59:49.988 [http-nio-8080-exec-8] [INFO] o.e.b.s.j.JwtTokenFilter - ❌ 토큰 없음 또는 유효하지 않음: null
2025-06-27 11:59:54.987 [http-nio-8080-exec-9] [INFO] o.e.b.s.j.JwtTokenFilter - ❌ 토큰 없음 또는 유효하지 않음: null
2025-06-27 11:59:59.989 [http-nio-8080-exec-10] [INFO] o.e.b.s.j.JwtTokenFilter - ❌ 토큰 없음 또는 유효하지 않음: null
2025-06-27 12:00:04.986 [http-nio-8080-exec-1] [INFO] o.e.b.s.j.JwtTokenFilter - ❌ 토큰 없음 또는 유효하지 않음: null
2025-06-27 12:00:09.987 [http-nio-8080-exec-2] [INFO] o.e.b.s.j.JwtTokenFilter - ❌ 토큰 없음 또는 유효하지 않음: null
2025-06-27 12:00:14.989 [http-nio-8080-exec-3] [INFO] o.e.b.s.j.JwtTokenFilter - ❌ 토큰 없음 또는 유효하지 않음: null
2025-06-27 12:00:19.986 [http-nio-8080-exec-4] [INFO] o.e.b.s.j.JwtTokenFilter - ❌ 토큰 없음 또는 유효하지 않음: null
2025-06-27 12:00:24.988 [http-nio-8080-exec-5] [INFO] o.e.b.s.j.JwtTokenFilter - ❌ 토큰 없음 또는 유효하지 않음: null
2025-06-27 12:00:29.985 [http-nio-8080-exec-6] [INFO] o.e.b.s.j.JwtTokenFilter - ❌ 토큰 없음 또는 유효하지 않음: null
2025-06-27 12:00:34.984 [http-nio-8080-exec-7] [INFO] o.e.b.s.j.JwtTokenFilter - ❌ 토큰 없음 또는 유효하지 않음: null
2025-06-27 12:00:39.984 [http-nio-8080-exec-8] [INFO] o.e.b.s.j.JwtTokenFilter - ❌ 토큰 없음 또는 유효하지 않음: null
2025-06-27 12:00:44.985 [http-nio-8080-exec-9] [INFO] o.e.b.s.j.JwtTokenFilter - ❌ 토큰 없음 또는 유효하지 않음: null
2025-06-27 12:00:49.983 [http-nio-8080-exec-10] [INFO] o.e.b.s.j.JwtTokenFilter - ❌ 토큰 없음 또는 유효하지 않음: null
2025-06-27 12:00:54.984 [http-nio-8080-exec-1] [INFO] o.e.b.s.j.JwtTokenFilter - ❌ 토큰 없음 또는 유효하지 않음: null
2025-06-27 12:00:59.983 [http-nio-8080-exec-2] [INFO] o.e.b.s.j.JwtTokenFilter - ❌ 토큰 없음 또는 유효하지 않음: null
2025-06-27 12:01:04.981 [http-nio-8080-exec-3] [INFO] o.e.b.s.j.JwtTokenFilter - ❌ 토큰 없음 또는 유효하지 않음: null
2025-06-27 12:01:09.983 [http-nio-8080-exec-4] [INFO] o.e.b.s.j.JwtTokenFilter - ❌ 토큰 없음 또는 유효하지 않음: null
2025-06-27 12:01:14.983 [http-nio-8080-exec-5] [INFO] o.e.b.s.j.JwtTokenFilter - ❌ 토큰 없음 또는 유효하지 않음: null
2025-06-27 12:01:19.980 [http-nio-8080-exec-6] [INFO] o.e.b.s.j.JwtTokenFilter - ❌ 토큰 없음 또는 유효하지 않음: null
2025-06-27 12:01:25.000 [http-nio-8080-exec-7] [INFO] o.e.b.s.j.JwtTokenFilter - ❌ 토큰 없음 또는 유효하지 않음: null
2025-06-27 12:01:29.983 [http-nio-8080-exec-8] [INFO] o.e.b.s.j.JwtTokenFilter - ❌ 토큰 없음 또는 유효하지 않음: null
2025-06-27 12:01:34.978 [http-nio-8080-exec-9] [INFO] o.e.b.s.j.JwtTokenFilter - ❌ 토큰 없음 또는 유효하지 않음: null
2025-06-27 12:01:39.980 [http-nio-8080-exec-10] [INFO] o.e.b.s.j.JwtTokenFilter - ❌ 토큰 없음 또는 유효하지 않음: null
2025-06-27 12:01:44.980 [http-nio-8080-exec-1] [INFO] o.e.b.s.j.JwtTokenFilter - ❌ 토큰 없음 또는 유효하지 않음: null
2025-06-27 12:01:49.978 [http-nio-8080-exec-2] [INFO] o.e.b.s.j.JwtTokenFilter - ❌ 토큰 없음 또는 유효하지 않음: null
2025-06-27 12:01:54.981 [http-nio-8080-exec-3] [INFO] o.e.b.s.j.JwtTokenFilter - ❌ 토큰 없음 또는 유효하지 않음: null
2025-06-27 12:01:59.984 [http-nio-8080-exec-4] [INFO] o.e.b.s.j.JwtTokenFilter - ❌ 토큰 없음 또는 유효하지 않음: null
2025-06-27 12:02:04.979 [http-nio-8080-exec-5] [INFO] o.e.b.s.j.JwtTokenFilter - ❌ 토큰 없음 또는 유효하지 않음: null
2025-06-27 12:02:09.979 [http-nio-8080-exec-6] [INFO] o.e.b.s.j.JwtTokenFilter - ❌ 토큰 없음 또는 유효하지 않음: null
2025-06-27 12:02:14.978 [http-nio-8080-exec-7] [INFO] o.e.b.s.j.JwtTokenFilter - ❌ 토큰 없음 또는 유효하지 않음: null
2025-06-27 12:02:19.977 [http-nio-8080-exec-8] [INFO] o.e.b.s.j.JwtTokenFilter - ❌ 토큰 없음 또는 유효하지 않음: null
2025-06-27 12:02:24.977 [http-nio-8080-exec-9] [INFO] o.e.b.s.j.JwtTokenFilter - ❌ 토큰 없음 또는 유효하지 않음: null
2025-06-27 12:02:29.977 [http-nio-8080-exec-10] [INFO] o.e.b.s.j.JwtTokenFilter - ❌ 토큰 없음 또는 유효하지 않음: null
2025-06-27 12:02:34.976 [http-nio-8080-exec-1] [INFO] o.e.b.s.j.JwtTokenFilter - ❌ 토큰 없음 또는 유효하지 않음: null
2025-06-27 12:02:39.975 [http-nio-8080-exec-2] [INFO] o.e.b.s.j.JwtTokenFilter - ❌ 토큰 없음 또는 유효하지 않음: null
2025-06-27 12:02:44.986 [http-nio-8080-exec-3] [INFO] o.e.b.s.j.JwtTokenFilter - ❌ 토큰 없음 또는 유효하지 않음: null
2025-06-27 12:02:49.975 [http-nio-8080-exec-4] [INFO] o.e.b.s.j.JwtTokenFilter - ❌ 토큰 없음 또는 유효하지 않음: null
2025-06-27 12:02:54.977 [http-nio-8080-exec-5] [INFO] o.e.b.s.j.JwtTokenFilter - ❌ 토큰 없음 또는 유효하지 않음: null
2025-06-27 12:02:59.975 [http-nio-8080-exec-6] [INFO] o.e.b.s.j.JwtTokenFilter - ❌ 토큰 없음 또는 유효하지 않음: null
2025-06-27 12:03:04.972 [http-nio-8080-exec-7] [INFO] o.e.b.s.j.JwtTokenFilter - ❌ 토큰 없음 또는 유효하지 않음: null
2025-06-27 12:03:09.974 [http-nio-8080-exec-8] [INFO] o.e.b.s.j.JwtTokenFilter - ❌ 토큰 없음 또는 유효하지 않음: null
2025-06-27 12:03:14.975 [http-nio-8080-exec-9] [INFO] o.e.b.s.j.JwtTokenFilter - ❌ 토큰 없음 또는 유효하지 않음: null
2025-06-27 12:03:19.974 [http-nio-8080-exec-10] [INFO] o.e.b.s.j.JwtTokenFilter - ❌ 토큰 없음 또는 유효하지 않음: null
2025-06-27 12:03:24.974 [http-nio-8080-exec-1] [INFO] o.e.b.s.j.JwtTokenFilter - ❌ 토큰 없음 또는 유효하지 않음: null
2025-06-27 12:03:29.972 [http-nio-8080-exec-2] [INFO] o.e.b.s.j.JwtTokenFilter - ❌ 토큰 없음 또는 유효하지 않음: null
2025-06-27 12:03:34.971 [http-nio-8080-exec-3] [INFO] o.e.b.s.j.JwtTokenFilter - ❌ 토큰 없음 또는 유효하지 않음: null
2025-06-27 12:03:39.973 [http-nio-8080-exec-4] [INFO] o.e.b.s.j.JwtTokenFilter - ❌ 토큰 없음 또는 유효하지 않음: null
2025-06-27 12:03:44.971 [http-nio-8080-exec-5] [INFO] o.e.b.s.j.JwtTokenFilter - ❌ 토큰 없음 또는 유효하지 않음: null
2025-06-27 12:03:49.972 [http-nio-8080-exec-6] [INFO] o.e.b.s.j.JwtTokenFilter - ❌ 토큰 없음 또는 유효하지 않음: null
2025-06-27 12:03:54.973 [http-nio-8080-exec-7] [INFO] o.e.b.s.j.JwtTokenFilter - ❌ 토큰 없음 또는 유효하지 않음: null
2025-06-27 12:03:59.971 [http-nio-8080-exec-8] [INFO] o.e.b.s.j.JwtTokenFilter - ❌ 토큰 없음 또는 유효하지 않음: null
2025-06-27 12:04:04.968 [http-nio-8080-exec-9] [INFO] o.e.b.s.j.JwtTokenFilter - ❌ 토큰 없음 또는 유효하지 않음: null
2025-06-27 12:04:09.970 [http-nio-8080-exec-10] [INFO] o.e.b.s.j.JwtTokenFilter - ❌ 토큰 없음 또는 유효하지 않음: null
2025-06-27 12:04:14.971 [http-nio-8080-exec-1] [INFO] o.e.b.s.j.JwtTokenFilter - ❌ 토큰 없음 또는 유효하지 않음: null
2025-06-27 12:04:19.970 [http-nio-8080-exec-2] [INFO] o.e.b.s.j.JwtTokenFilter - ❌ 토큰 없음 또는 유효하지 않음: null
2025-06-27 12:04:24.968 [http-nio-8080-exec-3] [INFO] o.e.b.s.j.JwtTokenFilter - ❌ 토큰 없음 또는 유효하지 않음: null
2025-06-27 12:04:29.967 [http-nio-8080-exec-4] [INFO] o.e.b.s.j.JwtTokenFilter - ❌ 토큰 없음 또는 유효하지 않음: null
2025-06-27 12:04:34.969 [http-nio-8080-exec-5] [INFO] o.e.b.s.j.JwtTokenFilter - ❌ 토큰 없음 또는 유효하지 않음: null
2025-06-27 12:04:39.967 [http-nio-8080-exec-6] [INFO] o.e.b.s.j.JwtTokenFilter - ❌ 토큰 없음 또는 유효하지 않음: null
2025-06-27 12:04:44.967 [http-nio-8080-exec-7] [INFO] o.e.b.s.j.JwtTokenFilter - ❌ 토큰 없음 또는 유효하지 않음: null
2025-06-27 12:04:49.967 [http-nio-8080-exec-8] [INFO] o.e.b.s.j.JwtTokenFilter - ❌ 토큰 없음 또는 유효하지 않음: null
2025-06-27 12:04:54.966 [http-nio-8080-exec-9] [INFO] o.e.b.s.j.JwtTokenFilter - ❌ 토큰 없음 또는 유효하지 않음: null
2025-06-27 12:04:59.966 [http-nio-8080-exec-10] [INFO] o.e.b.s.j.JwtTokenFilter - ❌ 토큰 없음 또는 유효하지 않음: null
2025-06-27 12:05:04.963 [http-nio-8080-exec-1] [INFO] o.e.b.s.j.JwtTokenFilter - ❌ 토큰 없음 또는 유효하지 않음: null
2025-06-27 12:05:09.965 [http-nio-8080-exec-2] [INFO] o.e.b.s.j.JwtTokenFilter - ❌ 토큰 없음 또는 유효하지 않음: null
2025-06-27 12:05:14.963 [http-nio-8080-exec-3] [INFO] o.e.b.s.j.JwtTokenFilter - ❌ 토큰 없음 또는 유효하지 않음: null
2025-06-27 12:05:19.962 [http-nio-8080-exec-4] [INFO] o.e.b.s.j.JwtTokenFilter - ❌ 토큰 없음 또는 유효하지 않음: null
2025-06-27 12:05:24.963 [http-nio-8080-exec-5] [INFO] o.e.b.s.j.JwtTokenFilter - ❌ 토큰 없음 또는 유효하지 않음: null
2025-06-27 12:05:29.962 [http-nio-8080-exec-6] [INFO] o.e.b.s.j.JwtTokenFilter - ❌ 토큰 없음 또는 유효하지 않음: null
2025-06-27 12:05:34.962 [http-nio-8080-exec-7] [INFO] o.e.b.s.j.JwtTokenFilter - ❌ 토큰 없음 또는 유효하지 않음: null
2025-06-27 12:05:39.963 [http-nio-8080-exec-8] [INFO] o.e.b.s.j.JwtTokenFilter - ❌ 토큰 없음 또는 유효하지 않음: null
2025-06-27 12:05:44.961 [http-nio-8080-exec-9] [INFO] o.e.b.s.j.JwtTokenFilter - ❌ 토큰 없음 또는 유효하지 않음: null
2025-06-27 12:05:49.962 [http-nio-8080-exec-10] [INFO] o.e.b.s.j.JwtTokenFilter - ❌ 토큰 없음 또는 유효하지 않음: null
2025-06-27 12:05:54.961 [http-nio-8080-exec-1] [INFO] o.e.b.s.j.JwtTokenFilter - ❌ 토큰 없음 또는 유효하지 않음: null
2025-06-27 12:05:59.960 [http-nio-8080-exec-2] [INFO] o.e.b.s.j.JwtTokenFilter - ❌ 토큰 없음 또는 유효하지 않음: null
2025-06-27 12:06:04.959 [http-nio-8080-exec-3] [INFO] o.e.b.s.j.JwtTokenFilter - ❌ 토큰 없음 또는 유효하지 않음: null
2025-06-27 12:06:09.959 [http-nio-8080-exec-4] [INFO] o.e.b.s.j.JwtTokenFilter - ❌ 토큰 없음 또는 유효하지 않음: null
2025-06-27 12:06:14.959 [http-nio-8080-exec-5] [INFO] o.e.b.s.j.JwtTokenFilter - ❌ 토큰 없음 또는 유효하지 않음: null
2025-06-27 12:06:19.958 [http-nio-8080-exec-6] [INFO] o.e.b.s.j.JwtTokenFilter - ❌ 토큰 없음 또는 유효하지 않음: null
2025-06-27 12:06:24.959 [http-nio-8080-exec-7] [INFO] o.e.b.s.j.JwtTokenFilter - ❌ 토큰 없음 또는 유효하지 않음: null
2025-06-27 12:06:29.959 [http-nio-8080-exec-8] [INFO] o.e.b.s.j.JwtTokenFilter - ❌ 토큰 없음 또는 유효하지 않음: null
2025-06-27 12:06:34.957 [http-nio-8080-exec-9] [INFO] o.e.b.s.j.JwtTokenFilter - ❌ 토큰 없음 또는 유효하지 않음: null
2025-06-27 12:06:39.958 [http-nio-8080-exec-10] [INFO] o.e.b.s.j.JwtTokenFilter - ❌ 토큰 없음 또는 유효하지 않음: null
2025-06-27 12:06:44.956 [http-nio-8080-exec-1] [INFO] o.e.b.s.j.JwtTokenFilter - ❌ 토큰 없음 또는 유효하지 않음: null
2025-06-27 12:06:49.957 [http-nio-8080-exec-2] [INFO] o.e.b.s.j.JwtTokenFilter - ❌ 토큰 없음 또는 유효하지 않음: null
2025-06-27 12:06:54.956 [http-nio-8080-exec-3] [INFO] o.e.b.s.j.JwtTokenFilter - ❌ 토큰 없음 또는 유효하지 않음: null
2025-06-27 12:06:59.958 [http-nio-8080-exec-4] [INFO] o.e.b.s.j.JwtTokenFilter - ❌ 토큰 없음 또는 유효하지 않음: null
2025-06-27 12:07:04.955 [http-nio-8080-exec-5] [INFO] o.e.b.s.j.JwtTokenFilter - ❌ 토큰 없음 또는 유효하지 않음: null
2025-06-27 12:07:09.956 [http-nio-8080-exec-6] [INFO] o.e.b.s.j.JwtTokenFilter - ❌ 토큰 없음 또는 유효하지 않음: null
2025-06-27 12:07:14.954 [http-nio-8080-exec-7] [INFO] o.e.b.s.j.JwtTokenFilter - ❌ 토큰 없음 또는 유효하지 않음: null
2025-06-27 12:07:19.955 [http-nio-8080-exec-8] [INFO] o.e.b.s.j.JwtTokenFilter - ❌ 토큰 없음 또는 유효하지 않음: null
2025-06-27 12:07:24.954 [http-nio-8080-exec-9] [INFO] o.e.b.s.j.JwtTokenFilter - ❌ 토큰 없음 또는 유효하지 않음: null
2025-06-27 12:07:29.954 [http-nio-8080-exec-10] [INFO] o.e.b.s.j.JwtTokenFilter - ❌ 토큰 없음 또는 유효하지 않음: null
2025-06-27 12:07:34.953 [http-nio-8080-exec-1] [INFO] o.e.b.s.j.JwtTokenFilter - ❌ 토큰 없음 또는 유효하지 않음: null
2025-06-27 12:07:39.954 [http-nio-8080-exec-2] [INFO] o.e.b.s.j.JwtTokenFilter - ❌ 토큰 없음 또는 유효하지 않음: null
2025-06-27 12:07:44.954 [http-nio-8080-exec-3] [INFO] o.e.b.s.j.JwtTokenFilter - ❌ 토큰 없음 또는 유효하지 않음: null
2025-06-27 12:07:49.953 [http-nio-8080-exec-4] [INFO] o.e.b.s.j.JwtTokenFilter - ❌ 토큰 없음 또는 유효하지 않음: null
2025-06-27 12:07:54.953 [http-nio-8080-exec-5] [INFO] o.e.b.s.j.JwtTokenFilter - ❌ 토큰 없음 또는 유효하지 않음: null
2025-06-27 12:07:59.952 [http-nio-8080-exec-6] [INFO] o.e.b.s.j.JwtTokenFilter - ❌ 토큰 없음 또는 유효하지 않음: null
2025-06-27 12:08:04.951 [http-nio-8080-exec-7] [INFO] o.e.b.s.j.JwtTokenFilter - ❌ 토큰 없음 또는 유효하지 않음: null
2025-06-27 12:08:09.950 [http-nio-8080-exec-8] [INFO] o.e.b.s.j.JwtTokenFilter - ❌ 토큰 없음 또는 유효하지 않음: null
2025-06-27 12:08:14.951 [http-nio-8080-exec-9] [INFO] o.e.b.s.j.JwtTokenFilter - ❌ 토큰 없음 또는 유효하지 않음: null
2025-06-27 12:08:19.949 [http-nio-8080-exec-10] [INFO] o.e.b.s.j.JwtTokenFilter - ❌ 토큰 없음 또는 유효하지 않음: null
2025-06-27 12:08:24.950 [http-nio-8080-exec-1] [INFO] o.e.b.s.j.JwtTokenFilter - ❌ 토큰 없음 또는 유효하지 않음: null
2025-06-27 12:08:29.949 [http-nio-8080-exec-2] [INFO] o.e.b.s.j.JwtTokenFilter - ❌ 토큰 없음 또는 유효하지 않음: null
2025-06-27 12:08:34.949 [http-nio-8080-exec-3] [INFO] o.e.b.s.j.JwtTokenFilter - ❌ 토큰 없음 또는 유효하지 않음: null
2025-06-27 12:08:39.949 [http-nio-8080-exec-4] [INFO] o.e.b.s.j.JwtTokenFilter - ❌ 토큰 없음 또는 유효하지 않음: null
2025-06-27 12:08:44.947 [http-nio-8080-exec-5] [INFO] o.e.b.s.j.JwtTokenFilter - ❌ 토큰 없음 또는 유효하지 않음: null
2025-06-27 12:08:49.947 [http-nio-8080-exec-6] [INFO] o.e.b.s.j.JwtTokenFilter - ❌ 토큰 없음 또는 유효하지 않음: null
2025-06-27 12:08:54.947 [http-nio-8080-exec-7] [INFO] o.e.b.s.j.JwtTokenFilter - ❌ 토큰 없음 또는 유효하지 않음: null
2025-06-27 12:08:59.950 [http-nio-8080-exec-8] [INFO] o.e.b.s.j.JwtTokenFilter - ❌ 토큰 없음 또는 유효하지 않음: null
2025-06-27 12:09:04.947 [http-nio-8080-exec-9] [INFO] o.e.b.s.j.JwtTokenFilter - ❌ 토큰 없음 또는 유효하지 않음: null
2025-06-27 12:09:09.947 [http-nio-8080-exec-10] [INFO] o.e.b.s.j.JwtTokenFilter - ❌ 토큰 없음 또는 유효하지 않음: null
2025-06-27 12:09:14.947 [http-nio-8080-exec-1] [INFO] o.e.b.s.j.JwtTokenFilter - ❌ 토큰 없음 또는 유효하지 않음: null
2025-06-27 12:09:19.946 [http-nio-8080-exec-2] [INFO] o.e.b.s.j.JwtTokenFilter - ❌ 토큰 없음 또는 유효하지 않음: null
2025-06-27 12:09:24.946 [http-nio-8080-exec-3] [INFO] o.e.b.s.j.JwtTokenFilter - ❌ 토큰 없음 또는 유효하지 않음: null
2025-06-27 12:09:29.944 [http-nio-8080-exec-4] [INFO] o.e.b.s.j.JwtTokenFilter - ❌ 토큰 없음 또는 유효하지 않음: null
2025-06-27 12:09:34.944 [http-nio-8080-exec-5] [INFO] o.e.b.s.j.JwtTokenFilter - ❌ 토큰 없음 또는 유효하지 않음: null
2025-06-27 12:09:39.945 [http-nio-8080-exec-6] [INFO] o.e.b.s.j.JwtTokenFilter - ❌ 토큰 없음 또는 유효하지 않음: null
2025-06-27 12:09:44.976 [http-nio-8080-exec-7] [INFO] o.e.b.s.j.JwtTokenFilter - ❌ 토큰 없음 또는 유효하지 않음: null
2025-06-27 12:09:49.943 [http-nio-8080-exec-8] [INFO] o.e.b.s.j.JwtTokenFilter - ❌ 토큰 없음 또는 유효하지 않음: null
2025-06-27 12:09:54.942 [http-nio-8080-exec-9] [INFO] o.e.b.s.j.JwtTokenFilter - ❌ 토큰 없음 또는 유효하지 않음: null
2025-06-27 12:09:59.942 [http-nio-8080-exec-10] [INFO] o.e.b.s.j.JwtTokenFilter - ❌ 토큰 없음 또는 유효하지 않음: null
2025-06-27 12:10:04.942 [http-nio-8080-exec-1] [INFO] o.e.b.s.j.JwtTokenFilter - ❌ 토큰 없음 또는 유효하지 않음: null
2025-06-27 12:10:09.942 [http-nio-8080-exec-2] [INFO] o.e.b.s.j.JwtTokenFilter - ❌ 토큰 없음 또는 유효하지 않음: null
2025-06-27 12:10:14.941 [http-nio-8080-exec-3] [INFO] o.e.b.s.j.JwtTokenFilter - ❌ 토큰 없음 또는 유효하지 않음: null
2025-06-27 12:10:19.941 [http-nio-8080-exec-4] [INFO] o.e.b.s.j.JwtTokenFilter - ❌ 토큰 없음 또는 유효하지 않음: null
2025-06-27 12:10:24.941 [http-nio-8080-exec-5] [INFO] o.e.b.s.j.JwtTokenFilter - ❌ 토큰 없음 또는 유효하지 않음: null
2025-06-27 12:10:29.941 [http-nio-8080-exec-6] [INFO] o.e.b.s.j.JwtTokenFilter - ❌ 토큰 없음 또는 유효하지 않음: null
2025-06-27 12:10:34.943 [http-nio-8080-exec-7] [INFO] o.e.b.s.j.JwtTokenFilter - ❌ 토큰 없음 또는 유효하지 않음: null
2025-06-27 12:10:39.941 [http-nio-8080-exec-8] [INFO] o.e.b.s.j.JwtTokenFilter - ❌ 토큰 없음 또는 유효하지 않음: null
2025-06-27 12:10:44.939 [http-nio-8080-exec-9] [INFO] o.e.b.s.j.JwtTokenFilter - ❌ 토큰 없음 또는 유효하지 않음: null
2025-06-27 12:10:49.941 [http-nio-8080-exec-10] [INFO] o.e.b.s.j.JwtTokenFilter - ❌ 토큰 없음 또는 유효하지 않음: null
2025-06-27 12:10:54.939 [http-nio-8080-exec-1] [INFO] o.e.b.s.j.JwtTokenFilter - ❌ 토큰 없음 또는 유효하지 않음: null
2025-06-27 12:10:59.937 [http-nio-8080-exec-2] [INFO] o.e.b.s.j.JwtTokenFilter - ❌ 토큰 없음 또는 유효하지 않음: null
2025-06-27 12:11:04.938 [http-nio-8080-exec-3] [INFO] o.e.b.s.j.JwtTokenFilter - ❌ 토큰 없음 또는 유효하지 않음: null
2025-06-27 12:11:09.936 [http-nio-8080-exec-4] [INFO] o.e.b.s.j.JwtTokenFilter - ❌ 토큰 없음 또는 유효하지 않음: null
2025-06-27 12:11:14.937 [http-nio-8080-exec-5] [INFO] o.e.b.s.j.JwtTokenFilter - ❌ 토큰 없음 또는 유효하지 않음: null
2025-06-27 12:11:19.936 [http-nio-8080-exec-6] [INFO] o.e.b.s.j.JwtTokenFilter - ❌ 토큰 없음 또는 유효하지 않음: null
2025-06-27 12:11:24.935 [http-nio-8080-exec-7] [INFO] o.e.b.s.j.JwtTokenFilter - ❌ 토큰 없음 또는 유효하지 않음: null
2025-06-27 12:11:29.937 [http-nio-8080-exec-8] [INFO] o.e.b.s.j.JwtTokenFilter - ❌ 토큰 없음 또는 유효하지 않음: null
2025-06-27 12:11:34.936 [http-nio-8080-exec-9] [INFO] o.e.b.s.j.JwtTokenFilter - ❌ 토큰 없음 또는 유효하지 않음: null
2025-06-27 12:11:39.935 [http-nio-8080-exec-10] [INFO] o.e.b.s.j.JwtTokenFilter - ❌ 토큰 없음 또는 유효하지 않음: null
2025-06-27 12:11:44.934 [http-nio-8080-exec-1] [INFO] o.e.b.s.j.JwtTokenFilter - ❌ 토큰 없음 또는 유효하지 않음: null
2025-06-27 12:11:49.936 [http-nio-8080-exec-2] [INFO] o.e.b.s.j.JwtTokenFilter - ❌ 토큰 없음 또는 유효하지 않음: null
2025-06-27 12:11:54.934 [http-nio-8080-exec-3] [INFO] o.e.b.s.j.JwtTokenFilter - ❌ 토큰 없음 또는 유효하지 않음: null
2025-06-27 12:11:59.932 [http-nio-8080-exec-4] [INFO] o.e.b.s.j.JwtTokenFilter - ❌ 토큰 없음 또는 유효하지 않음: null
2025-06-27 12:12:04.933 [http-nio-8080-exec-5] [INFO] o.e.b.s.j.JwtTokenFilter - ❌ 토큰 없음 또는 유효하지 않음: null
2025-06-27 12:12:09.932 [http-nio-8080-exec-6] [INFO] o.e.b.s.j.JwtTokenFilter - ❌ 토큰 없음 또는 유효하지 않음: null
2025-06-27 12:12:14.932 [http-nio-8080-exec-7] [INFO] o.e.b.s.j.JwtTokenFilter - ❌ 토큰 없음 또는 유효하지 않음: null
2025-06-27 12:12:19.931 [http-nio-8080-exec-8] [INFO] o.e.b.s.j.JwtTokenFilter - ❌ 토큰 없음 또는 유효하지 않음: null
2025-06-27 12:12:24.561 [MessageBroker-2] [INFO] o.s.w.s.c.WebSocketMessageBrokerStats - WebSocketSession[0 current WS(0)-HttpStream(0)-HttpPoll(0), 0 total, 0 closed abnormally (0 connect failure, 0 send limit, 0 transport error)], stompSubProtocol[processed CONNECT(0)-CONNECTED(0)-DISCONNECT(0)], stompBrokerRelay[null], inboundChannel[pool size = 0, active threads = 0, queued tasks = 0, completed tasks = 0], outboundChannel[pool size = 0, active threads = 0, queued tasks = 0, completed tasks = 0], sockJsScheduler[pool size = 3, active threads = 1, queued tasks = 0, completed tasks = 2]
2025-06-27 12:12:24.930 [http-nio-8080-exec-9] [INFO] o.e.b.s.j.JwtTokenFilter - ❌ 토큰 없음 또는 유효하지 않음: null
2025-06-27 12:12:29.932 [http-nio-8080-exec-10] [INFO] o.e.b.s.j.JwtTokenFilter - ❌ 토큰 없음 또는 유효하지 않음: null
2025-06-27 12:12:34.930 [http-nio-8080-exec-1] [INFO] o.e.b.s.j.JwtTokenFilter - ❌ 토큰 없음 또는 유효하지 않음: null
2025-06-27 12:12:39.930 [http-nio-8080-exec-2] [INFO] o.e.b.s.j.JwtTokenFilter - ❌ 토큰 없음 또는 유효하지 않음: null
2025-06-27 12:12:44.929 [http-nio-8080-exec-3] [INFO] o.e.b.s.j.JwtTokenFilter - ❌ 토큰 없음 또는 유효하지 않음: null
2025-06-27 12:12:49.930 [http-nio-8080-exec-4] [INFO] o.e.b.s.j.JwtTokenFilter - ❌ 토큰 없음 또는 유효하지 않음: null
2025-06-27 12:12:54.929 [http-nio-8080-exec-5] [INFO] o.e.b.s.j.JwtTokenFilter - ❌ 토큰 없음 또는 유효하지 않음: null
2025-06-27 12:12:59.928 [http-nio-8080-exec-6] [INFO] o.e.b.s.j.JwtTokenFilter - ❌ 토큰 없음 또는 유효하지 않음: null
2025-06-27 12:13:04.929 [http-nio-8080-exec-7] [INFO] o.e.b.s.j.JwtTokenFilter - ❌ 토큰 없음 또는 유효하지 않음: null
2025-06-27 12:13:09.928 [http-nio-8080-exec-8] [INFO] o.e.b.s.j.JwtTokenFilter - ❌ 토큰 없음 또는 유효하지 않음: null
2025-06-27 12:13:14.927 [http-nio-8080-exec-9] [INFO] o.e.b.s.j.JwtTokenFilter - ❌ 토큰 없음 또는 유효하지 않음: null
2025-06-27 12:13:19.927 [http-nio-8080-exec-10] [INFO] o.e.b.s.j.JwtTokenFilter - ❌ 토큰 없음 또는 유효하지 않음: null
2025-06-27 12:13:24.928 [http-nio-8080-exec-1] [INFO] o.e.b.s.j.JwtTokenFilter - ❌ 토큰 없음 또는 유효하지 않음: null
2025-06-27 12:13:29.926 [http-nio-8080-exec-2] [INFO] o.e.b.s.j.JwtTokenFilter - ❌ 토큰 없음 또는 유효하지 않음: null
2025-06-27 12:13:34.926 [http-nio-8080-exec-3] [INFO] o.e.b.s.j.JwtTokenFilter - ❌ 토큰 없음 또는 유효하지 않음: null
2025-06-27 12:13:39.926 [http-nio-8080-exec-4] [INFO] o.e.b.s.j.JwtTokenFilter - ❌ 토큰 없음 또는 유효하지 않음: null
2025-06-27 12:13:44.924 [http-nio-8080-exec-5] [INFO] o.e.b.s.j.JwtTokenFilter - ❌ 토큰 없음 또는 유효하지 않음: null
2025-06-27 12:13:49.928 [http-nio-8080-exec-6] [INFO] o.e.b.s.j.JwtTokenFilter - ❌ 토큰 없음 또는 유효하지 않음: null
2025-06-27 12:13:54.923 [http-nio-8080-exec-7] [INFO] o.e.b.s.j.JwtTokenFilter - ❌ 토큰 없음 또는 유효하지 않음: null
2025-06-27 12:13:59.924 [http-nio-8080-exec-8] [INFO] o.e.b.s.j.JwtTokenFilter - ❌ 토큰 없음 또는 유효하지 않음: null
2025-06-27 12:14:04.924 [http-nio-8080-exec-9] [INFO] o.e.b.s.j.JwtTokenFilter - ❌ 토큰 없음 또는 유효하지 않음: null
2025-06-27 12:14:09.924 [http-nio-8080-exec-10] [INFO] o.e.b.s.j.JwtTokenFilter - ❌ 토큰 없음 또는 유효하지 않음: null
2025-06-27 12:14:14.923 [http-nio-8080-exec-1] [INFO] o.e.b.s.j.JwtTokenFilter - ❌ 토큰 없음 또는 유효하지 않음: null
2025-06-27 12:14:19.924 [http-nio-8080-exec-2] [INFO] o.e.b.s.j.JwtTokenFilter - ❌ 토큰 없음 또는 유효하지 않음: null
2025-06-27 12:14:24.922 [http-nio-8080-exec-3] [INFO] o.e.b.s.j.JwtTokenFilter - ❌ 토큰 없음 또는 유효하지 않음: null
2025-06-27 12:14:29.921 [http-nio-8080-exec-4] [INFO] o.e.b.s.j.JwtTokenFilter - ❌ 토큰 없음 또는 유효하지 않음: null
2025-06-27 12:14:34.921 [http-nio-8080-exec-5] [INFO] o.e.b.s.j.JwtTokenFilter - ❌ 토큰 없음 또는 유효하지 않음: null
2025-06-27 12:14:38.320 [http-nio-8080-exec-7] [INFO] o.e.b.s.j.JwtTokenFilter - ❌ 토큰 없음 또는 유효하지 않음: null
2025-06-27 12:14:38.449 [http-nio-8080-exec-10] [INFO] o.e.b.s.j.JwtTokenFilter - ❌ 토큰 없음 또는 유효하지 않음: null
2025-06-27 12:14:39.922 [http-nio-8080-exec-1] [INFO] o.e.b.s.j.JwtTokenFilter - ❌ 토큰 없음 또는 유효하지 않음: null
2025-06-27 12:14:40.741 [http-nio-8080-exec-2] [WARN] o.e.b.e.GlobalExceptionHandler - 런타임 예외 처리: 해당 유저를 찾을 수 없습니다.
2025-06-27 12:14:40.741 [http-nio-8080-exec-3] [WARN] o.e.b.e.GlobalExceptionHandler - 런타임 예외 처리: 해당 유저를 찾을 수 없습니다.
2025-06-27 12:14:40.755 [http-nio-8080-exec-2] [WARN] o.s.w.s.m.m.a.ExceptionHandlerExceptionResolver - Resolved [java.lang.RuntimeException: 해당 유저를 찾을 수 없습니다.]
2025-06-27 12:14:40.756 [http-nio-8080-exec-3] [WARN] o.s.w.s.m.m.a.ExceptionHandlerExceptionResolver - Resolved [java.lang.RuntimeException: 해당 유저를 찾을 수 없습니다.]
2025-06-27 12:14:40.934 [http-nio-8080-exec-4] [WARN] o.e.b.e.GlobalExceptionHandler - 런타임 예외 처리: 해당 유저를 찾을 수 없습니다.
2025-06-27 12:14:40.935 [http-nio-8080-exec-4] [WARN] o.s.w.s.m.m.a.ExceptionHandlerExceptionResolver - Resolved [java.lang.RuntimeException: 해당 유저를 찾을 수 없습니다.]
2025-06-27 12:14:41.164 [http-nio-8080-exec-5] [WARN] o.e.b.e.GlobalExceptionHandler - 런타임 예외 처리: 해당 유저를 찾을 수 없습니다.
2025-06-27 12:14:41.166 [http-nio-8080-exec-5] [WARN] o.s.w.s.m.m.a.ExceptionHandlerExceptionResolver - Resolved [java.lang.RuntimeException: 해당 유저를 찾을 수 없습니다.]
2025-06-27 12:14:41.492 [http-nio-8080-exec-6] [WARN] o.e.b.e.GlobalExceptionHandler - 런타임 예외 처리: 해당 유저를 찾을 수 없습니다.
2025-06-27 12:14:41.493 [http-nio-8080-exec-6] [WARN] o.s.w.s.m.m.a.ExceptionHandlerExceptionResolver - Resolved [java.lang.RuntimeException: 해당 유저를 찾을 수 없습니다.]
2025-06-27 12:14:41.657 [http-nio-8080-exec-7] [WARN] o.e.b.e.GlobalExceptionHandler - 런타임 예외 처리: 해당 유저를 찾을 수 없습니다.
2025-06-27 12:14:41.657 [http-nio-8080-exec-7] [WARN] o.s.w.s.m.m.a.ExceptionHandlerExceptionResolver - Resolved [java.lang.RuntimeException: 해당 유저를 찾을 수 없습니다.]
2025-06-27 12:14:41.846 [http-nio-8080-exec-8] [WARN] o.e.b.e.GlobalExceptionHandler - 런타임 예외 처리: 해당 유저를 찾을 수 없습니다.
2025-06-27 12:14:41.847 [http-nio-8080-exec-8] [WARN] o.s.w.s.m.m.a.ExceptionHandlerExceptionResolver - Resolved [java.lang.RuntimeException: 해당 유저를 찾을 수 없습니다.]
2025-06-27 12:14:42.106 [http-nio-8080-exec-9] [WARN] o.e.b.e.GlobalExceptionHandler - 런타임 예외 처리: 해당 유저를 찾을 수 없습니다.
2025-06-27 12:14:42.107 [http-nio-8080-exec-9] [WARN] o.s.w.s.m.m.a.ExceptionHandlerExceptionResolver - Resolved [java.lang.RuntimeException: 해당 유저를 찾을 수 없습니다.]
2025-06-27 12:14:42.284 [http-nio-8080-exec-10] [WARN] o.e.b.e.GlobalExceptionHandler - 런타임 예외 처리: 해당 유저를 찾을 수 없습니다.
2025-06-27 12:14:42.285 [http-nio-8080-exec-10] [WARN] o.s.w.s.m.m.a.ExceptionHandlerExceptionResolver - Resolved [java.lang.RuntimeException: 해당 유저를 찾을 수 없습니다.]
2025-06-27 12:14:42.461 [http-nio-8080-exec-1] [WARN] o.e.b.e.GlobalExceptionHandler - 런타임 예외 처리: 해당 유저를 찾을 수 없습니다.
2025-06-27 12:14:42.462 [http-nio-8080-exec-1] [WARN] o.s.w.s.m.m.a.ExceptionHandlerExceptionResolver - Resolved [java.lang.RuntimeException: 해당 유저를 찾을 수 없습니다.]
2025-06-27 12:14:42.630 [http-nio-8080-exec-2] [WARN] o.e.b.e.GlobalExceptionHandler - 런타임 예외 처리: 해당 유저를 찾을 수 없습니다.
2025-06-27 12:14:42.631 [http-nio-8080-exec-2] [WARN] o.s.w.s.m.m.a.ExceptionHandlerExceptionResolver - Resolved [java.lang.RuntimeException: 해당 유저를 찾을 수 없습니다.]
2025-06-27 12:14:42.810 [http-nio-8080-exec-3] [WARN] o.e.b.e.GlobalExceptionHandler - 런타임 예외 처리: 해당 유저를 찾을 수 없습니다.
2025-06-27 12:14:42.811 [http-nio-8080-exec-3] [WARN] o.s.w.s.m.m.a.ExceptionHandlerExceptionResolver - Resolved [java.lang.RuntimeException: 해당 유저를 찾을 수 없습니다.]
2025-06-27 12:14:42.973 [http-nio-8080-exec-4] [WARN] o.e.b.e.GlobalExceptionHandler - 런타임 예외 처리: 해당 유저를 찾을 수 없습니다.
2025-06-27 12:14:42.973 [http-nio-8080-exec-4] [WARN] o.s.w.s.m.m.a.ExceptionHandlerExceptionResolver - Resolved [java.lang.RuntimeException: 해당 유저를 찾을 수 없습니다.]
2025-06-27 12:14:43.167 [http-nio-8080-exec-5] [WARN] o.e.b.e.GlobalExceptionHandler - 런타임 예외 처리: 해당 유저를 찾을 수 없습니다.
2025-06-27 12:14:43.167 [http-nio-8080-exec-5] [WARN] o.s.w.s.m.m.a.ExceptionHandlerExceptionResolver - Resolved [java.lang.RuntimeException: 해당 유저를 찾을 수 없습니다.]
2025-06-27 12:14:43.333 [http-nio-8080-exec-6] [WARN] o.e.b.e.GlobalExceptionHandler - 런타임 예외 처리: 해당 유저를 찾을 수 없습니다.
2025-06-27 12:14:43.333 [http-nio-8080-exec-6] [WARN] o.s.w.s.m.m.a.ExceptionHandlerExceptionResolver - Resolved [java.lang.RuntimeException: 해당 유저를 찾을 수 없습니다.]
2025-06-27 12:14:43.516 [http-nio-8080-exec-7] [WARN] o.e.b.e.GlobalExceptionHandler - 런타임 예외 처리: 해당 유저를 찾을 수 없습니다.
2025-06-27 12:14:43.517 [http-nio-8080-exec-7] [WARN] o.s.w.s.m.m.a.ExceptionHandlerExceptionResolver - Resolved [java.lang.RuntimeException: 해당 유저를 찾을 수 없습니다.]
2025-06-27 12:14:43.664 [http-nio-8080-exec-8] [WARN] o.e.b.e.GlobalExceptionHandler - 런타임 예외 처리: 해당 유저를 찾을 수 없습니다.
2025-06-27 12:14:43.665 [http-nio-8080-exec-8] [WARN] o.s.w.s.m.m.a.ExceptionHandlerExceptionResolver - Resolved [java.lang.RuntimeException: 해당 유저를 찾을 수 없습니다.]
2025-06-27 12:14:43.873 [http-nio-8080-exec-9] [WARN] o.e.b.e.GlobalExceptionHandler - 런타임 예외 처리: 해당 유저를 찾을 수 없습니다.
2025-06-27 12:14:43.873 [http-nio-8080-exec-9] [WARN] o.s.w.s.m.m.a.ExceptionHandlerExceptionResolver - Resolved [java.lang.RuntimeException: 해당 유저를 찾을 수 없습니다.]
2025-06-27 12:14:44.135 [http-nio-8080-exec-10] [WARN] o.e.b.e.GlobalExceptionHandler - 런타임 예외 처리: 해당 유저를 찾을 수 없습니다.
2025-06-27 12:14:44.136 [http-nio-8080-exec-10] [WARN] o.s.w.s.m.m.a.ExceptionHandlerExceptionResolver - Resolved [java.lang.RuntimeException: 해당 유저를 찾을 수 없습니다.]
2025-06-27 12:14:44.612 [http-nio-8080-exec-1] [WARN] o.e.b.e.GlobalExceptionHandler - 런타임 예외 처리: 해당 유저를 찾을 수 없습니다.
2025-06-27 12:14:44.613 [http-nio-8080-exec-1] [WARN] o.s.w.s.m.m.a.ExceptionHandlerExceptionResolver - Resolved [java.lang.RuntimeException: 해당 유저를 찾을 수 없습니다.]
2025-06-27 12:14:44.921 [http-nio-8080-exec-2] [INFO] o.e.b.s.j.JwtTokenFilter - ❌ 토큰 없음 또는 유효하지 않음: null
2025-06-27 12:14:45.183 [http-nio-8080-exec-3] [WARN] o.e.b.e.GlobalExceptionHandler - 런타임 예외 처리: 해당 유저를 찾을 수 없습니다.
2025-06-27 12:14:45.184 [http-nio-8080-exec-3] [WARN] o.s.w.s.m.m.a.ExceptionHandlerExceptionResolver - Resolved [java.lang.RuntimeException: 해당 유저를 찾을 수 없습니다.]
2025-06-27 12:14:45.557 [http-nio-8080-exec-4] [WARN] o.e.b.e.GlobalExceptionHandler - 런타임 예외 처리: 해당 유저를 찾을 수 없습니다.
2025-06-27 12:14:45.558 [http-nio-8080-exec-4] [WARN] o.s.w.s.m.m.a.ExceptionHandlerExceptionResolver - Resolved [java.lang.RuntimeException: 해당 유저를 찾을 수 없습니다.]
2025-06-27 12:14:45.731 [http-nio-8080-exec-5] [WARN] o.e.b.e.GlobalExceptionHandler - 런타임 예외 처리: 해당 유저를 찾을 수 없습니다.
2025-06-27 12:14:45.731 [http-nio-8080-exec-5] [WARN] o.s.w.s.m.m.a.ExceptionHandlerExceptionResolver - Resolved [java.lang.RuntimeException: 해당 유저를 찾을 수 없습니다.]
2025-06-27 12:14:47.332 [http-nio-8080-exec-6] [WARN] o.e.b.e.GlobalExceptionHandler - 런타임 예외 처리: 해당 유저를 찾을 수 없습니다.
2025-06-27 12:14:47.333 [http-nio-8080-exec-6] [WARN] o.s.w.s.m.m.a.ExceptionHandlerExceptionResolver - Resolved [java.lang.RuntimeException: 해당 유저를 찾을 수 없습니다.]
2025-06-27 12:14:47.481 [http-nio-8080-exec-7] [WARN] o.e.b.e.GlobalExceptionHandler - 런타임 예외 처리: 해당 유저를 찾을 수 없습니다.
2025-06-27 12:14:47.482 [http-nio-8080-exec-7] [WARN] o.s.w.s.m.m.a.ExceptionHandlerExceptionResolver - Resolved [java.lang.RuntimeException: 해당 유저를 찾을 수 없습니다.]
2025-06-27 12:14:47.644 [http-nio-8080-exec-8] [WARN] o.e.b.e.GlobalExceptionHandler - 런타임 예외 처리: 해당 유저를 찾을 수 없습니다.
2025-06-27 12:14:47.645 [http-nio-8080-exec-8] [WARN] o.s.w.s.m.m.a.ExceptionHandlerExceptionResolver - Resolved [java.lang.RuntimeException: 해당 유저를 찾을 수 없습니다.]
2025-06-27 12:14:47.805 [http-nio-8080-exec-9] [WARN] o.e.b.e.GlobalExceptionHandler - 런타임 예외 처리: 해당 유저를 찾을 수 없습니다.
2025-06-27 12:14:47.806 [http-nio-8080-exec-9] [WARN] o.s.w.s.m.m.a.ExceptionHandlerExceptionResolver - Resolved [java.lang.RuntimeException: 해당 유저를 찾을 수 없습니다.]
2025-06-27 12:14:49.923 [http-nio-8080-exec-10] [INFO] o.e.b.s.j.JwtTokenFilter - ❌ 토큰 없음 또는 유효하지 않음: null
2025-06-27 12:14:54.920 [http-nio-8080-exec-1] [INFO] o.e.b.s.j.JwtTokenFilter - ❌ 토큰 없음 또는 유효하지 않음: null
2025-06-27 12:14:59.920 [http-nio-8080-exec-2] [INFO] o.e.b.s.j.JwtTokenFilter - ❌ 토큰 없음 또는 유효하지 않음: null
2025-06-27 12:15:04.920 [http-nio-8080-exec-3] [INFO] o.e.b.s.j.JwtTokenFilter - ❌ 토큰 없음 또는 유효하지 않음: null
2025-06-27 12:15:09.919 [http-nio-8080-exec-4] [INFO] o.e.b.s.j.JwtTokenFilter - ❌ 토큰 없음 또는 유효하지 않음: null
2025-06-27 12:15:14.919 [http-nio-8080-exec-5] [INFO] o.e.b.s.j.JwtTokenFilter - ❌ 토큰 없음 또는 유효하지 않음: null
2025-06-27 12:15:19.919 [http-nio-8080-exec-6] [INFO] o.e.b.s.j.JwtTokenFilter - ❌ 토큰 없음 또는 유효하지 않음: null
2025-06-27 12:15:24.919 [http-nio-8080-exec-7] [INFO] o.e.b.s.j.JwtTokenFilter - ❌ 토큰 없음 또는 유효하지 않음: null
2025-06-27 12:15:29.918 [http-nio-8080-exec-8] [INFO] o.e.b.s.j.JwtTokenFilter - ❌ 토큰 없음 또는 유효하지 않음: null
2025-06-27 12:15:34.917 [http-nio-8080-exec-9] [INFO] o.e.b.s.j.JwtTokenFilter - ❌ 토큰 없음 또는 유효하지 않음: null
2025-06-27 12:15:39.917 [http-nio-8080-exec-10] [INFO] o.e.b.s.j.JwtTokenFilter - ❌ 토큰 없음 또는 유효하지 않음: null
2025-06-27 12:15:44.916 [http-nio-8080-exec-1] [INFO] o.e.b.s.j.JwtTokenFilter - ❌ 토큰 없음 또는 유효하지 않음: null
2025-06-27 12:15:49.915 [http-nio-8080-exec-2] [INFO] o.e.b.s.j.JwtTokenFilter - ❌ 토큰 없음 또는 유효하지 않음: null
2025-06-27 12:15:54.915 [http-nio-8080-exec-3] [INFO] o.e.b.s.j.JwtTokenFilter - ❌ 토큰 없음 또는 유효하지 않음: null
2025-06-27 12:15:59.917 [http-nio-8080-exec-4] [INFO] o.e.b.s.j.JwtTokenFilter - ❌ 토큰 없음 또는 유효하지 않음: null
2025-06-27 12:16:04.916 [http-nio-8080-exec-5] [INFO] o.e.b.s.j.JwtTokenFilter - ❌ 토큰 없음 또는 유효하지 않음: null
2025-06-27 12:16:09.917 [http-nio-8080-exec-6] [INFO] o.e.b.s.j.JwtTokenFilter - ❌ 토큰 없음 또는 유효하지 않음: null
2025-06-27 12:16:14.914 [http-nio-8080-exec-7] [INFO] o.e.b.s.j.JwtTokenFilter - ❌ 토큰 없음 또는 유효하지 않음: null
2025-06-27 12:16:19.913 [http-nio-8080-exec-8] [INFO] o.e.b.s.j.JwtTokenFilter - ❌ 토큰 없음 또는 유효하지 않음: null
2025-06-27 12:16:24.913 [http-nio-8080-exec-9] [INFO] o.e.b.s.j.JwtTokenFilter - ❌ 토큰 없음 또는 유효하지 않음: null
2025-06-27 12:16:29.914 [http-nio-8080-exec-10] [INFO] o.e.b.s.j.JwtTokenFilter - ❌ 토큰 없음 또는 유효하지 않음: null
2025-06-27 12:16:34.914 [http-nio-8080-exec-1] [INFO] o.e.b.s.j.JwtTokenFilter - ❌ 토큰 없음 또는 유효하지 않음: null
2025-06-27 12:16:39.911 [http-nio-8080-exec-2] [INFO] o.e.b.s.j.JwtTokenFilter - ❌ 토큰 없음 또는 유효하지 않음: null
2025-06-27 12:16:44.913 [http-nio-8080-exec-3] [INFO] o.e.b.s.j.JwtTokenFilter - ❌ 토큰 없음 또는 유효하지 않음: null
2025-06-27 12:16:49.912 [http-nio-8080-exec-4] [INFO] o.e.b.s.j.JwtTokenFilter - ❌ 토큰 없음 또는 유효하지 않음: null
2025-06-27 12:16:54.912 [http-nio-8080-exec-5] [INFO] o.e.b.s.j.JwtTokenFilter - ❌ 토큰 없음 또는 유효하지 않음: null
2025-06-27 12:16:59.910 [http-nio-8080-exec-6] [INFO] o.e.b.s.j.JwtTokenFilter - ❌ 토큰 없음 또는 유효하지 않음: null
2025-06-27 12:17:04.910 [http-nio-8080-exec-7] [INFO] o.e.b.s.j.JwtTokenFilter - ❌ 토큰 없음 또는 유효하지 않음: null
2025-06-27 12:17:09.911 [http-nio-8080-exec-8] [INFO] o.e.b.s.j.JwtTokenFilter - ❌ 토큰 없음 또는 유효하지 않음: null
2025-06-27 12:17:14.910 [http-nio-8080-exec-9] [INFO] o.e.b.s.j.JwtTokenFilter - ❌ 토큰 없음 또는 유효하지 않음: null
2025-06-27 12:17:19.910 [http-nio-8080-exec-10] [INFO] o.e.b.s.j.JwtTokenFilter - ❌ 토큰 없음 또는 유효하지 않음: null
2025-06-27 12:17:24.908 [http-nio-8080-exec-1] [INFO] o.e.b.s.j.JwtTokenFilter - ❌ 토큰 없음 또는 유효하지 않음: null
2025-06-27 12:17:29.910 [http-nio-8080-exec-2] [INFO] o.e.b.s.j.JwtTokenFilter - ❌ 토큰 없음 또는 유효하지 않음: null
2025-06-27 12:17:34.908 [http-nio-8080-exec-3] [INFO] o.e.b.s.j.JwtTokenFilter - ❌ 토큰 없음 또는 유효하지 않음: null
2025-06-27 12:17:39.907 [http-nio-8080-exec-4] [INFO] o.e.b.s.j.JwtTokenFilter - ❌ 토큰 없음 또는 유효하지 않음: null
2025-06-27 12:17:44.907 [http-nio-8080-exec-5] [INFO] o.e.b.s.j.JwtTokenFilter - ❌ 토큰 없음 또는 유효하지 않음: null
2025-06-27 12:17:49.909 [http-nio-8080-exec-6] [INFO] o.e.b.s.j.JwtTokenFilter - ❌ 토큰 없음 또는 유효하지 않음: null
2025-06-27 12:17:54.910 [http-nio-8080-exec-7] [INFO] o.e.b.s.j.JwtTokenFilter - ❌ 토큰 없음 또는 유효하지 않음: null
2025-06-27 12:17:59.908 [http-nio-8080-exec-8] [INFO] o.e.b.s.j.JwtTokenFilter - ❌ 토큰 없음 또는 유효하지 않음: null
2025-06-27 12:18:04.930 [http-nio-8080-exec-9] [INFO] o.e.b.s.j.JwtTokenFilter - ❌ 토큰 없음 또는 유효하지 않음: null
2025-06-27 12:18:09.908 [http-nio-8080-exec-10] [INFO] o.e.b.s.j.JwtTokenFilter - ❌ 토큰 없음 또는 유효하지 않음: null
2025-06-27 12:18:14.906 [http-nio-8080-exec-1] [INFO] o.e.b.s.j.JwtTokenFilter - ❌ 토큰 없음 또는 유효하지 않음: null
2025-06-27 12:18:19.905 [http-nio-8080-exec-2] [INFO] o.e.b.s.j.JwtTokenFilter - ❌ 토큰 없음 또는 유효하지 않음: null
2025-06-27 12:18:24.906 [http-nio-8080-exec-3] [INFO] o.e.b.s.j.JwtTokenFilter - ❌ 토큰 없음 또는 유효하지 않음: null
2025-06-27 12:18:29.905 [http-nio-8080-exec-4] [INFO] o.e.b.s.j.JwtTokenFilter - ❌ 토큰 없음 또는 유효하지 않음: null
2025-06-27 12:18:34.904 [http-nio-8080-exec-5] [INFO] o.e.b.s.j.JwtTokenFilter - ❌ 토큰 없음 또는 유효하지 않음: null
2025-06-27 12:18:39.903 [http-nio-8080-exec-6] [INFO] o.e.b.s.j.JwtTokenFilter - ❌ 토큰 없음 또는 유효하지 않음: null
2025-06-27 12:18:44.904 [http-nio-8080-exec-7] [INFO] o.e.b.s.j.JwtTokenFilter - ❌ 토큰 없음 또는 유효하지 않음: null
2025-06-27 12:18:49.903 [http-nio-8080-exec-8] [INFO] o.e.b.s.j.JwtTokenFilter - ❌ 토큰 없음 또는 유효하지 않음: null
2025-06-27 12:18:54.902 [http-nio-8080-exec-9] [INFO] o.e.b.s.j.JwtTokenFilter - ❌ 토큰 없음 또는 유효하지 않음: null
2025-06-27 12:18:59.902 [http-nio-8080-exec-10] [INFO] o.e.b.s.j.JwtTokenFilter - ❌ 토큰 없음 또는 유효하지 않음: null
2025-06-27 12:19:04.903 [http-nio-8080-exec-1] [INFO] o.e.b.s.j.JwtTokenFilter - ❌ 토큰 없음 또는 유효하지 않음: null
2025-06-27 12:19:09.902 [http-nio-8080-exec-2] [INFO] o.e.b.s.j.JwtTokenFilter - ❌ 토큰 없음 또는 유효하지 않음: null
2025-06-27 12:19:14.900 [http-nio-8080-exec-3] [INFO] o.e.b.s.j.JwtTokenFilter - ❌ 토큰 없음 또는 유효하지 않음: null
2025-06-27 12:19:19.902 [http-nio-8080-exec-4] [INFO] o.e.b.s.j.JwtTokenFilter - ❌ 토큰 없음 또는 유효하지 않음: null
2025-06-27 12:19:24.901 [http-nio-8080-exec-5] [INFO] o.e.b.s.j.JwtTokenFilter - ❌ 토큰 없음 또는 유효하지 않음: null
2025-06-27 12:19:29.901 [http-nio-8080-exec-6] [INFO] o.e.b.s.j.JwtTokenFilter - ❌ 토큰 없음 또는 유효하지 않음: null
2025-06-27 12:19:34.899 [http-nio-8080-exec-7] [INFO] o.e.b.s.j.JwtTokenFilter - ❌ 토큰 없음 또는 유효하지 않음: null
2025-06-27 12:19:39.899 [http-nio-8080-exec-8] [INFO] o.e.b.s.j.JwtTokenFilter - ❌ 토큰 없음 또는 유효하지 않음: null
2025-06-27 12:19:44.899 [http-nio-8080-exec-9] [INFO] o.e.b.s.j.JwtTokenFilter - ❌ 토큰 없음 또는 유효하지 않음: null
2025-06-27 12:19:49.897 [http-nio-8080-exec-10] [INFO] o.e.b.s.j.JwtTokenFilter - ❌ 토큰 없음 또는 유효하지 않음: null
2025-06-27 12:19:54.898 [http-nio-8080-exec-1] [INFO] o.e.b.s.j.JwtTokenFilter - ❌ 토큰 없음 또는 유효하지 않음: null
2025-06-27 12:19:59.900 [http-nio-8080-exec-2] [INFO] o.e.b.s.j.JwtTokenFilter - ❌ 토큰 없음 또는 유효하지 않음: null
2025-06-27 12:20:04.897 [http-nio-8080-exec-3] [INFO] o.e.b.s.j.JwtTokenFilter - ❌ 토큰 없음 또는 유효하지 않음: null
2025-06-27 12:20:09.898 [http-nio-8080-exec-4] [INFO] o.e.b.s.j.JwtTokenFilter - ❌ 토큰 없음 또는 유효하지 않음: null
2025-06-27 12:20:14.896 [http-nio-8080-exec-5] [INFO] o.e.b.s.j.JwtTokenFilter - ❌ 토큰 없음 또는 유효하지 않음: null
2025-06-27 12:20:19.896 [http-nio-8080-exec-6] [INFO] o.e.b.s.j.JwtTokenFilter - ❌ 토큰 없음 또는 유효하지 않음: null
2025-06-27 12:20:24.896 [http-nio-8080-exec-7] [INFO] o.e.b.s.j.JwtTokenFilter - ❌ 토큰 없음 또는 유효하지 않음: null
2025-06-27 12:20:29.896 [http-nio-8080-exec-8] [INFO] o.e.b.s.j.JwtTokenFilter - ❌ 토큰 없음 또는 유효하지 않음: null
2025-06-27 12:20:34.894 [http-nio-8080-exec-9] [INFO] o.e.b.s.j.JwtTokenFilter - ❌ 토큰 없음 또는 유효하지 않음: null
2025-06-27 12:20:39.895 [http-nio-8080-exec-10] [INFO] o.e.b.s.j.JwtTokenFilter - ❌ 토큰 없음 또는 유효하지 않음: null
2025-06-27 12:20:44.895 [http-nio-8080-exec-1] [INFO] o.e.b.s.j.JwtTokenFilter - ❌ 토큰 없음 또는 유효하지 않음: null
2025-06-27 12:20:49.894 [http-nio-8080-exec-2] [INFO] o.e.b.s.j.JwtTokenFilter - ❌ 토큰 없음 또는 유효하지 않음: null
2025-06-27 12:20:54.896 [http-nio-8080-exec-3] [INFO] o.e.b.s.j.JwtTokenFilter - ❌ 토큰 없음 또는 유효하지 않음: null
2025-06-27 12:20:59.894 [http-nio-8080-exec-4] [INFO] o.e.b.s.j.JwtTokenFilter - ❌ 토큰 없음 또는 유효하지 않음: null
2025-06-27 12:21:04.894 [http-nio-8080-exec-5] [INFO] o.e.b.s.j.JwtTokenFilter - ❌ 토큰 없음 또는 유효하지 않음: null
2025-06-27 12:21:09.893 [http-nio-8080-exec-6] [INFO] o.e.b.s.j.JwtTokenFilter - ❌ 토큰 없음 또는 유효하지 않음: null
2025-06-27 12:21:14.892 [http-nio-8080-exec-7] [INFO] o.e.b.s.j.JwtTokenFilter - ❌ 토큰 없음 또는 유효하지 않음: null
2025-06-27 12:21:19.894 [http-nio-8080-exec-8] [INFO] o.e.b.s.j.JwtTokenFilter - ❌ 토큰 없음 또는 유효하지 않음: null
2025-06-27 12:21:24.892 [http-nio-8080-exec-9] [INFO] o.e.b.s.j.JwtTokenFilter - ❌ 토큰 없음 또는 유효하지 않음: null
2025-06-27 12:21:29.892 [http-nio-8080-exec-10] [INFO] o.e.b.s.j.JwtTokenFilter - ❌ 토큰 없음 또는 유효하지 않음: null
2025-06-27 12:21:34.892 [http-nio-8080-exec-1] [INFO] o.e.b.s.j.JwtTokenFilter - ❌ 토큰 없음 또는 유효하지 않음: null
2025-06-27 12:21:39.891 [http-nio-8080-exec-2] [INFO] o.e.b.s.j.JwtTokenFilter - ❌ 토큰 없음 또는 유효하지 않음: null
2025-06-27 12:21:44.891 [http-nio-8080-exec-3] [INFO] o.e.b.s.j.JwtTokenFilter - ❌ 토큰 없음 또는 유효하지 않음: null
2025-06-27 12:21:49.890 [http-nio-8080-exec-4] [INFO] o.e.b.s.j.JwtTokenFilter - ❌ 토큰 없음 또는 유효하지 않음: null
2025-06-27 12:21:54.888 [http-nio-8080-exec-5] [INFO] o.e.b.s.j.JwtTokenFilter - ❌ 토큰 없음 또는 유효하지 않음: null
2025-06-27 12:21:59.889 [http-nio-8080-exec-6] [INFO] o.e.b.s.j.JwtTokenFilter - ❌ 토큰 없음 또는 유효하지 않음: null
2025-06-27 12:22:04.888 [http-nio-8080-exec-7] [INFO] o.e.b.s.j.JwtTokenFilter - ❌ 토큰 없음 또는 유효하지 않음: null
2025-06-27 12:22:09.892 [http-nio-8080-exec-8] [INFO] o.e.b.s.j.JwtTokenFilter - ❌ 토큰 없음 또는 유효하지 않음: null
2025-06-27 12:22:14.888 [http-nio-8080-exec-9] [INFO] o.e.b.s.j.JwtTokenFilter - ❌ 토큰 없음 또는 유효하지 않음: null
2025-06-27 12:22:19.886 [http-nio-8080-exec-10] [INFO] o.e.b.s.j.JwtTokenFilter - ❌ 토큰 없음 또는 유효하지 않음: null
2025-06-27 12:22:24.886 [http-nio-8080-exec-1] [INFO] o.e.b.s.j.JwtTokenFilter - ❌ 토큰 없음 또는 유효하지 않음: null
2025-06-27 12:22:29.885 [http-nio-8080-exec-2] [INFO] o.e.b.s.j.JwtTokenFilter - ❌ 토큰 없음 또는 유효하지 않음: null
2025-06-27 12:22:34.888 [http-nio-8080-exec-3] [INFO] o.e.b.s.j.JwtTokenFilter - ❌ 토큰 없음 또는 유효하지 않음: null
2025-06-27 12:22:39.887 [http-nio-8080-exec-4] [INFO] o.e.b.s.j.JwtTokenFilter - ❌ 토큰 없음 또는 유효하지 않음: null
2025-06-27 12:22:44.906 [http-nio-8080-exec-5] [INFO] o.e.b.s.j.JwtTokenFilter - ❌ 토큰 없음 또는 유효하지 않음: null
2025-06-27 12:22:49.886 [http-nio-8080-exec-6] [INFO] o.e.b.s.j.JwtTokenFilter - ❌ 토큰 없음 또는 유효하지 않음: null
2025-06-27 12:22:54.885 [http-nio-8080-exec-7] [INFO] o.e.b.s.j.JwtTokenFilter - ❌ 토큰 없음 또는 유효하지 않음: null
2025-06-27 12:22:59.885 [http-nio-8080-exec-8] [INFO] o.e.b.s.j.JwtTokenFilter - ❌ 토큰 없음 또는 유효하지 않음: null
2025-06-27 12:23:04.884 [http-nio-8080-exec-9] [INFO] o.e.b.s.j.JwtTokenFilter - ❌ 토큰 없음 또는 유효하지 않음: null
2025-06-27 12:23:09.883 [http-nio-8080-exec-10] [INFO] o.e.b.s.j.JwtTokenFilter - ❌ 토큰 없음 또는 유효하지 않음: null
2025-06-27 12:23:14.883 [http-nio-8080-exec-1] [INFO] o.e.b.s.j.JwtTokenFilter - ❌ 토큰 없음 또는 유효하지 않음: null
2025-06-27 12:23:19.883 [http-nio-8080-exec-2] [INFO] o.e.b.s.j.JwtTokenFilter - ❌ 토큰 없음 또는 유효하지 않음: null
2025-06-27 12:23:24.882 [http-nio-8080-exec-3] [INFO] o.e.b.s.j.JwtTokenFilter - ❌ 토큰 없음 또는 유효하지 않음: null
2025-06-27 12:23:29.882 [http-nio-8080-exec-4] [INFO] o.e.b.s.j.JwtTokenFilter - ❌ 토큰 없음 또는 유효하지 않음: null
2025-06-27 12:23:34.880 [http-nio-8080-exec-5] [INFO] o.e.b.s.j.JwtTokenFilter - ❌ 토큰 없음 또는 유효하지 않음: null
2025-06-27 12:23:39.882 [http-nio-8080-exec-6] [INFO] o.e.b.s.j.JwtTokenFilter - ❌ 토큰 없음 또는 유효하지 않음: null
2025-06-27 12:23:44.882 [http-nio-8080-exec-7] [INFO] o.e.b.s.j.JwtTokenFilter - ❌ 토큰 없음 또는 유효하지 않음: null
2025-06-27 12:23:49.881 [http-nio-8080-exec-8] [INFO] o.e.b.s.j.JwtTokenFilter - ❌ 토큰 없음 또는 유효하지 않음: null
2025-06-27 12:23:54.882 [http-nio-8080-exec-9] [INFO] o.e.b.s.j.JwtTokenFilter - ❌ 토큰 없음 또는 유효하지 않음: null
2025-06-27 12:23:59.881 [http-nio-8080-exec-10] [INFO] o.e.b.s.j.JwtTokenFilter - ❌ 토큰 없음 또는 유효하지 않음: null
2025-06-27 12:24:04.879 [http-nio-8080-exec-1] [INFO] o.e.b.s.j.JwtTokenFilter - ❌ 토큰 없음 또는 유효하지 않음: null
2025-06-27 12:24:09.880 [http-nio-8080-exec-2] [INFO] o.e.b.s.j.JwtTokenFilter - ❌ 토큰 없음 또는 유효하지 않음: null
2025-06-27 12:24:14.878 [http-nio-8080-exec-3] [INFO] o.e.b.s.j.JwtTokenFilter - ❌ 토큰 없음 또는 유효하지 않음: null
2025-06-27 12:24:19.879 [http-nio-8080-exec-4] [INFO] o.e.b.s.j.JwtTokenFilter - ❌ 토큰 없음 또는 유효하지 않음: null
2025-06-27 12:24:24.877 [http-nio-8080-exec-5] [INFO] o.e.b.s.j.JwtTokenFilter - ❌ 토큰 없음 또는 유효하지 않음: null
2025-06-27 12:24:29.876 [http-nio-8080-exec-6] [INFO] o.e.b.s.j.JwtTokenFilter - ❌ 토큰 없음 또는 유효하지 않음: null
2025-06-27 12:24:34.876 [http-nio-8080-exec-7] [INFO] o.e.b.s.j.JwtTokenFilter - ❌ 토큰 없음 또는 유효하지 않음: null
2025-06-27 12:24:39.878 [http-nio-8080-exec-8] [INFO] o.e.b.s.j.JwtTokenFilter - ❌ 토큰 없음 또는 유효하지 않음: null
2025-06-27 12:24:44.876 [http-nio-8080-exec-9] [INFO] o.e.b.s.j.JwtTokenFilter - ❌ 토큰 없음 또는 유효하지 않음: null
2025-06-27 12:24:49.877 [http-nio-8080-exec-10] [INFO] o.e.b.s.j.JwtTokenFilter - ❌ 토큰 없음 또는 유효하지 않음: null
2025-06-27 12:24:54.875 [http-nio-8080-exec-1] [INFO] o.e.b.s.j.JwtTokenFilter - ❌ 토큰 없음 또는 유효하지 않음: null
2025-06-27 12:24:59.874 [http-nio-8080-exec-2] [INFO] o.e.b.s.j.JwtTokenFilter - ❌ 토큰 없음 또는 유효하지 않음: null
2025-06-27 12:25:04.875 [http-nio-8080-exec-3] [INFO] o.e.b.s.j.JwtTokenFilter - ❌ 토큰 없음 또는 유효하지 않음: null
2025-06-27 12:25:09.876 [http-nio-8080-exec-4] [INFO] o.e.b.s.j.JwtTokenFilter - ❌ 토큰 없음 또는 유효하지 않음: null
2025-06-27 12:25:14.874 [http-nio-8080-exec-5] [INFO] o.e.b.s.j.JwtTokenFilter - ❌ 토큰 없음 또는 유효하지 않음: null
2025-06-27 12:25:19.874 [http-nio-8080-exec-6] [INFO] o.e.b.s.j.JwtTokenFilter - ❌ 토큰 없음 또는 유효하지 않음: null
2025-06-27 12:25:24.873 [http-nio-8080-exec-7] [INFO] o.e.b.s.j.JwtTokenFilter - ❌ 토큰 없음 또는 유효하지 않음: null
2025-06-27 12:25:29.874 [http-nio-8080-exec-8] [INFO] o.e.b.s.j.JwtTokenFilter - ❌ 토큰 없음 또는 유효하지 않음: null
2025-06-27 12:25:34.873 [http-nio-8080-exec-9] [INFO] o.e.b.s.j.JwtTokenFilter - ❌ 토큰 없음 또는 유효하지 않음: null
2025-06-27 12:25:39.874 [http-nio-8080-exec-10] [INFO] o.e.b.s.j.JwtTokenFilter - ❌ 토큰 없음 또는 유효하지 않음: null
2025-06-27 12:25:44.872 [http-nio-8080-exec-1] [INFO] o.e.b.s.j.JwtTokenFilter - ❌ 토큰 없음 또는 유효하지 않음: null
2025-06-27 12:25:49.873 [http-nio-8080-exec-2] [INFO] o.e.b.s.j.JwtTokenFilter - ❌ 토큰 없음 또는 유효하지 않음: null
2025-06-27 12:25:54.871 [http-nio-8080-exec-3] [INFO] o.e.b.s.j.JwtTokenFilter - ❌ 토큰 없음 또는 유효하지 않음: null
2025-06-27 12:25:59.872 [http-nio-8080-exec-4] [INFO] o.e.b.s.j.JwtTokenFilter - ❌ 토큰 없음 또는 유효하지 않음: null
2025-06-27 12:26:04.869 [http-nio-8080-exec-5] [INFO] o.e.b.s.j.JwtTokenFilter - ❌ 토큰 없음 또는 유효하지 않음: null
2025-06-27 12:26:09.870 [http-nio-8080-exec-6] [INFO] o.e.b.s.j.JwtTokenFilter - ❌ 토큰 없음 또는 유효하지 않음: null
2025-06-27 12:26:14.869 [http-nio-8080-exec-7] [INFO] o.e.b.s.j.JwtTokenFilter - ❌ 토큰 없음 또는 유효하지 않음: null
2025-06-27 12:26:19.870 [http-nio-8080-exec-8] [INFO] o.e.b.s.j.JwtTokenFilter - ❌ 토큰 없음 또는 유효하지 않음: null
2025-06-27 12:26:24.896 [http-nio-8080-exec-9] [INFO] o.e.b.s.j.JwtTokenFilter - ❌ 토큰 없음 또는 유효하지 않음: null
2025-06-27 12:26:29.869 [http-nio-8080-exec-10] [INFO] o.e.b.s.j.JwtTokenFilter - ❌ 토큰 없음 또는 유효하지 않음: null
2025-06-27 12:26:34.868 [http-nio-8080-exec-1] [INFO] o.e.b.s.j.JwtTokenFilter - ❌ 토큰 없음 또는 유효하지 않음: null
2025-06-27 12:26:39.869 [http-nio-8080-exec-2] [INFO] o.e.b.s.j.JwtTokenFilter - ❌ 토큰 없음 또는 유효하지 않음: null
2025-06-27 12:26:44.867 [http-nio-8080-exec-3] [INFO] o.e.b.s.j.JwtTokenFilter - ❌ 토큰 없음 또는 유효하지 않음: null
2025-06-27 12:26:49.869 [http-nio-8080-exec-4] [INFO] o.e.b.s.j.JwtTokenFilter - ❌ 토큰 없음 또는 유효하지 않음: null
2025-06-27 12:26:54.869 [http-nio-8080-exec-5] [INFO] o.e.b.s.j.JwtTokenFilter - ❌ 토큰 없음 또는 유효하지 않음: null
2025-06-27 12:26:59.869 [http-nio-8080-exec-6] [INFO] o.e.b.s.j.JwtTokenFilter - ❌ 토큰 없음 또는 유효하지 않음: null
2025-06-27 12:27:04.865 [http-nio-8080-exec-7] [INFO] o.e.b.s.j.JwtTokenFilter - ❌ 토큰 없음 또는 유효하지 않음: null
2025-06-27 12:27:09.866 [http-nio-8080-exec-8] [INFO] o.e.b.s.j.JwtTokenFilter - ❌ 토큰 없음 또는 유효하지 않음: null
2025-06-27 12:27:14.865 [http-nio-8080-exec-9] [INFO] o.e.b.s.j.JwtTokenFilter - ❌ 토큰 없음 또는 유효하지 않음: null
2025-06-27 12:27:19.865 [http-nio-8080-exec-10] [INFO] o.e.b.s.j.JwtTokenFilter - ❌ 토큰 없음 또는 유효하지 않음: null
2025-06-27 12:27:24.864 [http-nio-8080-exec-1] [INFO] o.e.b.s.j.JwtTokenFilter - ❌ 토큰 없음 또는 유효하지 않음: null
2025-06-27 12:27:29.864 [http-nio-8080-exec-2] [INFO] o.e.b.s.j.JwtTokenFilter - ❌ 토큰 없음 또는 유효하지 않음: null
2025-06-27 12:27:34.863 [http-nio-8080-exec-3] [INFO] o.e.b.s.j.JwtTokenFilter - ❌ 토큰 없음 또는 유효하지 않음: null
2025-06-27 12:27:39.863 [http-nio-8080-exec-4] [INFO] o.e.b.s.j.JwtTokenFilter - ❌ 토큰 없음 또는 유효하지 않음: null
2025-06-27 12:27:44.861 [http-nio-8080-exec-5] [INFO] o.e.b.s.j.JwtTokenFilter - ❌ 토큰 없음 또는 유효하지 않음: null
2025-06-27 12:27:49.863 [http-nio-8080-exec-6] [INFO] o.e.b.s.j.JwtTokenFilter - ❌ 토큰 없음 또는 유효하지 않음: null
2025-06-27 12:27:54.870 [http-nio-8080-exec-7] [INFO] o.e.b.s.j.JwtTokenFilter - ❌ 토큰 없음 또는 유효하지 않음: null
2025-06-27 12:27:59.861 [http-nio-8080-exec-8] [INFO] o.e.b.s.j.JwtTokenFilter - ❌ 토큰 없음 또는 유효하지 않음: null
2025-06-27 12:28:04.860 [http-nio-8080-exec-9] [INFO] o.e.b.s.j.JwtTokenFilter - ❌ 토큰 없음 또는 유효하지 않음: null
2025-06-27 12:28:09.861 [http-nio-8080-exec-10] [INFO] o.e.b.s.j.JwtTokenFilter - ❌ 토큰 없음 또는 유효하지 않음: null
2025-06-27 12:28:14.859 [http-nio-8080-exec-1] [INFO] o.e.b.s.j.JwtTokenFilter - ❌ 토큰 없음 또는 유효하지 않음: null
2025-06-27 12:28:19.859 [http-nio-8080-exec-2] [INFO] o.e.b.s.j.JwtTokenFilter - ❌ 토큰 없음 또는 유효하지 않음: null
2025-06-27 12:28:24.859 [http-nio-8080-exec-3] [INFO] o.e.b.s.j.JwtTokenFilter - ❌ 토큰 없음 또는 유효하지 않음: null
2025-06-27 12:28:29.859 [http-nio-8080-exec-4] [INFO] o.e.b.s.j.JwtTokenFilter - ❌ 토큰 없음 또는 유효하지 않음: null
2025-06-27 12:28:34.860 [http-nio-8080-exec-5] [INFO] o.e.b.s.j.JwtTokenFilter - ❌ 토큰 없음 또는 유효하지 않음: null
2025-06-27 12:28:39.859 [http-nio-8080-exec-6] [INFO] o.e.b.s.j.JwtTokenFilter - ❌ 토큰 없음 또는 유효하지 않음: null
2025-06-27 12:28:44.858 [http-nio-8080-exec-7] [INFO] o.e.b.s.j.JwtTokenFilter - ❌ 토큰 없음 또는 유효하지 않음: null
2025-06-27 12:28:49.858 [http-nio-8080-exec-8] [INFO] o.e.b.s.j.JwtTokenFilter - ❌ 토큰 없음 또는 유효하지 않음: null
2025-06-27 12:28:54.857 [http-nio-8080-exec-9] [INFO] o.e.b.s.j.JwtTokenFilter - ❌ 토큰 없음 또는 유효하지 않음: null
2025-06-27 12:28:59.856 [http-nio-8080-exec-10] [INFO] o.e.b.s.j.JwtTokenFilter - ❌ 토큰 없음 또는 유효하지 않음: null
2025-06-27 12:29:01.424 [http-nio-8080-exec-2] [INFO] o.e.b.s.j.JwtTokenFilter - ❌ 토큰 없음 또는 유효하지 않음: null
2025-06-27 12:29:01.543 [http-nio-8080-exec-5] [INFO] o.e.b.s.j.JwtTokenFilter - ❌ 토큰 없음 또는 유효하지 않음: null
2025-06-27 12:29:03.660 [http-nio-8080-exec-6] [WARN] o.e.b.e.GlobalExceptionHandler - 런타임 예외 처리: 해당 유저를 찾을 수 없습니다.
2025-06-27 12:29:03.661 [http-nio-8080-exec-6] [WARN] o.s.w.s.m.m.a.ExceptionHandlerExceptionResolver - Resolved [java.lang.RuntimeException: 해당 유저를 찾을 수 없습니다.]
2025-06-27 12:29:04.857 [http-nio-8080-exec-7] [INFO] o.e.b.s.j.JwtTokenFilter - ❌ 토큰 없음 또는 유효하지 않음: null
2025-06-27 12:29:09.856 [http-nio-8080-exec-9] [INFO] o.e.b.s.j.JwtTokenFilter - ❌ 토큰 없음 또는 유효하지 않음: null
2025-06-27 12:29:14.856 [http-nio-8080-exec-10] [INFO] o.e.b.s.j.JwtTokenFilter - ❌ 토큰 없음 또는 유효하지 않음: null
2025-06-27 12:29:19.855 [http-nio-8080-exec-1] [INFO] o.e.b.s.j.JwtTokenFilter - ❌ 토큰 없음 또는 유효하지 않음: null
2025-06-27 12:29:24.855 [http-nio-8080-exec-2] [INFO] o.e.b.s.j.JwtTokenFilter - ❌ 토큰 없음 또는 유효하지 않음: null
2025-06-27 12:29:29.854 [http-nio-8080-exec-3] [INFO] o.e.b.s.j.JwtTokenFilter - ❌ 토큰 없음 또는 유효하지 않음: null
2025-06-27 12:29:34.854 [http-nio-8080-exec-4] [INFO] o.e.b.s.j.JwtTokenFilter - ❌ 토큰 없음 또는 유효하지 않음: null
2025-06-27 12:29:39.853 [http-nio-8080-exec-5] [INFO] o.e.b.s.j.JwtTokenFilter - ❌ 토큰 없음 또는 유효하지 않음: null
2025-06-27 12:29:44.852 [http-nio-8080-exec-6] [INFO] o.e.b.s.j.JwtTokenFilter - ❌ 토큰 없음 또는 유효하지 않음: null
2025-06-27 12:29:49.852 [http-nio-8080-exec-7] [INFO] o.e.b.s.j.JwtTokenFilter - ❌ 토큰 없음 또는 유효하지 않음: null
2025-06-27 12:29:54.854 [http-nio-8080-exec-8] [INFO] o.e.b.s.j.JwtTokenFilter - ❌ 토큰 없음 또는 유효하지 않음: null
2025-06-27 12:29:58.699 [SpringApplicationShutdownHook] [INFO] o.s.b.w.e.t.GracefulShutdown - Commencing graceful shutdown. Waiting for active requests to complete
2025-06-27 12:29:58.964 [tomcat-shutdown] [INFO] o.s.b.w.e.t.GracefulShutdown - Graceful shutdown complete
2025-06-27 12:29:58.978 [SpringApplicationShutdownHook] [INFO] o.s.m.s.b.SimpleBrokerMessageHandler - Stopping...
2025-06-27 12:29:58.978 [SpringApplicationShutdownHook] [INFO] o.s.m.s.b.SimpleBrokerMessageHandler - BrokerAvailabilityEvent[available=false, SimpleBrokerMessageHandler [org.springframework.messaging.simp.broker.DefaultSubscriptionRegistry@39a6207f]]
2025-06-27 12:29:58.979 [SpringApplicationShutdownHook] [INFO] o.s.m.s.b.SimpleBrokerMessageHandler - Stopped.
2025-06-27 12:29:59.121 [SpringApplicationShutdownHook] [INFO] o.s.o.j.LocalContainerEntityManagerFactoryBean - Closing JPA EntityManagerFactory for persistence unit 'default'
2025-06-27 12:29:59.127 [SpringApplicationShutdownHook] [INFO] c.z.h.HikariDataSource - HikariPool-1 - Shutdown initiated...
2025-06-27 12:29:59.137 [SpringApplicationShutdownHook] [INFO] c.z.h.HikariDataSource - HikariPool-1 - Shutdown completed.
2025-06-27 12:30:07.758 [restartedMain] [INFO] o.e.b.BackendProjectApplication - Starting BackendProjectApplication using Java 17.0.12 with PID 23888 (C:\backend5\backendProject\build\classes\java\main started by win11 in C:\backend5)
2025-06-27 12:30:07.761 [restartedMain] [INFO] o.e.b.BackendProjectApplication - The following 1 profile is active: "dev"
2025-06-27 12:30:07.846 [restartedMain] [INFO] o.s.b.d.e.DevToolsPropertyDefaultsPostProcessor - Devtools property defaults active! Set 'spring.devtools.add-properties' to 'false' to disable
2025-06-27 12:30:07.846 [restartedMain] [INFO] o.s.b.d.e.DevToolsPropertyDefaultsPostProcessor - For additional web related logging consider setting the 'logging.level.web' property to 'DEBUG'
2025-06-27 12:30:11.232 [restartedMain] [INFO] o.s.d.r.c.RepositoryConfigurationDelegate - Multiple Spring Data modules found, entering strict repository configuration mode
2025-06-27 12:30:11.236 [restartedMain] [INFO] o.s.d.r.c.RepositoryConfigurationDelegate - Bootstrapping Spring Data JPA repositories in DEFAULT mode.
2025-06-27 12:30:11.721 [restartedMain] [INFO] o.s.d.r.c.RepositoryConfigurationDelegate - Finished Spring Data repository scanning in 462 ms. Found 5 JPA repository interfaces.
2025-06-27 12:30:11.750 [restartedMain] [INFO] o.s.d.r.c.RepositoryConfigurationDelegate - Multiple Spring Data modules found, entering strict repository configuration mode
2025-06-27 12:30:11.753 [restartedMain] [INFO] o.s.d.r.c.RepositoryConfigurationDelegate - Bootstrapping Spring Data Redis repositories in DEFAULT mode.
2025-06-27 12:30:11.796 [restartedMain] [INFO] o.s.d.r.c.RepositoryConfigurationExtensionSupport - Spring Data Redis - Could not safely identify store assignment for repository candidate interface org.example.backendproject.Auth.repository.AuthRepository; If you want this repository to be a Redis repository, consider annotating your entities with one of these annotations: org.springframework.data.redis.core.RedisHash (preferred), or consider extending one of the following types with your repository: org.springframework.data.keyvalue.repository.KeyValueRepository
2025-06-27 12:30:11.798 [restartedMain] [INFO] o.s.d.r.c.RepositoryConfigurationExtensionSupport - Spring Data Redis - Could not safely identify store assignment for repository candidate interface org.example.backendproject.board.repository.BoardRepository; If you want this repository to be a Redis repository, consider annotating your entities with one of these annotations: org.springframework.data.redis.core.RedisHash (preferred), or consider extending one of the following types with your repository: org.springframework.data.keyvalue.repository.KeyValueRepository
2025-06-27 12:30:11.799 [restartedMain] [INFO] o.s.d.r.c.RepositoryConfigurationExtensionSupport - Spring Data Redis - Could not safely identify store assignment for repository candidate interface org.example.backendproject.comment.repository.CommentRepository; If you want this repository to be a Redis repository, consider annotating your entities with one of these annotations: org.springframework.data.redis.core.RedisHash (preferred), or consider extending one of the following types with your repository: org.springframework.data.keyvalue.repository.KeyValueRepository
2025-06-27 12:30:11.800 [restartedMain] [INFO] o.s.d.r.c.RepositoryConfigurationExtensionSupport - Spring Data Redis - Could not safely identify store assignment for repository candidate interface org.example.backendproject.purewebsocket.room.repository.RoomRepository; If you want this repository to be a Redis repository, consider annotating your entities with one of these annotations: org.springframework.data.redis.core.RedisHash (preferred), or consider extending one of the following types with your repository: org.springframework.data.keyvalue.repository.KeyValueRepository
2025-06-27 12:30:11.801 [restartedMain] [INFO] o.s.d.r.c.RepositoryConfigurationExtensionSupport - Spring Data Redis - Could not safely identify store assignment for repository candidate interface org.example.backendproject.user.repository.UserRepository; If you want this repository to be a Redis repository, consider annotating your entities with one of these annotations: org.springframework.data.redis.core.RedisHash (preferred), or consider extending one of the following types with your repository: org.springframework.data.keyvalue.repository.KeyValueRepository
2025-06-27 12:30:11.801 [restartedMain] [INFO] o.s.d.r.c.RepositoryConfigurationDelegate - Finished Spring Data repository scanning in 30 ms. Found 0 Redis repository interfaces.
2025-06-27 12:30:13.666 [restartedMain] [INFO] o.s.b.w.e.t.TomcatWebServer - Tomcat initialized with port 8080 (http)
2025-06-27 12:30:13.699 [restartedMain] [INFO] o.a.c.h.Http11NioProtocol - Initializing ProtocolHandler ["http-nio-8080"]
2025-06-27 12:30:13.703 [restartedMain] [INFO] o.a.c.c.StandardService - Starting service [Tomcat]
2025-06-27 12:30:13.704 [restartedMain] [INFO] o.a.c.c.StandardEngine - Starting Servlet engine: [Apache Tomcat/10.1.41]
2025-06-27 12:30:13.852 [restartedMain] [INFO] o.a.c.c.C.[.[.[/] - Initializing Spring embedded WebApplicationContext
2025-06-27 12:30:13.855 [restartedMain] [INFO] o.s.b.w.s.c.ServletWebServerApplicationContext - Root WebApplicationContext: initialization completed in 6005 ms
2025-06-27 12:30:14.497 [restartedMain] [INFO] o.h.j.i.u.LogHelper - HHH000204: Processing PersistenceUnitInfo [name: default]
2025-06-27 12:30:14.665 [restartedMain] [INFO] o.h.Version - HHH000412: Hibernate ORM core version 6.6.15.Final
2025-06-27 12:30:14.784 [restartedMain] [INFO] o.h.c.i.RegionFactoryInitiator - HHH000026: Second-level cache disabled
2025-06-27 12:30:15.552 [restartedMain] [INFO] o.s.o.j.p.SpringPersistenceUnitInfo - No LoadTimeWeaver setup: ignoring JPA class transformer
2025-06-27 12:30:15.648 [restartedMain] [INFO] c.z.h.HikariDataSource - HikariPool-1 - Starting...
2025-06-27 12:30:16.801 [restartedMain] [INFO] c.z.h.p.HikariPool - HikariPool-1 - Added connection com.mysql.cj.jdbc.ConnectionImpl@1f27511d
2025-06-27 12:30:16.807 [restartedMain] [INFO] c.z.h.HikariDataSource - HikariPool-1 - Start completed.
2025-06-27 12:30:17.095 [restartedMain] [WARN] o.h.o.deprecation - HHH90000025: MySQL8Dialect does not need to be specified explicitly using 'hibernate.dialect' (remove the property setting and it will be selected by default)
2025-06-27 12:30:17.099 [restartedMain] [WARN] o.h.o.deprecation - HHH90000026: MySQL8Dialect has been deprecated; use org.hibernate.dialect.MySQLDialect instead
2025-06-27 12:30:17.183 [restartedMain] [INFO] o.h.o.c.pooling - HHH10001005: Database info:
	Database JDBC URL [Connecting through datasource 'HikariDataSource (HikariPool-1)']
	Database driver: undefined/unknown
	Database version: 8.0
	Autocommit mode: undefined/unknown
	Isolation level: undefined/unknown
	Minimum pool size: undefined/unknown
	Maximum pool size: undefined/unknown
2025-06-27 12:30:19.946 [restartedMain] [INFO] o.h.e.t.j.p.i.JtaPlatformInitiator - HHH000489: No JTA platform available (set 'hibernate.transaction.jta.platform' to enable JTA platform integration)
2025-06-27 12:30:20.219 [restartedMain] [INFO] o.s.o.j.LocalContainerEntityManagerFactoryBean - Initialized JPA EntityManagerFactory for persistence unit 'default'
2025-06-27 12:30:21.608 [restartedMain] [INFO] o.s.d.j.r.q.QueryEnhancerFactory - Hibernate is in classpath; If applicable, HQL parser will be used.
2025-06-27 12:30:25.152 [restartedMain] [WARN] o.s.b.a.o.j.JpaBaseConfiguration$JpaWebConfiguration - spring.jpa.open-in-view is enabled by default. Therefore, database queries may be performed during view rendering. Explicitly configure spring.jpa.open-in-view to disable this warning
2025-06-27 12:30:25.375 [restartedMain] [INFO] o.s.b.a.w.s.WelcomePageHandlerMapping - Adding welcome page: class path resource [static/index.html]
2025-06-27 12:30:26.027 [restartedMain] [INFO] o.s.b.a.e.w.EndpointLinksResolver - Exposing 14 endpoints beneath base path '/actuator'
2025-06-27 12:30:26.130 [restartedMain] [WARN] o.s.s.c.a.a.c.InitializeUserDetailsBeanManagerConfigurer$InitializeUserDetailsManagerConfigurer - Found 2 UserDetailsService beans, with names [customUserDetailService, customUserDetailsService]. Global Authentication Manager will not use a UserDetailsService for username/password login. Consider publishing a single UserDetailsService bean.
2025-06-27 12:30:27.459 [restartedMain] [INFO] o.s.b.d.a.OptionalLiveReloadServer - LiveReload server is running on port 35729
2025-06-27 12:30:27.581 [restartedMain] [INFO] o.s.m.s.b.SimpleBrokerMessageHandler - Starting...
2025-06-27 12:30:27.582 [restartedMain] [INFO] o.s.m.s.b.SimpleBrokerMessageHandler - BrokerAvailabilityEvent[available=true, SimpleBrokerMessageHandler [org.springframework.messaging.simp.broker.DefaultSubscriptionRegistry@1ab35311]]
2025-06-27 12:30:27.583 [restartedMain] [INFO] o.s.m.s.b.SimpleBrokerMessageHandler - Started.
2025-06-27 12:30:27.584 [restartedMain] [INFO] o.a.c.h.Http11NioProtocol - Starting ProtocolHandler ["http-nio-8080"]
2025-06-27 12:30:27.636 [restartedMain] [INFO] o.s.b.w.e.t.TomcatWebServer - Tomcat started on port 8080 (http) with context path '/'
2025-06-27 12:30:27.779 [http-nio-8080-exec-1] [INFO] o.a.c.c.C.[.[.[/] - Initializing Spring DispatcherServlet 'dispatcherServlet'
2025-06-27 12:30:27.779 [http-nio-8080-exec-1] [INFO] o.s.w.s.DispatcherServlet - Initializing Servlet 'dispatcherServlet'
2025-06-27 12:30:27.782 [http-nio-8080-exec-1] [INFO] o.s.w.s.DispatcherServlet - Completed initialization in 2 ms
2025-06-27 12:30:28.018 [http-nio-8080-exec-2] [INFO] o.e.b.s.j.JwtTokenFilter - ❌ 토큰 없음 또는 유효하지 않음: null
2025-06-27 12:30:29.020 [restartedMain] [INFO] o.e.b.BackendProjectApplication - Started BackendProjectApplication in 22.442 seconds (process running for 24.451)
2025-06-27 12:30:29.943 [http-nio-8080-exec-4] [INFO] o.e.b.s.j.JwtTokenFilter - ❌ 토큰 없음 또는 유효하지 않음: null
2025-06-27 12:30:30.882 [http-nio-8080-exec-5] [WARN] o.e.b.e.GlobalExceptionHandler - 런타임 예외 처리: 해당 유저를 찾을 수 없습니다.
2025-06-27 12:30:30.882 [http-nio-8080-exec-5] [ERROR] o.e.b.e.GlobalExceptionHandler - 에러발생!
2025-06-27 12:30:30.929 [http-nio-8080-exec-5] [WARN] o.s.w.s.m.m.a.ExceptionHandlerExceptionResolver - Resolved [java.lang.RuntimeException: 해당 유저를 찾을 수 없습니다.]
2025-06-27 12:30:34.855 [http-nio-8080-exec-6] [INFO] o.e.b.s.j.JwtTokenFilter - ❌ 토큰 없음 또는 유효하지 않음: null
2025-06-27 12:30:39.850 [http-nio-8080-exec-9] [INFO] o.e.b.s.j.JwtTokenFilter - ❌ 토큰 없음 또는 유효하지 않음: null
2025-06-27 12:30:44.856 [http-nio-8080-exec-10] [INFO] o.e.b.s.j.JwtTokenFilter - ❌ 토큰 없음 또는 유효하지 않음: null
2025-06-27 12:30:49.849 [http-nio-8080-exec-1] [INFO] o.e.b.s.j.JwtTokenFilter - ❌ 토큰 없음 또는 유효하지 않음: null
2025-06-27 12:30:54.854 [http-nio-8080-exec-2] [INFO] o.e.b.s.j.JwtTokenFilter - ❌ 토큰 없음 또는 유효하지 않음: null
2025-06-27 12:30:59.848 [http-nio-8080-exec-3] [INFO] o.e.b.s.j.JwtTokenFilter - ❌ 토큰 없음 또는 유효하지 않음: null
2025-06-27 12:31:04.848 [http-nio-8080-exec-5] [INFO] o.e.b.s.j.JwtTokenFilter - ❌ 토큰 없음 또는 유효하지 않음: null
2025-06-27 12:31:05.803 [SpringApplicationShutdownHook] [INFO] o.s.b.w.e.t.GracefulShutdown - Commencing graceful shutdown. Waiting for active requests to complete
2025-06-27 12:31:06.187 [tomcat-shutdown] [INFO] o.s.b.w.e.t.GracefulShutdown - Graceful shutdown complete
2025-06-27 12:31:06.191 [SpringApplicationShutdownHook] [INFO] o.s.m.s.b.SimpleBrokerMessageHandler - Stopping...
2025-06-27 12:31:06.191 [SpringApplicationShutdownHook] [INFO] o.s.m.s.b.SimpleBrokerMessageHandler - BrokerAvailabilityEvent[available=false, SimpleBrokerMessageHandler [org.springframework.messaging.simp.broker.DefaultSubscriptionRegistry@1ab35311]]
2025-06-27 12:31:06.192 [SpringApplicationShutdownHook] [INFO] o.s.m.s.b.SimpleBrokerMessageHandler - Stopped.
2025-06-27 12:31:06.346 [SpringApplicationShutdownHook] [INFO] o.s.o.j.LocalContainerEntityManagerFactoryBean - Closing JPA EntityManagerFactory for persistence unit 'default'
2025-06-27 12:31:06.350 [SpringApplicationShutdownHook] [INFO] c.z.h.HikariDataSource - HikariPool-1 - Shutdown initiated...
2025-06-27 12:31:06.363 [SpringApplicationShutdownHook] [INFO] c.z.h.HikariDataSource - HikariPool-1 - Shutdown completed.
2025-06-27 12:31:14.517 [restartedMain] [INFO] o.e.b.BackendProjectApplication - Starting BackendProjectApplication using Java 17.0.12 with PID 23772 (C:\backend5\backendProject\build\classes\java\main started by win11 in C:\backend5)
2025-06-27 12:31:14.522 [restartedMain] [INFO] o.e.b.BackendProjectApplication - The following 1 profile is active: "dev"
2025-06-27 12:31:14.620 [restartedMain] [INFO] o.s.b.d.e.DevToolsPropertyDefaultsPostProcessor - Devtools property defaults active! Set 'spring.devtools.add-properties' to 'false' to disable
2025-06-27 12:31:14.620 [restartedMain] [INFO] o.s.b.d.e.DevToolsPropertyDefaultsPostProcessor - For additional web related logging consider setting the 'logging.level.web' property to 'DEBUG'
2025-06-27 12:31:18.094 [restartedMain] [INFO] o.s.d.r.c.RepositoryConfigurationDelegate - Multiple Spring Data modules found, entering strict repository configuration mode
2025-06-27 12:31:18.096 [restartedMain] [INFO] o.s.d.r.c.RepositoryConfigurationDelegate - Bootstrapping Spring Data JPA repositories in DEFAULT mode.
2025-06-27 12:31:18.371 [restartedMain] [INFO] o.s.d.r.c.RepositoryConfigurationDelegate - Finished Spring Data repository scanning in 257 ms. Found 5 JPA repository interfaces.
2025-06-27 12:31:18.387 [restartedMain] [INFO] o.s.d.r.c.RepositoryConfigurationDelegate - Multiple Spring Data modules found, entering strict repository configuration mode
2025-06-27 12:31:18.388 [restartedMain] [INFO] o.s.d.r.c.RepositoryConfigurationDelegate - Bootstrapping Spring Data Redis repositories in DEFAULT mode.
2025-06-27 12:31:18.418 [restartedMain] [INFO] o.s.d.r.c.RepositoryConfigurationExtensionSupport - Spring Data Redis - Could not safely identify store assignment for repository candidate interface org.example.backendproject.Auth.repository.AuthRepository; If you want this repository to be a Redis repository, consider annotating your entities with one of these annotations: org.springframework.data.redis.core.RedisHash (preferred), or consider extending one of the following types with your repository: org.springframework.data.keyvalue.repository.KeyValueRepository
2025-06-27 12:31:18.420 [restartedMain] [INFO] o.s.d.r.c.RepositoryConfigurationExtensionSupport - Spring Data Redis - Could not safely identify store assignment for repository candidate interface org.example.backendproject.board.repository.BoardRepository; If you want this repository to be a Redis repository, consider annotating your entities with one of these annotations: org.springframework.data.redis.core.RedisHash (preferred), or consider extending one of the following types with your repository: org.springframework.data.keyvalue.repository.KeyValueRepository
2025-06-27 12:31:18.420 [restartedMain] [INFO] o.s.d.r.c.RepositoryConfigurationExtensionSupport - Spring Data Redis - Could not safely identify store assignment for repository candidate interface org.example.backendproject.comment.repository.CommentRepository; If you want this repository to be a Redis repository, consider annotating your entities with one of these annotations: org.springframework.data.redis.core.RedisHash (preferred), or consider extending one of the following types with your repository: org.springframework.data.keyvalue.repository.KeyValueRepository
2025-06-27 12:31:18.421 [restartedMain] [INFO] o.s.d.r.c.RepositoryConfigurationExtensionSupport - Spring Data Redis - Could not safely identify store assignment for repository candidate interface org.example.backendproject.purewebsocket.room.repository.RoomRepository; If you want this repository to be a Redis repository, consider annotating your entities with one of these annotations: org.springframework.data.redis.core.RedisHash (preferred), or consider extending one of the following types with your repository: org.springframework.data.keyvalue.repository.KeyValueRepository
2025-06-27 12:31:18.422 [restartedMain] [INFO] o.s.d.r.c.RepositoryConfigurationExtensionSupport - Spring Data Redis - Could not safely identify store assignment for repository candidate interface org.example.backendproject.user.repository.UserRepository; If you want this repository to be a Redis repository, consider annotating your entities with one of these annotations: org.springframework.data.redis.core.RedisHash (preferred), or consider extending one of the following types with your repository: org.springframework.data.keyvalue.repository.KeyValueRepository
2025-06-27 12:31:18.422 [restartedMain] [INFO] o.s.d.r.c.RepositoryConfigurationDelegate - Finished Spring Data repository scanning in 22 ms. Found 0 Redis repository interfaces.
2025-06-27 12:31:19.385 [restartedMain] [INFO] o.s.b.w.e.t.TomcatWebServer - Tomcat initialized with port 8080 (http)
2025-06-27 12:31:19.404 [restartedMain] [INFO] o.a.c.h.Http11NioProtocol - Initializing ProtocolHandler ["http-nio-8080"]
2025-06-27 12:31:19.407 [restartedMain] [INFO] o.a.c.c.StandardService - Starting service [Tomcat]
2025-06-27 12:31:19.407 [restartedMain] [INFO] o.a.c.c.StandardEngine - Starting Servlet engine: [Apache Tomcat/10.1.41]
2025-06-27 12:31:19.491 [restartedMain] [INFO] o.a.c.c.C.[.[.[/] - Initializing Spring embedded WebApplicationContext
2025-06-27 12:31:19.493 [restartedMain] [INFO] o.s.b.w.s.c.ServletWebServerApplicationContext - Root WebApplicationContext: initialization completed in 4871 ms
2025-06-27 12:31:19.855 [restartedMain] [INFO] o.h.j.i.u.LogHelper - HHH000204: Processing PersistenceUnitInfo [name: default]
2025-06-27 12:31:19.963 [restartedMain] [INFO] o.h.Version - HHH000412: Hibernate ORM core version 6.6.15.Final
2025-06-27 12:31:20.025 [restartedMain] [INFO] o.h.c.i.RegionFactoryInitiator - HHH000026: Second-level cache disabled
2025-06-27 12:31:20.451 [restartedMain] [INFO] o.s.o.j.p.SpringPersistenceUnitInfo - No LoadTimeWeaver setup: ignoring JPA class transformer
2025-06-27 12:31:20.489 [restartedMain] [INFO] c.z.h.HikariDataSource - HikariPool-1 - Starting...
2025-06-27 12:31:20.863 [restartedMain] [INFO] c.z.h.p.HikariPool - HikariPool-1 - Added connection com.mysql.cj.jdbc.ConnectionImpl@11f71584
2025-06-27 12:31:20.865 [restartedMain] [INFO] c.z.h.HikariDataSource - HikariPool-1 - Start completed.
2025-06-27 12:31:20.928 [restartedMain] [WARN] o.h.o.deprecation - HHH90000025: MySQL8Dialect does not need to be specified explicitly using 'hibernate.dialect' (remove the property setting and it will be selected by default)
2025-06-27 12:31:20.930 [restartedMain] [WARN] o.h.o.deprecation - HHH90000026: MySQL8Dialect has been deprecated; use org.hibernate.dialect.MySQLDialect instead
2025-06-27 12:31:20.963 [restartedMain] [INFO] o.h.o.c.pooling - HHH10001005: Database info:
	Database JDBC URL [Connecting through datasource 'HikariDataSource (HikariPool-1)']
	Database driver: undefined/unknown
	Database version: 8.0
	Autocommit mode: undefined/unknown
	Isolation level: undefined/unknown
	Minimum pool size: undefined/unknown
	Maximum pool size: undefined/unknown
2025-06-27 12:31:22.676 [restartedMain] [INFO] o.h.e.t.j.p.i.JtaPlatformInitiator - HHH000489: No JTA platform available (set 'hibernate.transaction.jta.platform' to enable JTA platform integration)
2025-06-27 12:31:22.884 [restartedMain] [INFO] o.s.o.j.LocalContainerEntityManagerFactoryBean - Initialized JPA EntityManagerFactory for persistence unit 'default'
2025-06-27 12:31:24.291 [restartedMain] [INFO] o.s.d.j.r.q.QueryEnhancerFactory - Hibernate is in classpath; If applicable, HQL parser will be used.
2025-06-27 12:31:25.471 [restartedMain] [WARN] o.s.b.a.o.j.JpaBaseConfiguration$JpaWebConfiguration - spring.jpa.open-in-view is enabled by default. Therefore, database queries may be performed during view rendering. Explicitly configure spring.jpa.open-in-view to disable this warning
2025-06-27 12:31:25.550 [restartedMain] [INFO] o.s.b.a.w.s.WelcomePageHandlerMapping - Adding welcome page: class path resource [static/index.html]
2025-06-27 12:31:25.905 [restartedMain] [INFO] o.s.b.a.e.w.EndpointLinksResolver - Exposing 14 endpoints beneath base path '/actuator'
2025-06-27 12:31:25.948 [restartedMain] [WARN] o.s.s.c.a.a.c.InitializeUserDetailsBeanManagerConfigurer$InitializeUserDetailsManagerConfigurer - Found 2 UserDetailsService beans, with names [customUserDetailService, customUserDetailsService]. Global Authentication Manager will not use a UserDetailsService for username/password login. Consider publishing a single UserDetailsService bean.
2025-06-27 12:31:26.667 [restartedMain] [INFO] o.s.b.d.a.OptionalLiveReloadServer - LiveReload server is running on port 35729
2025-06-27 12:31:26.738 [restartedMain] [INFO] o.s.m.s.b.SimpleBrokerMessageHandler - Starting...
2025-06-27 12:31:26.739 [restartedMain] [INFO] o.s.m.s.b.SimpleBrokerMessageHandler - BrokerAvailabilityEvent[available=true, SimpleBrokerMessageHandler [org.springframework.messaging.simp.broker.DefaultSubscriptionRegistry@616f1a1e]]
2025-06-27 12:31:26.740 [restartedMain] [INFO] o.s.m.s.b.SimpleBrokerMessageHandler - Started.
2025-06-27 12:31:26.741 [restartedMain] [INFO] o.a.c.h.Http11NioProtocol - Starting ProtocolHandler ["http-nio-8080"]
2025-06-27 12:31:26.771 [restartedMain] [INFO] o.s.b.w.e.t.TomcatWebServer - Tomcat started on port 8080 (http) with context path '/'
2025-06-27 12:31:26.873 [http-nio-8080-exec-1] [INFO] o.a.c.c.C.[.[.[/] - Initializing Spring DispatcherServlet 'dispatcherServlet'
2025-06-27 12:31:26.873 [http-nio-8080-exec-1] [INFO] o.s.w.s.DispatcherServlet - Initializing Servlet 'dispatcherServlet'
2025-06-27 12:31:26.875 [http-nio-8080-exec-1] [INFO] o.s.w.s.DispatcherServlet - Completed initialization in 2 ms
2025-06-27 12:31:27.003 [http-nio-8080-exec-2] [INFO] o.e.b.s.j.JwtTokenFilter - ❌ 토큰 없음 또는 유효하지 않음: null
2025-06-27 12:31:27.446 [restartedMain] [INFO] o.e.b.BackendProjectApplication - Started BackendProjectApplication in 14.459 seconds (process running for 16.163)
2025-06-27 12:31:29.505 [http-nio-8080-exec-8] [WARN] o.e.b.e.GlobalExceptionHandler - 런타임 예외 처리: 해당 유저를 찾을 수 없습니다.
2025-06-27 12:31:29.505 [http-nio-8080-exec-8] [ERROR] o.e.b.e.GlobalExceptionHandler - 에러발생!
2025-06-27 12:31:29.506 [http-nio-8080-exec-8] [ERROR] o.e.b.e.GlobalExceptionHandler - 에러발생!
2025-06-27 12:31:29.507 [http-nio-8080-exec-8] [ERROR] o.e.b.e.GlobalExceptionHandler - 에러발생!
2025-06-27 12:31:29.539 [http-nio-8080-exec-8] [WARN] o.s.w.s.m.m.a.ExceptionHandlerExceptionResolver - Resolved [java.lang.RuntimeException: 해당 유저를 찾을 수 없습니다.]
2025-06-27 12:31:29.861 [http-nio-8080-exec-4] [INFO] o.e.b.s.j.JwtTokenFilter - ❌ 토큰 없음 또는 유효하지 않음: null
2025-06-27 12:31:30.015 [http-nio-8080-exec-5] [WARN] o.e.b.e.GlobalExceptionHandler - 런타임 예외 처리: 해당 유저를 찾을 수 없습니다.
2025-06-27 12:31:30.015 [http-nio-8080-exec-5] [ERROR] o.e.b.e.GlobalExceptionHandler - 에러발생!
2025-06-27 12:31:30.015 [http-nio-8080-exec-5] [ERROR] o.e.b.e.GlobalExceptionHandler - 에러발생!
2025-06-27 12:31:30.015 [http-nio-8080-exec-5] [ERROR] o.e.b.e.GlobalExceptionHandler - 에러발생!
2025-06-27 12:31:30.017 [http-nio-8080-exec-5] [WARN] o.s.w.s.m.m.a.ExceptionHandlerExceptionResolver - Resolved [java.lang.RuntimeException: 해당 유저를 찾을 수 없습니다.]
2025-06-27 12:31:30.788 [http-nio-8080-exec-6] [WARN] o.e.b.e.GlobalExceptionHandler - 런타임 예외 처리: 해당 유저를 찾을 수 없습니다.
2025-06-27 12:31:30.788 [http-nio-8080-exec-6] [ERROR] o.e.b.e.GlobalExceptionHandler - 에러발생!
2025-06-27 12:31:30.788 [http-nio-8080-exec-6] [ERROR] o.e.b.e.GlobalExceptionHandler - 에러발생!
2025-06-27 12:31:30.788 [http-nio-8080-exec-6] [ERROR] o.e.b.e.GlobalExceptionHandler - 에러발생!
2025-06-27 12:31:30.790 [http-nio-8080-exec-6] [WARN] o.s.w.s.m.m.a.ExceptionHandlerExceptionResolver - Resolved [java.lang.RuntimeException: 해당 유저를 찾을 수 없습니다.]
2025-06-27 12:31:31.429 [http-nio-8080-exec-7] [WARN] o.e.b.e.GlobalExceptionHandler - 런타임 예외 처리: 해당 유저를 찾을 수 없습니다.
2025-06-27 12:31:31.429 [http-nio-8080-exec-7] [ERROR] o.e.b.e.GlobalExceptionHandler - 에러발생!
2025-06-27 12:31:31.429 [http-nio-8080-exec-7] [ERROR] o.e.b.e.GlobalExceptionHandler - 에러발생!
2025-06-27 12:31:31.429 [http-nio-8080-exec-7] [ERROR] o.e.b.e.GlobalExceptionHandler - 에러발생!
2025-06-27 12:31:31.430 [http-nio-8080-exec-7] [WARN] o.s.w.s.m.m.a.ExceptionHandlerExceptionResolver - Resolved [java.lang.RuntimeException: 해당 유저를 찾을 수 없습니다.]
2025-06-27 12:31:34.849 [http-nio-8080-exec-3] [INFO] o.e.b.s.j.JwtTokenFilter - ❌ 토큰 없음 또는 유효하지 않음: null
2025-06-27 12:31:39.848 [http-nio-8080-exec-10] [INFO] o.e.b.s.j.JwtTokenFilter - ❌ 토큰 없음 또는 유효하지 않음: null
2025-06-27 12:31:44.846 [http-nio-8080-exec-9] [INFO] o.e.b.s.j.JwtTokenFilter - ❌ 토큰 없음 또는 유효하지 않음: null
2025-06-27 12:31:49.844 [http-nio-8080-exec-1] [INFO] o.e.b.s.j.JwtTokenFilter - ❌ 토큰 없음 또는 유효하지 않음: null
2025-06-27 12:31:54.870 [http-nio-8080-exec-2] [INFO] o.e.b.s.j.JwtTokenFilter - ❌ 토큰 없음 또는 유효하지 않음: null
2025-06-27 12:31:59.843 [http-nio-8080-exec-8] [INFO] o.e.b.s.j.JwtTokenFilter - ❌ 토큰 없음 또는 유효하지 않음: null
2025-06-27 12:32:04.843 [http-nio-8080-exec-5] [INFO] o.e.b.s.j.JwtTokenFilter - ❌ 토큰 없음 또는 유효하지 않음: null
2025-06-27 12:32:09.861 [http-nio-8080-exec-6] [INFO] o.e.b.s.j.JwtTokenFilter - ❌ 토큰 없음 또는 유효하지 않음: null
2025-06-27 12:32:14.846 [http-nio-8080-exec-4] [INFO] o.e.b.s.j.JwtTokenFilter - ❌ 토큰 없음 또는 유효하지 않음: null
2025-06-27 12:32:19.842 [http-nio-8080-exec-7] [INFO] o.e.b.s.j.JwtTokenFilter - ❌ 토큰 없음 또는 유효하지 않음: null
2025-06-27 12:32:24.842 [http-nio-8080-exec-3] [INFO] o.e.b.s.j.JwtTokenFilter - ❌ 토큰 없음 또는 유효하지 않음: null
2025-06-27 12:32:26.701 [MessageBroker-1] [INFO] o.s.w.s.c.WebSocketMessageBrokerStats - WebSocketSession[0 current WS(0)-HttpStream(0)-HttpPoll(0), 0 total, 0 closed abnormally (0 connect failure, 0 send limit, 0 transport error)], stompSubProtocol[processed CONNECT(0)-CONNECTED(0)-DISCONNECT(0)], stompBrokerRelay[null], inboundChannel[pool size = 0, active threads = 0, queued tasks = 0, completed tasks = 0], outboundChannel[pool size = 0, active threads = 0, queued tasks = 0, completed tasks = 0], sockJsScheduler[pool size = 1, active threads = 1, queued tasks = 0, completed tasks = 0]
2025-06-27 12:32:29.843 [http-nio-8080-exec-10] [INFO] o.e.b.s.j.JwtTokenFilter - ❌ 토큰 없음 또는 유효하지 않음: null
2025-06-27 12:32:34.843 [http-nio-8080-exec-9] [INFO] o.e.b.s.j.JwtTokenFilter - ❌ 토큰 없음 또는 유효하지 않음: null
2025-06-27 12:32:39.841 [http-nio-8080-exec-1] [INFO] o.e.b.s.j.JwtTokenFilter - ❌ 토큰 없음 또는 유효하지 않음: null
2025-06-27 12:32:44.842 [http-nio-8080-exec-2] [INFO] o.e.b.s.j.JwtTokenFilter - ❌ 토큰 없음 또는 유효하지 않음: null
2025-06-27 12:32:49.841 [http-nio-8080-exec-8] [INFO] o.e.b.s.j.JwtTokenFilter - ❌ 토큰 없음 또는 유효하지 않음: null
2025-06-27 12:32:54.841 [http-nio-8080-exec-5] [INFO] o.e.b.s.j.JwtTokenFilter - ❌ 토큰 없음 또는 유효하지 않음: null
2025-06-27 12:32:59.839 [http-nio-8080-exec-6] [INFO] o.e.b.s.j.JwtTokenFilter - ❌ 토큰 없음 또는 유효하지 않음: null
2025-06-27 12:33:04.840 [http-nio-8080-exec-4] [INFO] o.e.b.s.j.JwtTokenFilter - ❌ 토큰 없음 또는 유효하지 않음: null
2025-06-27 12:33:09.840 [http-nio-8080-exec-7] [INFO] o.e.b.s.j.JwtTokenFilter - ❌ 토큰 없음 또는 유효하지 않음: null
2025-06-27 12:33:14.841 [http-nio-8080-exec-3] [INFO] o.e.b.s.j.JwtTokenFilter - ❌ 토큰 없음 또는 유효하지 않음: null
2025-06-27 12:33:19.840 [http-nio-8080-exec-10] [INFO] o.e.b.s.j.JwtTokenFilter - ❌ 토큰 없음 또는 유효하지 않음: null
2025-06-27 12:33:24.837 [http-nio-8080-exec-9] [INFO] o.e.b.s.j.JwtTokenFilter - ❌ 토큰 없음 또는 유효하지 않음: null
2025-06-27 12:33:29.838 [http-nio-8080-exec-1] [INFO] o.e.b.s.j.JwtTokenFilter - ❌ 토큰 없음 또는 유효하지 않음: null
2025-06-27 12:33:34.835 [http-nio-8080-exec-2] [INFO] o.e.b.s.j.JwtTokenFilter - ❌ 토큰 없음 또는 유효하지 않음: null
2025-06-27 12:33:39.836 [http-nio-8080-exec-8] [INFO] o.e.b.s.j.JwtTokenFilter - ❌ 토큰 없음 또는 유효하지 않음: null
2025-06-27 12:33:44.835 [http-nio-8080-exec-5] [INFO] o.e.b.s.j.JwtTokenFilter - ❌ 토큰 없음 또는 유효하지 않음: null
2025-06-27 12:33:49.837 [http-nio-8080-exec-6] [INFO] o.e.b.s.j.JwtTokenFilter - ❌ 토큰 없음 또는 유효하지 않음: null
2025-06-27 12:33:54.836 [http-nio-8080-exec-4] [INFO] o.e.b.s.j.JwtTokenFilter - ❌ 토큰 없음 또는 유효하지 않음: null
2025-06-27 12:33:59.836 [http-nio-8080-exec-7] [INFO] o.e.b.s.j.JwtTokenFilter - ❌ 토큰 없음 또는 유효하지 않음: null
2025-06-27 12:34:04.836 [http-nio-8080-exec-3] [INFO] o.e.b.s.j.JwtTokenFilter - ❌ 토큰 없음 또는 유효하지 않음: null
2025-06-27 12:34:09.836 [http-nio-8080-exec-10] [INFO] o.e.b.s.j.JwtTokenFilter - ❌ 토큰 없음 또는 유효하지 않음: null
2025-06-27 12:34:14.836 [http-nio-8080-exec-9] [INFO] o.e.b.s.j.JwtTokenFilter - ❌ 토큰 없음 또는 유효하지 않음: null
2025-06-27 12:34:19.834 [http-nio-8080-exec-1] [INFO] o.e.b.s.j.JwtTokenFilter - ❌ 토큰 없음 또는 유효하지 않음: null
2025-06-27 12:34:24.833 [http-nio-8080-exec-2] [INFO] o.e.b.s.j.JwtTokenFilter - ❌ 토큰 없음 또는 유효하지 않음: null
2025-06-27 12:34:29.835 [http-nio-8080-exec-8] [INFO] o.e.b.s.j.JwtTokenFilter - ❌ 토큰 없음 또는 유효하지 않음: null
2025-06-27 12:34:34.834 [http-nio-8080-exec-5] [INFO] o.e.b.s.j.JwtTokenFilter - ❌ 토큰 없음 또는 유효하지 않음: null
2025-06-27 12:34:39.833 [http-nio-8080-exec-6] [INFO] o.e.b.s.j.JwtTokenFilter - ❌ 토큰 없음 또는 유효하지 않음: null
2025-06-27 12:34:44.832 [http-nio-8080-exec-4] [INFO] o.e.b.s.j.JwtTokenFilter - ❌ 토큰 없음 또는 유효하지 않음: null
2025-06-27 12:34:49.831 [http-nio-8080-exec-7] [INFO] o.e.b.s.j.JwtTokenFilter - ❌ 토큰 없음 또는 유효하지 않음: null
2025-06-27 12:34:54.832 [http-nio-8080-exec-3] [INFO] o.e.b.s.j.JwtTokenFilter - ❌ 토큰 없음 또는 유효하지 않음: null
2025-06-27 12:34:59.831 [http-nio-8080-exec-10] [INFO] o.e.b.s.j.JwtTokenFilter - ❌ 토큰 없음 또는 유효하지 않음: null
2025-06-27 12:35:04.830 [http-nio-8080-exec-9] [INFO] o.e.b.s.j.JwtTokenFilter - ❌ 토큰 없음 또는 유효하지 않음: null
2025-06-27 12:35:09.829 [http-nio-8080-exec-1] [INFO] o.e.b.s.j.JwtTokenFilter - ❌ 토큰 없음 또는 유효하지 않음: null
2025-06-27 12:35:14.829 [http-nio-8080-exec-2] [INFO] o.e.b.s.j.JwtTokenFilter - ❌ 토큰 없음 또는 유효하지 않음: null
2025-06-27 12:35:19.829 [http-nio-8080-exec-8] [INFO] o.e.b.s.j.JwtTokenFilter - ❌ 토큰 없음 또는 유효하지 않음: null
2025-06-27 12:35:24.827 [http-nio-8080-exec-5] [INFO] o.e.b.s.j.JwtTokenFilter - ❌ 토큰 없음 또는 유효하지 않음: null
2025-06-27 12:35:29.829 [http-nio-8080-exec-6] [INFO] o.e.b.s.j.JwtTokenFilter - ❌ 토큰 없음 또는 유효하지 않음: null
2025-06-27 12:35:34.826 [http-nio-8080-exec-4] [INFO] o.e.b.s.j.JwtTokenFilter - ❌ 토큰 없음 또는 유효하지 않음: null
2025-06-27 12:35:39.826 [http-nio-8080-exec-7] [INFO] o.e.b.s.j.JwtTokenFilter - ❌ 토큰 없음 또는 유효하지 않음: null
2025-06-27 12:35:44.826 [http-nio-8080-exec-3] [INFO] o.e.b.s.j.JwtTokenFilter - ❌ 토큰 없음 또는 유효하지 않음: null
2025-06-27 12:35:49.827 [http-nio-8080-exec-10] [INFO] o.e.b.s.j.JwtTokenFilter - ❌ 토큰 없음 또는 유효하지 않음: null
2025-06-27 12:35:54.826 [http-nio-8080-exec-9] [INFO] o.e.b.s.j.JwtTokenFilter - ❌ 토큰 없음 또는 유효하지 않음: null
2025-06-27 12:35:59.825 [http-nio-8080-exec-1] [INFO] o.e.b.s.j.JwtTokenFilter - ❌ 토큰 없음 또는 유효하지 않음: null
2025-06-27 12:36:04.824 [http-nio-8080-exec-2] [INFO] o.e.b.s.j.JwtTokenFilter - ❌ 토큰 없음 또는 유효하지 않음: null
2025-06-27 12:36:09.825 [http-nio-8080-exec-8] [INFO] o.e.b.s.j.JwtTokenFilter - ❌ 토큰 없음 또는 유효하지 않음: null
2025-06-27 12:36:14.826 [http-nio-8080-exec-5] [INFO] o.e.b.s.j.JwtTokenFilter - ❌ 토큰 없음 또는 유효하지 않음: null
2025-06-27 12:36:19.825 [http-nio-8080-exec-6] [INFO] o.e.b.s.j.JwtTokenFilter - ❌ 토큰 없음 또는 유효하지 않음: null
2025-06-27 12:36:24.824 [http-nio-8080-exec-4] [INFO] o.e.b.s.j.JwtTokenFilter - ❌ 토큰 없음 또는 유효하지 않음: null
2025-06-27 12:36:29.823 [http-nio-8080-exec-7] [INFO] o.e.b.s.j.JwtTokenFilter - ❌ 토큰 없음 또는 유효하지 않음: null
2025-06-27 12:36:34.823 [http-nio-8080-exec-3] [INFO] o.e.b.s.j.JwtTokenFilter - ❌ 토큰 없음 또는 유효하지 않음: null
2025-06-27 12:36:39.824 [http-nio-8080-exec-10] [INFO] o.e.b.s.j.JwtTokenFilter - ❌ 토큰 없음 또는 유효하지 않음: null
2025-06-27 12:36:44.821 [http-nio-8080-exec-9] [INFO] o.e.b.s.j.JwtTokenFilter - ❌ 토큰 없음 또는 유효하지 않음: null
2025-06-27 12:36:49.821 [http-nio-8080-exec-1] [INFO] o.e.b.s.j.JwtTokenFilter - ❌ 토큰 없음 또는 유효하지 않음: null
2025-06-27 12:36:54.821 [http-nio-8080-exec-2] [INFO] o.e.b.s.j.JwtTokenFilter - ❌ 토큰 없음 또는 유효하지 않음: null
2025-06-27 12:36:59.820 [http-nio-8080-exec-8] [INFO] o.e.b.s.j.JwtTokenFilter - ❌ 토큰 없음 또는 유효하지 않음: null
2025-06-27 12:37:04.819 [http-nio-8080-exec-5] [INFO] o.e.b.s.j.JwtTokenFilter - ❌ 토큰 없음 또는 유효하지 않음: null
2025-06-27 12:37:09.826 [http-nio-8080-exec-6] [INFO] o.e.b.s.j.JwtTokenFilter - ❌ 토큰 없음 또는 유효하지 않음: null
2025-06-27 12:37:14.824 [http-nio-8080-exec-4] [INFO] o.e.b.s.j.JwtTokenFilter - ❌ 토큰 없음 또는 유효하지 않음: null
2025-06-27 12:37:19.827 [http-nio-8080-exec-7] [INFO] o.e.b.s.j.JwtTokenFilter - ❌ 토큰 없음 또는 유효하지 않음: null
2025-06-27 12:37:24.819 [http-nio-8080-exec-3] [INFO] o.e.b.s.j.JwtTokenFilter - ❌ 토큰 없음 또는 유효하지 않음: null
2025-06-27 12:37:29.819 [http-nio-8080-exec-10] [INFO] o.e.b.s.j.JwtTokenFilter - ❌ 토큰 없음 또는 유효하지 않음: null
2025-06-27 12:37:34.818 [http-nio-8080-exec-9] [INFO] o.e.b.s.j.JwtTokenFilter - ❌ 토큰 없음 또는 유효하지 않음: null
2025-06-27 12:37:39.818 [http-nio-8080-exec-1] [INFO] o.e.b.s.j.JwtTokenFilter - ❌ 토큰 없음 또는 유효하지 않음: null
2025-06-27 12:37:44.817 [http-nio-8080-exec-2] [INFO] o.e.b.s.j.JwtTokenFilter - ❌ 토큰 없음 또는 유효하지 않음: null
2025-06-27 12:37:49.815 [http-nio-8080-exec-8] [INFO] o.e.b.s.j.JwtTokenFilter - ❌ 토큰 없음 또는 유효하지 않음: null
2025-06-27 12:37:54.816 [http-nio-8080-exec-5] [INFO] o.e.b.s.j.JwtTokenFilter - ❌ 토큰 없음 또는 유효하지 않음: null
2025-06-27 12:37:59.816 [http-nio-8080-exec-6] [INFO] o.e.b.s.j.JwtTokenFilter - ❌ 토큰 없음 또는 유효하지 않음: null
2025-06-27 12:38:04.813 [http-nio-8080-exec-4] [INFO] o.e.b.s.j.JwtTokenFilter - ❌ 토큰 없음 또는 유효하지 않음: null
2025-06-27 12:38:09.814 [http-nio-8080-exec-7] [INFO] o.e.b.s.j.JwtTokenFilter - ❌ 토큰 없음 또는 유효하지 않음: null
2025-06-27 12:38:14.816 [http-nio-8080-exec-3] [INFO] o.e.b.s.j.JwtTokenFilter - ❌ 토큰 없음 또는 유효하지 않음: null
2025-06-27 12:38:19.815 [http-nio-8080-exec-10] [INFO] o.e.b.s.j.JwtTokenFilter - ❌ 토큰 없음 또는 유효하지 않음: null
2025-06-27 12:38:24.813 [http-nio-8080-exec-9] [INFO] o.e.b.s.j.JwtTokenFilter - ❌ 토큰 없음 또는 유효하지 않음: null
2025-06-27 12:38:29.815 [http-nio-8080-exec-1] [INFO] o.e.b.s.j.JwtTokenFilter - ❌ 토큰 없음 또는 유효하지 않음: null
2025-06-27 12:38:34.814 [http-nio-8080-exec-2] [INFO] o.e.b.s.j.JwtTokenFilter - ❌ 토큰 없음 또는 유효하지 않음: null
2025-06-27 12:38:39.813 [http-nio-8080-exec-8] [INFO] o.e.b.s.j.JwtTokenFilter - ❌ 토큰 없음 또는 유효하지 않음: null
2025-06-27 12:38:44.815 [http-nio-8080-exec-5] [INFO] o.e.b.s.j.JwtTokenFilter - ❌ 토큰 없음 또는 유효하지 않음: null
2025-06-27 12:38:49.813 [http-nio-8080-exec-6] [INFO] o.e.b.s.j.JwtTokenFilter - ❌ 토큰 없음 또는 유효하지 않음: null
2025-06-27 12:38:54.811 [http-nio-8080-exec-4] [INFO] o.e.b.s.j.JwtTokenFilter - ❌ 토큰 없음 또는 유효하지 않음: null
2025-06-27 12:38:59.811 [http-nio-8080-exec-7] [INFO] o.e.b.s.j.JwtTokenFilter - ❌ 토큰 없음 또는 유효하지 않음: null
2025-06-27 12:39:04.810 [http-nio-8080-exec-3] [INFO] o.e.b.s.j.JwtTokenFilter - ❌ 토큰 없음 또는 유효하지 않음: null
2025-06-27 12:39:09.810 [http-nio-8080-exec-10] [INFO] o.e.b.s.j.JwtTokenFilter - ❌ 토큰 없음 또는 유효하지 않음: null
2025-06-27 12:39:14.810 [http-nio-8080-exec-9] [INFO] o.e.b.s.j.JwtTokenFilter - ❌ 토큰 없음 또는 유효하지 않음: null
2025-06-27 12:39:19.808 [http-nio-8080-exec-1] [INFO] o.e.b.s.j.JwtTokenFilter - ❌ 토큰 없음 또는 유효하지 않음: null
2025-06-27 12:39:24.809 [http-nio-8080-exec-2] [INFO] o.e.b.s.j.JwtTokenFilter - ❌ 토큰 없음 또는 유효하지 않음: null
2025-06-27 12:39:29.809 [http-nio-8080-exec-8] [INFO] o.e.b.s.j.JwtTokenFilter - ❌ 토큰 없음 또는 유효하지 않음: null
2025-06-27 12:39:34.810 [http-nio-8080-exec-5] [INFO] o.e.b.s.j.JwtTokenFilter - ❌ 토큰 없음 또는 유효하지 않음: null
2025-06-27 12:39:39.807 [http-nio-8080-exec-6] [INFO] o.e.b.s.j.JwtTokenFilter - ❌ 토큰 없음 또는 유효하지 않음: null
2025-06-27 12:39:44.807 [http-nio-8080-exec-4] [INFO] o.e.b.s.j.JwtTokenFilter - ❌ 토큰 없음 또는 유효하지 않음: null
2025-06-27 12:39:49.838 [http-nio-8080-exec-7] [INFO] o.e.b.s.j.JwtTokenFilter - ❌ 토큰 없음 또는 유효하지 않음: null
2025-06-27 12:39:54.806 [http-nio-8080-exec-3] [INFO] o.e.b.s.j.JwtTokenFilter - ❌ 토큰 없음 또는 유효하지 않음: null
2025-06-27 12:39:59.807 [http-nio-8080-exec-10] [INFO] o.e.b.s.j.JwtTokenFilter - ❌ 토큰 없음 또는 유효하지 않음: null
2025-06-27 12:40:04.807 [http-nio-8080-exec-9] [INFO] o.e.b.s.j.JwtTokenFilter - ❌ 토큰 없음 또는 유효하지 않음: null
2025-06-27 12:40:09.805 [http-nio-8080-exec-1] [INFO] o.e.b.s.j.JwtTokenFilter - ❌ 토큰 없음 또는 유효하지 않음: null
2025-06-27 12:40:14.807 [http-nio-8080-exec-2] [INFO] o.e.b.s.j.JwtTokenFilter - ❌ 토큰 없음 또는 유효하지 않음: null
2025-06-27 12:40:19.807 [http-nio-8080-exec-8] [INFO] o.e.b.s.j.JwtTokenFilter - ❌ 토큰 없음 또는 유효하지 않음: null
2025-06-27 12:40:24.804 [http-nio-8080-exec-5] [INFO] o.e.b.s.j.JwtTokenFilter - ❌ 토큰 없음 또는 유효하지 않음: null
2025-06-27 12:40:29.806 [http-nio-8080-exec-6] [INFO] o.e.b.s.j.JwtTokenFilter - ❌ 토큰 없음 또는 유효하지 않음: null
2025-06-27 12:40:34.806 [http-nio-8080-exec-4] [INFO] o.e.b.s.j.JwtTokenFilter - ❌ 토큰 없음 또는 유효하지 않음: null
2025-06-27 12:40:39.804 [http-nio-8080-exec-7] [INFO] o.e.b.s.j.JwtTokenFilter - ❌ 토큰 없음 또는 유효하지 않음: null
2025-06-27 12:40:44.805 [http-nio-8080-exec-3] [INFO] o.e.b.s.j.JwtTokenFilter - ❌ 토큰 없음 또는 유효하지 않음: null
2025-06-27 12:40:49.802 [http-nio-8080-exec-10] [INFO] o.e.b.s.j.JwtTokenFilter - ❌ 토큰 없음 또는 유효하지 않음: null
2025-06-27 12:40:54.803 [http-nio-8080-exec-9] [INFO] o.e.b.s.j.JwtTokenFilter - ❌ 토큰 없음 또는 유효하지 않음: null
2025-06-27 12:40:59.804 [http-nio-8080-exec-1] [INFO] o.e.b.s.j.JwtTokenFilter - ❌ 토큰 없음 또는 유효하지 않음: null
2025-06-27 12:41:04.802 [http-nio-8080-exec-2] [INFO] o.e.b.s.j.JwtTokenFilter - ❌ 토큰 없음 또는 유효하지 않음: null
2025-06-27 12:41:09.802 [http-nio-8080-exec-8] [INFO] o.e.b.s.j.JwtTokenFilter - ❌ 토큰 없음 또는 유효하지 않음: null
2025-06-27 12:41:14.803 [http-nio-8080-exec-5] [INFO] o.e.b.s.j.JwtTokenFilter - ❌ 토큰 없음 또는 유효하지 않음: null
2025-06-27 12:41:19.798 [http-nio-8080-exec-6] [INFO] o.e.b.s.j.JwtTokenFilter - ❌ 토큰 없음 또는 유효하지 않음: null
2025-06-27 12:41:24.801 [http-nio-8080-exec-4] [INFO] o.e.b.s.j.JwtTokenFilter - ❌ 토큰 없음 또는 유효하지 않음: null
2025-06-27 12:41:29.798 [http-nio-8080-exec-7] [INFO] o.e.b.s.j.JwtTokenFilter - ❌ 토큰 없음 또는 유효하지 않음: null
2025-06-27 12:41:34.801 [http-nio-8080-exec-3] [INFO] o.e.b.s.j.JwtTokenFilter - ❌ 토큰 없음 또는 유효하지 않음: null
2025-06-27 12:41:39.800 [http-nio-8080-exec-10] [INFO] o.e.b.s.j.JwtTokenFilter - ❌ 토큰 없음 또는 유효하지 않음: null
2025-06-27 12:41:44.801 [http-nio-8080-exec-9] [INFO] o.e.b.s.j.JwtTokenFilter - ❌ 토큰 없음 또는 유효하지 않음: null
2025-06-27 12:41:49.800 [http-nio-8080-exec-1] [INFO] o.e.b.s.j.JwtTokenFilter - ❌ 토큰 없음 또는 유효하지 않음: null
2025-06-27 12:41:54.800 [http-nio-8080-exec-2] [INFO] o.e.b.s.j.JwtTokenFilter - ❌ 토큰 없음 또는 유효하지 않음: null
2025-06-27 12:41:59.799 [http-nio-8080-exec-8] [INFO] o.e.b.s.j.JwtTokenFilter - ❌ 토큰 없음 또는 유효하지 않음: null
2025-06-27 12:42:04.798 [http-nio-8080-exec-5] [INFO] o.e.b.s.j.JwtTokenFilter - ❌ 토큰 없음 또는 유효하지 않음: null
2025-06-27 12:42:09.797 [http-nio-8080-exec-6] [INFO] o.e.b.s.j.JwtTokenFilter - ❌ 토큰 없음 또는 유효하지 않음: null
2025-06-27 12:42:14.796 [http-nio-8080-exec-4] [INFO] o.e.b.s.j.JwtTokenFilter - ❌ 토큰 없음 또는 유효하지 않음: null
2025-06-27 12:42:19.796 [http-nio-8080-exec-7] [INFO] o.e.b.s.j.JwtTokenFilter - ❌ 토큰 없음 또는 유효하지 않음: null
2025-06-27 12:42:24.796 [http-nio-8080-exec-3] [INFO] o.e.b.s.j.JwtTokenFilter - ❌ 토큰 없음 또는 유효하지 않음: null
2025-06-27 12:42:29.794 [http-nio-8080-exec-10] [INFO] o.e.b.s.j.JwtTokenFilter - ❌ 토큰 없음 또는 유효하지 않음: null
2025-06-27 12:42:34.792 [http-nio-8080-exec-9] [INFO] o.e.b.s.j.JwtTokenFilter - ❌ 토큰 없음 또는 유효하지 않음: null
2025-06-27 12:42:39.794 [http-nio-8080-exec-1] [INFO] o.e.b.s.j.JwtTokenFilter - ❌ 토큰 없음 또는 유효하지 않음: null
2025-06-27 12:42:44.795 [http-nio-8080-exec-2] [INFO] o.e.b.s.j.JwtTokenFilter - ❌ 토큰 없음 또는 유효하지 않음: null
2025-06-27 12:42:49.794 [http-nio-8080-exec-8] [INFO] o.e.b.s.j.JwtTokenFilter - ❌ 토큰 없음 또는 유효하지 않음: null
2025-06-27 12:42:54.793 [http-nio-8080-exec-5] [INFO] o.e.b.s.j.JwtTokenFilter - ❌ 토큰 없음 또는 유효하지 않음: null
2025-06-27 12:42:59.792 [http-nio-8080-exec-6] [INFO] o.e.b.s.j.JwtTokenFilter - ❌ 토큰 없음 또는 유효하지 않음: null
2025-06-27 12:43:04.791 [http-nio-8080-exec-4] [INFO] o.e.b.s.j.JwtTokenFilter - ❌ 토큰 없음 또는 유효하지 않음: null
2025-06-27 12:43:09.791 [http-nio-8080-exec-7] [INFO] o.e.b.s.j.JwtTokenFilter - ❌ 토큰 없음 또는 유효하지 않음: null
2025-06-27 12:43:14.789 [http-nio-8080-exec-3] [INFO] o.e.b.s.j.JwtTokenFilter - ❌ 토큰 없음 또는 유효하지 않음: null
2025-06-27 12:43:19.789 [http-nio-8080-exec-10] [INFO] o.e.b.s.j.JwtTokenFilter - ❌ 토큰 없음 또는 유효하지 않음: null
2025-06-27 12:43:24.788 [http-nio-8080-exec-9] [INFO] o.e.b.s.j.JwtTokenFilter - ❌ 토큰 없음 또는 유효하지 않음: null
2025-06-27 12:43:29.787 [http-nio-8080-exec-1] [INFO] o.e.b.s.j.JwtTokenFilter - ❌ 토큰 없음 또는 유효하지 않음: null
2025-06-27 12:43:34.789 [http-nio-8080-exec-2] [INFO] o.e.b.s.j.JwtTokenFilter - ❌ 토큰 없음 또는 유효하지 않음: null
2025-06-27 12:43:39.788 [http-nio-8080-exec-8] [INFO] o.e.b.s.j.JwtTokenFilter - ❌ 토큰 없음 또는 유효하지 않음: null
2025-06-27 12:43:44.787 [http-nio-8080-exec-5] [INFO] o.e.b.s.j.JwtTokenFilter - ❌ 토큰 없음 또는 유효하지 않음: null
2025-06-27 12:43:49.787 [http-nio-8080-exec-6] [INFO] o.e.b.s.j.JwtTokenFilter - ❌ 토큰 없음 또는 유효하지 않음: null
2025-06-27 12:43:54.787 [http-nio-8080-exec-4] [INFO] o.e.b.s.j.JwtTokenFilter - ❌ 토큰 없음 또는 유효하지 않음: null
2025-06-27 12:43:59.786 [http-nio-8080-exec-7] [INFO] o.e.b.s.j.JwtTokenFilter - ❌ 토큰 없음 또는 유효하지 않음: null
2025-06-27 12:44:04.786 [http-nio-8080-exec-3] [INFO] o.e.b.s.j.JwtTokenFilter - ❌ 토큰 없음 또는 유효하지 않음: null
2025-06-27 12:44:09.786 [http-nio-8080-exec-10] [INFO] o.e.b.s.j.JwtTokenFilter - ❌ 토큰 없음 또는 유효하지 않음: null
2025-06-27 12:44:14.786 [http-nio-8080-exec-9] [INFO] o.e.b.s.j.JwtTokenFilter - ❌ 토큰 없음 또는 유효하지 않음: null
2025-06-27 12:44:19.788 [http-nio-8080-exec-1] [INFO] o.e.b.s.j.JwtTokenFilter - ❌ 토큰 없음 또는 유효하지 않음: null
2025-06-27 12:44:24.785 [http-nio-8080-exec-2] [INFO] o.e.b.s.j.JwtTokenFilter - ❌ 토큰 없음 또는 유효하지 않음: null
2025-06-27 12:44:29.787 [http-nio-8080-exec-8] [INFO] o.e.b.s.j.JwtTokenFilter - ❌ 토큰 없음 또는 유효하지 않음: null
2025-06-27 12:44:34.784 [http-nio-8080-exec-5] [INFO] o.e.b.s.j.JwtTokenFilter - ❌ 토큰 없음 또는 유효하지 않음: null
2025-06-27 12:44:39.783 [http-nio-8080-exec-6] [INFO] o.e.b.s.j.JwtTokenFilter - ❌ 토큰 없음 또는 유효하지 않음: null
2025-06-27 12:44:44.783 [http-nio-8080-exec-4] [INFO] o.e.b.s.j.JwtTokenFilter - ❌ 토큰 없음 또는 유효하지 않음: null
2025-06-27 12:44:49.784 [http-nio-8080-exec-7] [INFO] o.e.b.s.j.JwtTokenFilter - ❌ 토큰 없음 또는 유효하지 않음: null
2025-06-27 12:44:54.782 [http-nio-8080-exec-3] [INFO] o.e.b.s.j.JwtTokenFilter - ❌ 토큰 없음 또는 유효하지 않음: null
2025-06-27 12:44:59.787 [http-nio-8080-exec-10] [INFO] o.e.b.s.j.JwtTokenFilter - ❌ 토큰 없음 또는 유효하지 않음: null
2025-06-27 12:45:04.782 [http-nio-8080-exec-9] [INFO] o.e.b.s.j.JwtTokenFilter - ❌ 토큰 없음 또는 유효하지 않음: null
2025-06-27 12:45:09.783 [http-nio-8080-exec-1] [INFO] o.e.b.s.j.JwtTokenFilter - ❌ 토큰 없음 또는 유효하지 않음: null
2025-06-27 12:45:14.784 [http-nio-8080-exec-2] [INFO] o.e.b.s.j.JwtTokenFilter - ❌ 토큰 없음 또는 유효하지 않음: null
2025-06-27 12:45:19.780 [http-nio-8080-exec-8] [INFO] o.e.b.s.j.JwtTokenFilter - ❌ 토큰 없음 또는 유효하지 않음: null
2025-06-27 12:45:24.780 [http-nio-8080-exec-5] [INFO] o.e.b.s.j.JwtTokenFilter - ❌ 토큰 없음 또는 유효하지 않음: null
2025-06-27 12:45:29.780 [http-nio-8080-exec-6] [INFO] o.e.b.s.j.JwtTokenFilter - ❌ 토큰 없음 또는 유효하지 않음: null
2025-06-27 12:45:34.781 [http-nio-8080-exec-4] [INFO] o.e.b.s.j.JwtTokenFilter - ❌ 토큰 없음 또는 유효하지 않음: null
2025-06-27 12:45:39.779 [http-nio-8080-exec-7] [INFO] o.e.b.s.j.JwtTokenFilter - ❌ 토큰 없음 또는 유효하지 않음: null
2025-06-27 12:45:44.779 [http-nio-8080-exec-3] [INFO] o.e.b.s.j.JwtTokenFilter - ❌ 토큰 없음 또는 유효하지 않음: null
2025-06-27 12:45:49.778 [http-nio-8080-exec-10] [INFO] o.e.b.s.j.JwtTokenFilter - ❌ 토큰 없음 또는 유효하지 않음: null
2025-06-27 12:45:54.778 [http-nio-8080-exec-9] [INFO] o.e.b.s.j.JwtTokenFilter - ❌ 토큰 없음 또는 유효하지 않음: null
2025-06-27 12:45:59.777 [http-nio-8080-exec-1] [INFO] o.e.b.s.j.JwtTokenFilter - ❌ 토큰 없음 또는 유효하지 않음: null
2025-06-27 12:46:04.778 [http-nio-8080-exec-2] [INFO] o.e.b.s.j.JwtTokenFilter - ❌ 토큰 없음 또는 유효하지 않음: null
2025-06-27 12:46:09.778 [http-nio-8080-exec-8] [INFO] o.e.b.s.j.JwtTokenFilter - ❌ 토큰 없음 또는 유효하지 않음: null
2025-06-27 12:46:14.778 [http-nio-8080-exec-5] [INFO] o.e.b.s.j.JwtTokenFilter - ❌ 토큰 없음 또는 유효하지 않음: null
2025-06-27 12:46:19.776 [http-nio-8080-exec-6] [INFO] o.e.b.s.j.JwtTokenFilter - ❌ 토큰 없음 또는 유효하지 않음: null
2025-06-27 12:46:24.775 [http-nio-8080-exec-4] [INFO] o.e.b.s.j.JwtTokenFilter - ❌ 토큰 없음 또는 유효하지 않음: null
2025-06-27 12:46:29.777 [http-nio-8080-exec-7] [INFO] o.e.b.s.j.JwtTokenFilter - ❌ 토큰 없음 또는 유효하지 않음: null
2025-06-27 12:46:34.775 [http-nio-8080-exec-3] [INFO] o.e.b.s.j.JwtTokenFilter - ❌ 토큰 없음 또는 유효하지 않음: null
2025-06-27 12:46:39.778 [http-nio-8080-exec-10] [INFO] o.e.b.s.j.JwtTokenFilter - ❌ 토큰 없음 또는 유효하지 않음: null
2025-06-27 12:46:44.773 [http-nio-8080-exec-9] [INFO] o.e.b.s.j.JwtTokenFilter - ❌ 토큰 없음 또는 유효하지 않음: null
2025-06-27 12:46:49.774 [http-nio-8080-exec-1] [INFO] o.e.b.s.j.JwtTokenFilter - ❌ 토큰 없음 또는 유효하지 않음: null
2025-06-27 12:46:54.774 [http-nio-8080-exec-2] [INFO] o.e.b.s.j.JwtTokenFilter - ❌ 토큰 없음 또는 유효하지 않음: null
2025-06-27 12:46:59.773 [http-nio-8080-exec-8] [INFO] o.e.b.s.j.JwtTokenFilter - ❌ 토큰 없음 또는 유효하지 않음: null
2025-06-27 12:47:04.773 [http-nio-8080-exec-5] [INFO] o.e.b.s.j.JwtTokenFilter - ❌ 토큰 없음 또는 유효하지 않음: null
2025-06-27 12:47:09.772 [http-nio-8080-exec-6] [INFO] o.e.b.s.j.JwtTokenFilter - ❌ 토큰 없음 또는 유효하지 않음: null
2025-06-27 12:47:14.771 [http-nio-8080-exec-4] [INFO] o.e.b.s.j.JwtTokenFilter - ❌ 토큰 없음 또는 유효하지 않음: null
2025-06-27 12:47:19.770 [http-nio-8080-exec-7] [INFO] o.e.b.s.j.JwtTokenFilter - ❌ 토큰 없음 또는 유효하지 않음: null
2025-06-27 12:47:24.771 [http-nio-8080-exec-3] [INFO] o.e.b.s.j.JwtTokenFilter - ❌ 토큰 없음 또는 유효하지 않음: null
2025-06-27 12:47:29.777 [http-nio-8080-exec-10] [INFO] o.e.b.s.j.JwtTokenFilter - ❌ 토큰 없음 또는 유효하지 않음: null
2025-06-27 12:47:34.771 [http-nio-8080-exec-9] [INFO] o.e.b.s.j.JwtTokenFilter - ❌ 토큰 없음 또는 유효하지 않음: null
2025-06-27 12:47:39.769 [http-nio-8080-exec-1] [INFO] o.e.b.s.j.JwtTokenFilter - ❌ 토큰 없음 또는 유효하지 않음: null
2025-06-27 12:47:44.770 [http-nio-8080-exec-2] [INFO] o.e.b.s.j.JwtTokenFilter - ❌ 토큰 없음 또는 유효하지 않음: null
2025-06-27 12:47:49.769 [http-nio-8080-exec-8] [INFO] o.e.b.s.j.JwtTokenFilter - ❌ 토큰 없음 또는 유효하지 않음: null
2025-06-27 12:47:54.769 [http-nio-8080-exec-5] [INFO] o.e.b.s.j.JwtTokenFilter - ❌ 토큰 없음 또는 유효하지 않음: null
2025-06-27 12:47:59.768 [http-nio-8080-exec-6] [INFO] o.e.b.s.j.JwtTokenFilter - ❌ 토큰 없음 또는 유효하지 않음: null
2025-06-27 12:48:04.768 [http-nio-8080-exec-4] [INFO] o.e.b.s.j.JwtTokenFilter - ❌ 토큰 없음 또는 유효하지 않음: null
2025-06-27 12:48:09.788 [http-nio-8080-exec-7] [INFO] o.e.b.s.j.JwtTokenFilter - ❌ 토큰 없음 또는 유효하지 않음: null
2025-06-27 12:48:14.767 [http-nio-8080-exec-3] [INFO] o.e.b.s.j.JwtTokenFilter - ❌ 토큰 없음 또는 유효하지 않음: null
2025-06-27 12:48:19.768 [http-nio-8080-exec-10] [INFO] o.e.b.s.j.JwtTokenFilter - ❌ 토큰 없음 또는 유효하지 않음: null
2025-06-27 12:48:24.766 [http-nio-8080-exec-9] [INFO] o.e.b.s.j.JwtTokenFilter - ❌ 토큰 없음 또는 유효하지 않음: null
2025-06-27 12:48:29.765 [http-nio-8080-exec-1] [INFO] o.e.b.s.j.JwtTokenFilter - ❌ 토큰 없음 또는 유효하지 않음: null
2025-06-27 12:48:34.765 [http-nio-8080-exec-2] [INFO] o.e.b.s.j.JwtTokenFilter - ❌ 토큰 없음 또는 유효하지 않음: null
2025-06-27 12:48:39.766 [http-nio-8080-exec-8] [INFO] o.e.b.s.j.JwtTokenFilter - ❌ 토큰 없음 또는 유효하지 않음: null
2025-06-27 12:48:44.764 [http-nio-8080-exec-5] [INFO] o.e.b.s.j.JwtTokenFilter - ❌ 토큰 없음 또는 유효하지 않음: null
2025-06-27 12:48:49.764 [http-nio-8080-exec-6] [INFO] o.e.b.s.j.JwtTokenFilter - ❌ 토큰 없음 또는 유효하지 않음: null
2025-06-27 12:48:54.764 [http-nio-8080-exec-4] [INFO] o.e.b.s.j.JwtTokenFilter - ❌ 토큰 없음 또는 유효하지 않음: null
2025-06-27 12:48:59.762 [http-nio-8080-exec-7] [INFO] o.e.b.s.j.JwtTokenFilter - ❌ 토큰 없음 또는 유효하지 않음: null
2025-06-27 12:49:04.768 [http-nio-8080-exec-3] [INFO] o.e.b.s.j.JwtTokenFilter - ❌ 토큰 없음 또는 유효하지 않음: null
2025-06-27 12:49:09.768 [http-nio-8080-exec-10] [INFO] o.e.b.s.j.JwtTokenFilter - ❌ 토큰 없음 또는 유효하지 않음: null
2025-06-27 12:49:14.763 [http-nio-8080-exec-9] [INFO] o.e.b.s.j.JwtTokenFilter - ❌ 토큰 없음 또는 유효하지 않음: null
2025-06-27 12:49:19.762 [http-nio-8080-exec-1] [INFO] o.e.b.s.j.JwtTokenFilter - ❌ 토큰 없음 또는 유효하지 않음: null
2025-06-27 12:49:24.761 [http-nio-8080-exec-2] [INFO] o.e.b.s.j.JwtTokenFilter - ❌ 토큰 없음 또는 유효하지 않음: null
2025-06-27 12:49:29.761 [http-nio-8080-exec-8] [INFO] o.e.b.s.j.JwtTokenFilter - ❌ 토큰 없음 또는 유효하지 않음: null
2025-06-27 12:49:34.761 [http-nio-8080-exec-5] [INFO] o.e.b.s.j.JwtTokenFilter - ❌ 토큰 없음 또는 유효하지 않음: null
2025-06-27 12:49:39.761 [http-nio-8080-exec-6] [INFO] o.e.b.s.j.JwtTokenFilter - ❌ 토큰 없음 또는 유효하지 않음: null
2025-06-27 12:49:44.766 [http-nio-8080-exec-4] [INFO] o.e.b.s.j.JwtTokenFilter - ❌ 토큰 없음 또는 유효하지 않음: null
2025-06-27 12:49:49.759 [http-nio-8080-exec-7] [INFO] o.e.b.s.j.JwtTokenFilter - ❌ 토큰 없음 또는 유효하지 않음: null
2025-06-27 12:49:54.758 [http-nio-8080-exec-3] [INFO] o.e.b.s.j.JwtTokenFilter - ❌ 토큰 없음 또는 유효하지 않음: null
2025-06-27 12:49:59.761 [http-nio-8080-exec-10] [INFO] o.e.b.s.j.JwtTokenFilter - ❌ 토큰 없음 또는 유효하지 않음: null
2025-06-27 12:50:04.759 [http-nio-8080-exec-9] [INFO] o.e.b.s.j.JwtTokenFilter - ❌ 토큰 없음 또는 유효하지 않음: null
2025-06-27 12:50:09.762 [http-nio-8080-exec-1] [INFO] o.e.b.s.j.JwtTokenFilter - ❌ 토큰 없음 또는 유효하지 않음: null
2025-06-27 12:50:14.757 [http-nio-8080-exec-2] [INFO] o.e.b.s.j.JwtTokenFilter - ❌ 토큰 없음 또는 유효하지 않음: null
2025-06-27 12:50:19.759 [http-nio-8080-exec-8] [INFO] o.e.b.s.j.JwtTokenFilter - ❌ 토큰 없음 또는 유효하지 않음: null
2025-06-27 12:50:24.758 [http-nio-8080-exec-5] [INFO] o.e.b.s.j.JwtTokenFilter - ❌ 토큰 없음 또는 유효하지 않음: null
2025-06-27 12:50:29.757 [http-nio-8080-exec-6] [INFO] o.e.b.s.j.JwtTokenFilter - ❌ 토큰 없음 또는 유효하지 않음: null
2025-06-27 12:50:34.757 [http-nio-8080-exec-4] [INFO] o.e.b.s.j.JwtTokenFilter - ❌ 토큰 없음 또는 유효하지 않음: null
2025-06-27 12:50:39.756 [http-nio-8080-exec-7] [INFO] o.e.b.s.j.JwtTokenFilter - ❌ 토큰 없음 또는 유효하지 않음: null
2025-06-27 12:50:44.755 [http-nio-8080-exec-3] [INFO] o.e.b.s.j.JwtTokenFilter - ❌ 토큰 없음 또는 유효하지 않음: null
2025-06-27 12:50:49.758 [http-nio-8080-exec-10] [INFO] o.e.b.s.j.JwtTokenFilter - ❌ 토큰 없음 또는 유효하지 않음: null
2025-06-27 12:50:54.758 [http-nio-8080-exec-9] [INFO] o.e.b.s.j.JwtTokenFilter - ❌ 토큰 없음 또는 유효하지 않음: null
2025-06-27 12:50:59.755 [http-nio-8080-exec-1] [INFO] o.e.b.s.j.JwtTokenFilter - ❌ 토큰 없음 또는 유효하지 않음: null
2025-06-27 12:51:04.755 [http-nio-8080-exec-2] [INFO] o.e.b.s.j.JwtTokenFilter - ❌ 토큰 없음 또는 유효하지 않음: null
2025-06-27 12:51:09.760 [http-nio-8080-exec-8] [INFO] o.e.b.s.j.JwtTokenFilter - ❌ 토큰 없음 또는 유효하지 않음: null
2025-06-27 12:51:14.753 [http-nio-8080-exec-5] [INFO] o.e.b.s.j.JwtTokenFilter - ❌ 토큰 없음 또는 유효하지 않음: null
2025-06-27 12:51:19.753 [http-nio-8080-exec-6] [INFO] o.e.b.s.j.JwtTokenFilter - ❌ 토큰 없음 또는 유효하지 않음: null
2025-06-27 12:51:24.753 [http-nio-8080-exec-4] [INFO] o.e.b.s.j.JwtTokenFilter - ❌ 토큰 없음 또는 유효하지 않음: null
2025-06-27 12:51:29.752 [http-nio-8080-exec-7] [INFO] o.e.b.s.j.JwtTokenFilter - ❌ 토큰 없음 또는 유효하지 않음: null
2025-06-27 12:51:34.752 [http-nio-8080-exec-3] [INFO] o.e.b.s.j.JwtTokenFilter - ❌ 토큰 없음 또는 유효하지 않음: null
2025-06-27 12:51:39.752 [http-nio-8080-exec-10] [INFO] o.e.b.s.j.JwtTokenFilter - ❌ 토큰 없음 또는 유효하지 않음: null
2025-06-27 12:51:44.754 [http-nio-8080-exec-9] [INFO] o.e.b.s.j.JwtTokenFilter - ❌ 토큰 없음 또는 유효하지 않음: null
2025-06-27 12:51:49.751 [http-nio-8080-exec-1] [INFO] o.e.b.s.j.JwtTokenFilter - ❌ 토큰 없음 또는 유효하지 않음: null
2025-06-27 12:51:54.750 [http-nio-8080-exec-2] [INFO] o.e.b.s.j.JwtTokenFilter - ❌ 토큰 없음 또는 유효하지 않음: null
2025-06-27 12:51:59.751 [http-nio-8080-exec-8] [INFO] o.e.b.s.j.JwtTokenFilter - ❌ 토큰 없음 또는 유효하지 않음: null
2025-06-27 12:52:04.750 [http-nio-8080-exec-5] [INFO] o.e.b.s.j.JwtTokenFilter - ❌ 토큰 없음 또는 유효하지 않음: null
2025-06-27 12:52:09.749 [http-nio-8080-exec-6] [INFO] o.e.b.s.j.JwtTokenFilter - ❌ 토큰 없음 또는 유효하지 않음: null
2025-06-27 12:52:14.750 [http-nio-8080-exec-4] [INFO] o.e.b.s.j.JwtTokenFilter - ❌ 토큰 없음 또는 유효하지 않음: null
2025-06-27 12:52:19.753 [http-nio-8080-exec-7] [INFO] o.e.b.s.j.JwtTokenFilter - ❌ 토큰 없음 또는 유효하지 않음: null
2025-06-27 12:52:24.749 [http-nio-8080-exec-3] [INFO] o.e.b.s.j.JwtTokenFilter - ❌ 토큰 없음 또는 유효하지 않음: null
2025-06-27 12:52:29.749 [http-nio-8080-exec-10] [INFO] o.e.b.s.j.JwtTokenFilter - ❌ 토큰 없음 또는 유효하지 않음: null
2025-06-27 12:52:34.750 [http-nio-8080-exec-9] [INFO] o.e.b.s.j.JwtTokenFilter - ❌ 토큰 없음 또는 유효하지 않음: null
2025-06-27 12:52:39.750 [http-nio-8080-exec-1] [INFO] o.e.b.s.j.JwtTokenFilter - ❌ 토큰 없음 또는 유효하지 않음: null
2025-06-27 12:52:44.746 [http-nio-8080-exec-2] [INFO] o.e.b.s.j.JwtTokenFilter - ❌ 토큰 없음 또는 유효하지 않음: null
2025-06-27 12:52:49.746 [http-nio-8080-exec-8] [INFO] o.e.b.s.j.JwtTokenFilter - ❌ 토큰 없음 또는 유효하지 않음: null
2025-06-27 12:52:54.745 [http-nio-8080-exec-5] [INFO] o.e.b.s.j.JwtTokenFilter - ❌ 토큰 없음 또는 유효하지 않음: null
2025-06-27 12:52:59.746 [http-nio-8080-exec-6] [INFO] o.e.b.s.j.JwtTokenFilter - ❌ 토큰 없음 또는 유효하지 않음: null
2025-06-27 12:53:04.748 [http-nio-8080-exec-4] [INFO] o.e.b.s.j.JwtTokenFilter - ❌ 토큰 없음 또는 유효하지 않음: null
2025-06-27 12:53:09.747 [http-nio-8080-exec-7] [INFO] o.e.b.s.j.JwtTokenFilter - ❌ 토큰 없음 또는 유효하지 않음: null
2025-06-27 12:53:14.744 [http-nio-8080-exec-3] [INFO] o.e.b.s.j.JwtTokenFilter - ❌ 토큰 없음 또는 유효하지 않음: null
2025-06-27 12:53:19.744 [http-nio-8080-exec-10] [INFO] o.e.b.s.j.JwtTokenFilter - ❌ 토큰 없음 또는 유효하지 않음: null
2025-06-27 12:53:24.744 [http-nio-8080-exec-9] [INFO] o.e.b.s.j.JwtTokenFilter - ❌ 토큰 없음 또는 유효하지 않음: null
2025-06-27 12:53:29.744 [http-nio-8080-exec-1] [INFO] o.e.b.s.j.JwtTokenFilter - ❌ 토큰 없음 또는 유효하지 않음: null
2025-06-27 12:53:34.742 [http-nio-8080-exec-2] [INFO] o.e.b.s.j.JwtTokenFilter - ❌ 토큰 없음 또는 유효하지 않음: null
2025-06-27 12:53:39.742 [http-nio-8080-exec-8] [INFO] o.e.b.s.j.JwtTokenFilter - ❌ 토큰 없음 또는 유효하지 않음: null
2025-06-27 12:53:44.742 [http-nio-8080-exec-5] [INFO] o.e.b.s.j.JwtTokenFilter - ❌ 토큰 없음 또는 유효하지 않음: null
2025-06-27 12:53:49.743 [http-nio-8080-exec-6] [INFO] o.e.b.s.j.JwtTokenFilter - ❌ 토큰 없음 또는 유효하지 않음: null
2025-06-27 12:53:54.742 [http-nio-8080-exec-4] [INFO] o.e.b.s.j.JwtTokenFilter - ❌ 토큰 없음 또는 유효하지 않음: null
2025-06-27 12:53:59.742 [http-nio-8080-exec-7] [INFO] o.e.b.s.j.JwtTokenFilter - ❌ 토큰 없음 또는 유효하지 않음: null
2025-06-27 12:54:04.740 [http-nio-8080-exec-3] [INFO] o.e.b.s.j.JwtTokenFilter - ❌ 토큰 없음 또는 유효하지 않음: null
2025-06-27 12:54:09.741 [http-nio-8080-exec-10] [INFO] o.e.b.s.j.JwtTokenFilter - ❌ 토큰 없음 또는 유효하지 않음: null
2025-06-27 12:54:14.740 [http-nio-8080-exec-9] [INFO] o.e.b.s.j.JwtTokenFilter - ❌ 토큰 없음 또는 유효하지 않음: null
2025-06-27 12:54:19.834 [http-nio-8080-exec-1] [INFO] o.e.b.s.j.JwtTokenFilter - ❌ 토큰 없음 또는 유효하지 않음: null
2025-06-27 12:54:24.742 [http-nio-8080-exec-2] [INFO] o.e.b.s.j.JwtTokenFilter - ❌ 토큰 없음 또는 유효하지 않음: null
2025-06-27 12:54:29.738 [http-nio-8080-exec-8] [INFO] o.e.b.s.j.JwtTokenFilter - ❌ 토큰 없음 또는 유효하지 않음: null
2025-06-27 12:54:34.739 [http-nio-8080-exec-5] [INFO] o.e.b.s.j.JwtTokenFilter - ❌ 토큰 없음 또는 유효하지 않음: null
2025-06-27 12:54:39.739 [http-nio-8080-exec-6] [INFO] o.e.b.s.j.JwtTokenFilter - ❌ 토큰 없음 또는 유효하지 않음: null
2025-06-27 12:54:44.740 [http-nio-8080-exec-4] [INFO] o.e.b.s.j.JwtTokenFilter - ❌ 토큰 없음 또는 유효하지 않음: null
2025-06-27 12:54:49.737 [http-nio-8080-exec-7] [INFO] o.e.b.s.j.JwtTokenFilter - ❌ 토큰 없음 또는 유효하지 않음: null
2025-06-27 12:54:54.736 [http-nio-8080-exec-3] [INFO] o.e.b.s.j.JwtTokenFilter - ❌ 토큰 없음 또는 유효하지 않음: null
2025-06-27 12:54:59.736 [http-nio-8080-exec-10] [INFO] o.e.b.s.j.JwtTokenFilter - ❌ 토큰 없음 또는 유효하지 않음: null
2025-06-27 12:55:04.736 [http-nio-8080-exec-9] [INFO] o.e.b.s.j.JwtTokenFilter - ❌ 토큰 없음 또는 유효하지 않음: null
2025-06-27 12:55:09.736 [http-nio-8080-exec-1] [INFO] o.e.b.s.j.JwtTokenFilter - ❌ 토큰 없음 또는 유효하지 않음: null
2025-06-27 12:55:14.735 [http-nio-8080-exec-2] [INFO] o.e.b.s.j.JwtTokenFilter - ❌ 토큰 없음 또는 유효하지 않음: null
2025-06-27 12:55:19.736 [http-nio-8080-exec-8] [INFO] o.e.b.s.j.JwtTokenFilter - ❌ 토큰 없음 또는 유효하지 않음: null
2025-06-27 12:55:24.737 [http-nio-8080-exec-5] [INFO] o.e.b.s.j.JwtTokenFilter - ❌ 토큰 없음 또는 유효하지 않음: null
2025-06-27 12:55:29.736 [http-nio-8080-exec-6] [INFO] o.e.b.s.j.JwtTokenFilter - ❌ 토큰 없음 또는 유효하지 않음: null
2025-06-27 12:55:34.733 [http-nio-8080-exec-4] [INFO] o.e.b.s.j.JwtTokenFilter - ❌ 토큰 없음 또는 유효하지 않음: null
2025-06-27 12:55:39.735 [http-nio-8080-exec-7] [INFO] o.e.b.s.j.JwtTokenFilter - ❌ 토큰 없음 또는 유효하지 않음: null
2025-06-27 12:55:44.736 [http-nio-8080-exec-3] [INFO] o.e.b.s.j.JwtTokenFilter - ❌ 토큰 없음 또는 유효하지 않음: null
2025-06-27 12:55:49.733 [http-nio-8080-exec-10] [INFO] o.e.b.s.j.JwtTokenFilter - ❌ 토큰 없음 또는 유효하지 않음: null
2025-06-27 12:55:54.733 [http-nio-8080-exec-9] [INFO] o.e.b.s.j.JwtTokenFilter - ❌ 토큰 없음 또는 유효하지 않음: null
2025-06-27 12:55:59.733 [http-nio-8080-exec-1] [INFO] o.e.b.s.j.JwtTokenFilter - ❌ 토큰 없음 또는 유효하지 않음: null
2025-06-27 12:56:04.732 [http-nio-8080-exec-2] [INFO] o.e.b.s.j.JwtTokenFilter - ❌ 토큰 없음 또는 유효하지 않음: null
2025-06-27 12:56:09.733 [http-nio-8080-exec-8] [INFO] o.e.b.s.j.JwtTokenFilter - ❌ 토큰 없음 또는 유효하지 않음: null
2025-06-27 12:56:14.735 [http-nio-8080-exec-5] [INFO] o.e.b.s.j.JwtTokenFilter - ❌ 토큰 없음 또는 유효하지 않음: null
2025-06-27 12:56:19.732 [http-nio-8080-exec-6] [INFO] o.e.b.s.j.JwtTokenFilter - ❌ 토큰 없음 또는 유효하지 않음: null
2025-06-27 12:56:24.730 [http-nio-8080-exec-4] [INFO] o.e.b.s.j.JwtTokenFilter - ❌ 토큰 없음 또는 유효하지 않음: null
2025-06-27 12:56:29.770 [http-nio-8080-exec-7] [INFO] o.e.b.s.j.JwtTokenFilter - ❌ 토큰 없음 또는 유효하지 않음: null
2025-06-27 12:56:34.730 [http-nio-8080-exec-3] [INFO] o.e.b.s.j.JwtTokenFilter - ❌ 토큰 없음 또는 유효하지 않음: null
2025-06-27 12:56:39.731 [http-nio-8080-exec-10] [INFO] o.e.b.s.j.JwtTokenFilter - ❌ 토큰 없음 또는 유효하지 않음: null
2025-06-27 12:56:44.733 [http-nio-8080-exec-9] [INFO] o.e.b.s.j.JwtTokenFilter - ❌ 토큰 없음 또는 유효하지 않음: null
2025-06-27 12:56:49.729 [http-nio-8080-exec-1] [INFO] o.e.b.s.j.JwtTokenFilter - ❌ 토큰 없음 또는 유효하지 않음: null
2025-06-27 12:56:54.728 [http-nio-8080-exec-2] [INFO] o.e.b.s.j.JwtTokenFilter - ❌ 토큰 없음 또는 유효하지 않음: null
2025-06-27 12:56:59.730 [http-nio-8080-exec-8] [INFO] o.e.b.s.j.JwtTokenFilter - ❌ 토큰 없음 또는 유효하지 않음: null
2025-06-27 12:57:04.729 [http-nio-8080-exec-5] [INFO] o.e.b.s.j.JwtTokenFilter - ❌ 토큰 없음 또는 유효하지 않음: null
2025-06-27 12:57:09.729 [http-nio-8080-exec-6] [INFO] o.e.b.s.j.JwtTokenFilter - ❌ 토큰 없음 또는 유효하지 않음: null
2025-06-27 12:57:14.728 [http-nio-8080-exec-4] [INFO] o.e.b.s.j.JwtTokenFilter - ❌ 토큰 없음 또는 유효하지 않음: null
2025-06-27 12:57:19.727 [http-nio-8080-exec-7] [INFO] o.e.b.s.j.JwtTokenFilter - ❌ 토큰 없음 또는 유효하지 않음: null
2025-06-27 12:57:24.726 [http-nio-8080-exec-3] [INFO] o.e.b.s.j.JwtTokenFilter - ❌ 토큰 없음 또는 유효하지 않음: null
2025-06-27 12:57:29.730 [http-nio-8080-exec-10] [INFO] o.e.b.s.j.JwtTokenFilter - ❌ 토큰 없음 또는 유효하지 않음: null
2025-06-27 12:57:34.726 [http-nio-8080-exec-9] [INFO] o.e.b.s.j.JwtTokenFilter - ❌ 토큰 없음 또는 유효하지 않음: null
2025-06-27 12:57:39.726 [http-nio-8080-exec-1] [INFO] o.e.b.s.j.JwtTokenFilter - ❌ 토큰 없음 또는 유효하지 않음: null
2025-06-27 12:57:44.725 [http-nio-8080-exec-2] [INFO] o.e.b.s.j.JwtTokenFilter - ❌ 토큰 없음 또는 유효하지 않음: null
2025-06-27 12:57:49.729 [http-nio-8080-exec-8] [INFO] o.e.b.s.j.JwtTokenFilter - ❌ 토큰 없음 또는 유효하지 않음: null
2025-06-27 12:57:54.723 [http-nio-8080-exec-5] [INFO] o.e.b.s.j.JwtTokenFilter - ❌ 토큰 없음 또는 유효하지 않음: null
2025-06-27 12:57:59.722 [http-nio-8080-exec-6] [INFO] o.e.b.s.j.JwtTokenFilter - ❌ 토큰 없음 또는 유효하지 않음: null
2025-06-27 12:58:04.723 [http-nio-8080-exec-4] [INFO] o.e.b.s.j.JwtTokenFilter - ❌ 토큰 없음 또는 유효하지 않음: null
2025-06-27 12:58:09.723 [http-nio-8080-exec-7] [INFO] o.e.b.s.j.JwtTokenFilter - ❌ 토큰 없음 또는 유효하지 않음: null
2025-06-27 12:58:14.727 [http-nio-8080-exec-3] [INFO] o.e.b.s.j.JwtTokenFilter - ❌ 토큰 없음 또는 유효하지 않음: null
2025-06-27 12:58:19.724 [http-nio-8080-exec-10] [INFO] o.e.b.s.j.JwtTokenFilter - ❌ 토큰 없음 또는 유효하지 않음: null
2025-06-27 12:58:24.720 [http-nio-8080-exec-9] [INFO] o.e.b.s.j.JwtTokenFilter - ❌ 토큰 없음 또는 유효하지 않음: null
2025-06-27 12:58:29.722 [http-nio-8080-exec-1] [INFO] o.e.b.s.j.JwtTokenFilter - ❌ 토큰 없음 또는 유효하지 않음: null
2025-06-27 12:58:34.725 [http-nio-8080-exec-2] [INFO] o.e.b.s.j.JwtTokenFilter - ❌ 토큰 없음 또는 유효하지 않음: null
2025-06-27 12:58:39.721 [http-nio-8080-exec-8] [INFO] o.e.b.s.j.JwtTokenFilter - ❌ 토큰 없음 또는 유효하지 않음: null
2025-06-27 12:58:44.721 [http-nio-8080-exec-5] [INFO] o.e.b.s.j.JwtTokenFilter - ❌ 토큰 없음 또는 유효하지 않음: null
2025-06-27 12:58:49.720 [http-nio-8080-exec-6] [INFO] o.e.b.s.j.JwtTokenFilter - ❌ 토큰 없음 또는 유효하지 않음: null
2025-06-27 12:58:54.720 [http-nio-8080-exec-4] [INFO] o.e.b.s.j.JwtTokenFilter - ❌ 토큰 없음 또는 유효하지 않음: null
2025-06-27 12:58:59.719 [http-nio-8080-exec-7] [INFO] o.e.b.s.j.JwtTokenFilter - ❌ 토큰 없음 또는 유효하지 않음: null
2025-06-27 12:59:04.719 [http-nio-8080-exec-3] [INFO] o.e.b.s.j.JwtTokenFilter - ❌ 토큰 없음 또는 유효하지 않음: null
2025-06-27 12:59:09.718 [http-nio-8080-exec-10] [INFO] o.e.b.s.j.JwtTokenFilter - ❌ 토큰 없음 또는 유효하지 않음: null
2025-06-27 12:59:14.718 [http-nio-8080-exec-9] [INFO] o.e.b.s.j.JwtTokenFilter - ❌ 토큰 없음 또는 유효하지 않음: null
2025-06-27 12:59:19.726 [http-nio-8080-exec-1] [INFO] o.e.b.s.j.JwtTokenFilter - ❌ 토큰 없음 또는 유효하지 않음: null
2025-06-27 12:59:24.718 [http-nio-8080-exec-2] [INFO] o.e.b.s.j.JwtTokenFilter - ❌ 토큰 없음 또는 유효하지 않음: null
2025-06-27 12:59:29.719 [http-nio-8080-exec-8] [INFO] o.e.b.s.j.JwtTokenFilter - ❌ 토큰 없음 또는 유효하지 않음: null
2025-06-27 12:59:34.720 [http-nio-8080-exec-5] [INFO] o.e.b.s.j.JwtTokenFilter - ❌ 토큰 없음 또는 유효하지 않음: null
2025-06-27 12:59:39.720 [http-nio-8080-exec-6] [INFO] o.e.b.s.j.JwtTokenFilter - ❌ 토큰 없음 또는 유효하지 않음: null
2025-06-27 12:59:44.718 [http-nio-8080-exec-4] [INFO] o.e.b.s.j.JwtTokenFilter - ❌ 토큰 없음 또는 유효하지 않음: null
2025-06-27 12:59:49.716 [http-nio-8080-exec-7] [INFO] o.e.b.s.j.JwtTokenFilter - ❌ 토큰 없음 또는 유효하지 않음: null
2025-06-27 12:59:54.717 [http-nio-8080-exec-3] [INFO] o.e.b.s.j.JwtTokenFilter - ❌ 토큰 없음 또는 유효하지 않음: null
2025-06-27 12:59:59.716 [http-nio-8080-exec-10] [INFO] o.e.b.s.j.JwtTokenFilter - ❌ 토큰 없음 또는 유효하지 않음: null
2025-06-27 13:00:04.716 [http-nio-8080-exec-9] [INFO] o.e.b.s.j.JwtTokenFilter - ❌ 토큰 없음 또는 유효하지 않음: null
2025-06-27 13:00:09.714 [http-nio-8080-exec-1] [INFO] o.e.b.s.j.JwtTokenFilter - ❌ 토큰 없음 또는 유효하지 않음: null
2025-06-27 13:00:14.714 [http-nio-8080-exec-2] [INFO] o.e.b.s.j.JwtTokenFilter - ❌ 토큰 없음 또는 유효하지 않음: null
2025-06-27 13:00:19.713 [http-nio-8080-exec-8] [INFO] o.e.b.s.j.JwtTokenFilter - ❌ 토큰 없음 또는 유효하지 않음: null
2025-06-27 13:00:24.712 [http-nio-8080-exec-5] [INFO] o.e.b.s.j.JwtTokenFilter - ❌ 토큰 없음 또는 유효하지 않음: null
2025-06-27 13:00:29.712 [http-nio-8080-exec-6] [INFO] o.e.b.s.j.JwtTokenFilter - ❌ 토큰 없음 또는 유효하지 않음: null
2025-06-27 13:00:34.713 [http-nio-8080-exec-4] [INFO] o.e.b.s.j.JwtTokenFilter - ❌ 토큰 없음 또는 유효하지 않음: null
2025-06-27 13:00:39.712 [http-nio-8080-exec-7] [INFO] o.e.b.s.j.JwtTokenFilter - ❌ 토큰 없음 또는 유효하지 않음: null
2025-06-27 13:00:44.711 [http-nio-8080-exec-3] [INFO] o.e.b.s.j.JwtTokenFilter - ❌ 토큰 없음 또는 유효하지 않음: null
2025-06-27 13:00:49.715 [http-nio-8080-exec-10] [INFO] o.e.b.s.j.JwtTokenFilter - ❌ 토큰 없음 또는 유효하지 않음: null
2025-06-27 13:00:54.710 [http-nio-8080-exec-9] [INFO] o.e.b.s.j.JwtTokenFilter - ❌ 토큰 없음 또는 유효하지 않음: null
2025-06-27 13:00:59.714 [http-nio-8080-exec-1] [INFO] o.e.b.s.j.JwtTokenFilter - ❌ 토큰 없음 또는 유효하지 않음: null
2025-06-27 13:01:04.710 [http-nio-8080-exec-2] [INFO] o.e.b.s.j.JwtTokenFilter - ❌ 토큰 없음 또는 유효하지 않음: null
2025-06-27 13:01:09.708 [http-nio-8080-exec-8] [INFO] o.e.b.s.j.JwtTokenFilter - ❌ 토큰 없음 또는 유효하지 않음: null
2025-06-27 13:01:14.709 [http-nio-8080-exec-5] [INFO] o.e.b.s.j.JwtTokenFilter - ❌ 토큰 없음 또는 유효하지 않음: null
2025-06-27 13:01:19.708 [http-nio-8080-exec-6] [INFO] o.e.b.s.j.JwtTokenFilter - ❌ 토큰 없음 또는 유효하지 않음: null
2025-06-27 13:01:24.708 [http-nio-8080-exec-4] [INFO] o.e.b.s.j.JwtTokenFilter - ❌ 토큰 없음 또는 유효하지 않음: null
2025-06-27 13:01:29.716 [http-nio-8080-exec-7] [INFO] o.e.b.s.j.JwtTokenFilter - ❌ 토큰 없음 또는 유효하지 않음: null
2025-06-27 13:01:34.707 [http-nio-8080-exec-3] [INFO] o.e.b.s.j.JwtTokenFilter - ❌ 토큰 없음 또는 유효하지 않음: null
2025-06-27 13:01:39.708 [http-nio-8080-exec-10] [INFO] o.e.b.s.j.JwtTokenFilter - ❌ 토큰 없음 또는 유효하지 않음: null
2025-06-27 13:01:44.706 [http-nio-8080-exec-9] [INFO] o.e.b.s.j.JwtTokenFilter - ❌ 토큰 없음 또는 유효하지 않음: null
2025-06-27 13:01:49.707 [http-nio-8080-exec-1] [INFO] o.e.b.s.j.JwtTokenFilter - ❌ 토큰 없음 또는 유효하지 않음: null
2025-06-27 13:01:54.706 [http-nio-8080-exec-2] [INFO] o.e.b.s.j.JwtTokenFilter - ❌ 토큰 없음 또는 유효하지 않음: null
2025-06-27 13:01:59.705 [http-nio-8080-exec-8] [INFO] o.e.b.s.j.JwtTokenFilter - ❌ 토큰 없음 또는 유효하지 않음: null
2025-06-27 13:02:04.705 [http-nio-8080-exec-5] [INFO] o.e.b.s.j.JwtTokenFilter - ❌ 토큰 없음 또는 유효하지 않음: null
2025-06-27 13:02:09.705 [http-nio-8080-exec-6] [INFO] o.e.b.s.j.JwtTokenFilter - ❌ 토큰 없음 또는 유효하지 않음: null
2025-06-27 13:02:14.704 [http-nio-8080-exec-4] [INFO] o.e.b.s.j.JwtTokenFilter - ❌ 토큰 없음 또는 유효하지 않음: null
2025-06-27 13:02:19.707 [http-nio-8080-exec-7] [INFO] o.e.b.s.j.JwtTokenFilter - ❌ 토큰 없음 또는 유효하지 않음: null
2025-06-27 13:02:24.703 [http-nio-8080-exec-3] [INFO] o.e.b.s.j.JwtTokenFilter - ❌ 토큰 없음 또는 유효하지 않음: null
2025-06-27 13:02:26.703 [MessageBroker-1] [INFO] o.s.w.s.c.WebSocketMessageBrokerStats - WebSocketSession[0 current WS(0)-HttpStream(0)-HttpPoll(0), 0 total, 0 closed abnormally (0 connect failure, 0 send limit, 0 transport error)], stompSubProtocol[processed CONNECT(0)-CONNECTED(0)-DISCONNECT(0)], stompBrokerRelay[null], inboundChannel[pool size = 0, active threads = 0, queued tasks = 0, completed tasks = 0], outboundChannel[pool size = 0, active threads = 0, queued tasks = 0, completed tasks = 0], sockJsScheduler[pool size = 2, active threads = 1, queued tasks = 0, completed tasks = 1]
2025-06-27 13:02:29.704 [http-nio-8080-exec-10] [INFO] o.e.b.s.j.JwtTokenFilter - ❌ 토큰 없음 또는 유효하지 않음: null
2025-06-27 13:02:34.703 [http-nio-8080-exec-9] [INFO] o.e.b.s.j.JwtTokenFilter - ❌ 토큰 없음 또는 유효하지 않음: null
2025-06-27 13:02:39.703 [http-nio-8080-exec-1] [INFO] o.e.b.s.j.JwtTokenFilter - ❌ 토큰 없음 또는 유효하지 않음: null
2025-06-27 13:02:44.702 [http-nio-8080-exec-2] [INFO] o.e.b.s.j.JwtTokenFilter - ❌ 토큰 없음 또는 유효하지 않음: null
2025-06-27 13:02:49.703 [http-nio-8080-exec-8] [INFO] o.e.b.s.j.JwtTokenFilter - ❌ 토큰 없음 또는 유효하지 않음: null
2025-06-27 13:02:54.701 [http-nio-8080-exec-5] [INFO] o.e.b.s.j.JwtTokenFilter - ❌ 토큰 없음 또는 유효하지 않음: null
2025-06-27 13:02:59.702 [http-nio-8080-exec-6] [INFO] o.e.b.s.j.JwtTokenFilter - ❌ 토큰 없음 또는 유효하지 않음: null
2025-06-27 13:03:04.702 [http-nio-8080-exec-4] [INFO] o.e.b.s.j.JwtTokenFilter - ❌ 토큰 없음 또는 유효하지 않음: null
2025-06-27 13:03:09.700 [http-nio-8080-exec-7] [INFO] o.e.b.s.j.JwtTokenFilter - ❌ 토큰 없음 또는 유효하지 않음: null
2025-06-27 13:03:14.700 [http-nio-8080-exec-3] [INFO] o.e.b.s.j.JwtTokenFilter - ❌ 토큰 없음 또는 유효하지 않음: null
2025-06-27 13:03:19.703 [http-nio-8080-exec-10] [INFO] o.e.b.s.j.JwtTokenFilter - ❌ 토큰 없음 또는 유효하지 않음: null
2025-06-27 13:03:24.699 [http-nio-8080-exec-9] [INFO] o.e.b.s.j.JwtTokenFilter - ❌ 토큰 없음 또는 유효하지 않음: null
2025-06-27 13:03:29.703 [http-nio-8080-exec-1] [INFO] o.e.b.s.j.JwtTokenFilter - ❌ 토큰 없음 또는 유효하지 않음: null
2025-06-27 13:03:34.699 [http-nio-8080-exec-2] [INFO] o.e.b.s.j.JwtTokenFilter - ❌ 토큰 없음 또는 유효하지 않음: null
2025-06-27 13:03:39.698 [http-nio-8080-exec-8] [INFO] o.e.b.s.j.JwtTokenFilter - ❌ 토큰 없음 또는 유효하지 않음: null
2025-06-27 13:03:44.698 [http-nio-8080-exec-5] [INFO] o.e.b.s.j.JwtTokenFilter - ❌ 토큰 없음 또는 유효하지 않음: null
2025-06-27 13:03:49.698 [http-nio-8080-exec-6] [INFO] o.e.b.s.j.JwtTokenFilter - ❌ 토큰 없음 또는 유효하지 않음: null
2025-06-27 13:03:54.697 [http-nio-8080-exec-4] [INFO] o.e.b.s.j.JwtTokenFilter - ❌ 토큰 없음 또는 유효하지 않음: null
2025-06-27 13:03:59.696 [http-nio-8080-exec-7] [INFO] o.e.b.s.j.JwtTokenFilter - ❌ 토큰 없음 또는 유효하지 않음: null
2025-06-27 13:04:04.696 [http-nio-8080-exec-3] [INFO] o.e.b.s.j.JwtTokenFilter - ❌ 토큰 없음 또는 유효하지 않음: null
2025-06-27 13:04:09.696 [http-nio-8080-exec-10] [INFO] o.e.b.s.j.JwtTokenFilter - ❌ 토큰 없음 또는 유효하지 않음: null
2025-06-27 13:04:14.695 [http-nio-8080-exec-9] [INFO] o.e.b.s.j.JwtTokenFilter - ❌ 토큰 없음 또는 유효하지 않음: null
2025-06-27 13:04:19.696 [http-nio-8080-exec-1] [INFO] o.e.b.s.j.JwtTokenFilter - ❌ 토큰 없음 또는 유효하지 않음: null
2025-06-27 13:04:24.695 [http-nio-8080-exec-2] [INFO] o.e.b.s.j.JwtTokenFilter - ❌ 토큰 없음 또는 유효하지 않음: null
2025-06-27 13:04:29.694 [http-nio-8080-exec-8] [INFO] o.e.b.s.j.JwtTokenFilter - ❌ 토큰 없음 또는 유효하지 않음: null
2025-06-27 13:04:34.694 [http-nio-8080-exec-5] [INFO] o.e.b.s.j.JwtTokenFilter - ❌ 토큰 없음 또는 유효하지 않음: null
2025-06-27 13:04:39.698 [http-nio-8080-exec-6] [INFO] o.e.b.s.j.JwtTokenFilter - ❌ 토큰 없음 또는 유효하지 않음: null
2025-06-27 13:04:44.693 [http-nio-8080-exec-4] [INFO] o.e.b.s.j.JwtTokenFilter - ❌ 토큰 없음 또는 유효하지 않음: null
2025-06-27 13:04:49.728 [http-nio-8080-exec-7] [INFO] o.e.b.s.j.JwtTokenFilter - ❌ 토큰 없음 또는 유효하지 않음: null
2025-06-27 13:04:54.693 [http-nio-8080-exec-3] [INFO] o.e.b.s.j.JwtTokenFilter - ❌ 토큰 없음 또는 유효하지 않음: null
2025-06-27 13:04:59.692 [http-nio-8080-exec-10] [INFO] o.e.b.s.j.JwtTokenFilter - ❌ 토큰 없음 또는 유효하지 않음: null
2025-06-27 13:05:04.692 [http-nio-8080-exec-9] [INFO] o.e.b.s.j.JwtTokenFilter - ❌ 토큰 없음 또는 유효하지 않음: null
2025-06-27 13:05:09.693 [http-nio-8080-exec-1] [INFO] o.e.b.s.j.JwtTokenFilter - ❌ 토큰 없음 또는 유효하지 않음: null
2025-06-27 13:05:14.692 [http-nio-8080-exec-2] [INFO] o.e.b.s.j.JwtTokenFilter - ❌ 토큰 없음 또는 유효하지 않음: null
2025-06-27 13:05:19.692 [http-nio-8080-exec-8] [INFO] o.e.b.s.j.JwtTokenFilter - ❌ 토큰 없음 또는 유효하지 않음: null
2025-06-27 13:05:24.690 [http-nio-8080-exec-5] [INFO] o.e.b.s.j.JwtTokenFilter - ❌ 토큰 없음 또는 유효하지 않음: null
2025-06-27 13:05:29.690 [http-nio-8080-exec-6] [INFO] o.e.b.s.j.JwtTokenFilter - ❌ 토큰 없음 또는 유효하지 않음: null
2025-06-27 13:05:34.690 [http-nio-8080-exec-4] [INFO] o.e.b.s.j.JwtTokenFilter - ❌ 토큰 없음 또는 유효하지 않음: null
2025-06-27 13:05:39.689 [http-nio-8080-exec-7] [INFO] o.e.b.s.j.JwtTokenFilter - ❌ 토큰 없음 또는 유효하지 않음: null
2025-06-27 13:05:44.689 [http-nio-8080-exec-3] [INFO] o.e.b.s.j.JwtTokenFilter - ❌ 토큰 없음 또는 유효하지 않음: null
2025-06-27 13:05:49.688 [http-nio-8080-exec-10] [INFO] o.e.b.s.j.JwtTokenFilter - ❌ 토큰 없음 또는 유효하지 않음: null
2025-06-27 13:05:54.688 [http-nio-8080-exec-9] [INFO] o.e.b.s.j.JwtTokenFilter - ❌ 토큰 없음 또는 유효하지 않음: null
2025-06-27 13:05:59.688 [http-nio-8080-exec-1] [INFO] o.e.b.s.j.JwtTokenFilter - ❌ 토큰 없음 또는 유효하지 않음: null
2025-06-27 13:06:04.688 [http-nio-8080-exec-2] [INFO] o.e.b.s.j.JwtTokenFilter - ❌ 토큰 없음 또는 유효하지 않음: null
2025-06-27 13:06:09.687 [http-nio-8080-exec-8] [INFO] o.e.b.s.j.JwtTokenFilter - ❌ 토큰 없음 또는 유효하지 않음: null
2025-06-27 13:06:14.692 [http-nio-8080-exec-5] [INFO] o.e.b.s.j.JwtTokenFilter - ❌ 토큰 없음 또는 유효하지 않음: null
2025-06-27 13:06:19.689 [http-nio-8080-exec-6] [INFO] o.e.b.s.j.JwtTokenFilter - ❌ 토큰 없음 또는 유효하지 않음: null
2025-06-27 13:06:24.690 [http-nio-8080-exec-4] [INFO] o.e.b.s.j.JwtTokenFilter - ❌ 토큰 없음 또는 유효하지 않음: null
2025-06-27 13:06:29.687 [http-nio-8080-exec-7] [INFO] o.e.b.s.j.JwtTokenFilter - ❌ 토큰 없음 또는 유효하지 않음: null
2025-06-27 13:06:34.685 [http-nio-8080-exec-3] [INFO] o.e.b.s.j.JwtTokenFilter - ❌ 토큰 없음 또는 유효하지 않음: null
2025-06-27 13:06:39.685 [http-nio-8080-exec-10] [INFO] o.e.b.s.j.JwtTokenFilter - ❌ 토큰 없음 또는 유효하지 않음: null
2025-06-27 13:06:44.685 [http-nio-8080-exec-9] [INFO] o.e.b.s.j.JwtTokenFilter - ❌ 토큰 없음 또는 유효하지 않음: null
2025-06-27 13:06:49.684 [http-nio-8080-exec-1] [INFO] o.e.b.s.j.JwtTokenFilter - ❌ 토큰 없음 또는 유효하지 않음: null
2025-06-27 13:06:54.685 [http-nio-8080-exec-2] [INFO] o.e.b.s.j.JwtTokenFilter - ❌ 토큰 없음 또는 유효하지 않음: null
2025-06-27 13:06:59.683 [http-nio-8080-exec-8] [INFO] o.e.b.s.j.JwtTokenFilter - ❌ 토큰 없음 또는 유효하지 않음: null
2025-06-27 13:07:04.684 [http-nio-8080-exec-5] [INFO] o.e.b.s.j.JwtTokenFilter - ❌ 토큰 없음 또는 유효하지 않음: null
2025-06-27 13:07:09.682 [http-nio-8080-exec-6] [INFO] o.e.b.s.j.JwtTokenFilter - ❌ 토큰 없음 또는 유효하지 않음: null
2025-06-27 13:07:14.683 [http-nio-8080-exec-4] [INFO] o.e.b.s.j.JwtTokenFilter - ❌ 토큰 없음 또는 유효하지 않음: null
2025-06-27 13:07:19.683 [http-nio-8080-exec-7] [INFO] o.e.b.s.j.JwtTokenFilter - ❌ 토큰 없음 또는 유효하지 않음: null
2025-06-27 13:07:24.682 [http-nio-8080-exec-3] [INFO] o.e.b.s.j.JwtTokenFilter - ❌ 토큰 없음 또는 유효하지 않음: null
2025-06-27 13:07:29.680 [http-nio-8080-exec-10] [INFO] o.e.b.s.j.JwtTokenFilter - ❌ 토큰 없음 또는 유효하지 않음: null
2025-06-27 13:07:34.682 [http-nio-8080-exec-9] [INFO] o.e.b.s.j.JwtTokenFilter - ❌ 토큰 없음 또는 유효하지 않음: null
2025-06-27 13:07:39.681 [http-nio-8080-exec-1] [INFO] o.e.b.s.j.JwtTokenFilter - ❌ 토큰 없음 또는 유효하지 않음: null
2025-06-27 13:07:44.679 [http-nio-8080-exec-2] [INFO] o.e.b.s.j.JwtTokenFilter - ❌ 토큰 없음 또는 유효하지 않음: null
2025-06-27 13:07:49.680 [http-nio-8080-exec-8] [INFO] o.e.b.s.j.JwtTokenFilter - ❌ 토큰 없음 또는 유효하지 않음: null
2025-06-27 13:07:54.678 [http-nio-8080-exec-5] [INFO] o.e.b.s.j.JwtTokenFilter - ❌ 토큰 없음 또는 유효하지 않음: null
2025-06-27 13:07:59.678 [http-nio-8080-exec-6] [INFO] o.e.b.s.j.JwtTokenFilter - ❌ 토큰 없음 또는 유효하지 않음: null
2025-06-27 13:08:04.681 [http-nio-8080-exec-4] [INFO] o.e.b.s.j.JwtTokenFilter - ❌ 토큰 없음 또는 유효하지 않음: null
2025-06-27 13:08:09.679 [http-nio-8080-exec-7] [INFO] o.e.b.s.j.JwtTokenFilter - ❌ 토큰 없음 또는 유효하지 않음: null
2025-06-27 13:08:14.678 [http-nio-8080-exec-3] [INFO] o.e.b.s.j.JwtTokenFilter - ❌ 토큰 없음 또는 유효하지 않음: null
2025-06-27 13:08:19.677 [http-nio-8080-exec-10] [INFO] o.e.b.s.j.JwtTokenFilter - ❌ 토큰 없음 또는 유효하지 않음: null
2025-06-27 13:08:24.677 [http-nio-8080-exec-9] [INFO] o.e.b.s.j.JwtTokenFilter - ❌ 토큰 없음 또는 유효하지 않음: null
2025-06-27 13:08:29.682 [http-nio-8080-exec-1] [INFO] o.e.b.s.j.JwtTokenFilter - ❌ 토큰 없음 또는 유효하지 않음: null
2025-06-27 13:08:34.675 [http-nio-8080-exec-2] [INFO] o.e.b.s.j.JwtTokenFilter - ❌ 토큰 없음 또는 유효하지 않음: null
2025-06-27 13:08:39.679 [http-nio-8080-exec-8] [INFO] o.e.b.s.j.JwtTokenFilter - ❌ 토큰 없음 또는 유효하지 않음: null
2025-06-27 13:08:44.676 [http-nio-8080-exec-5] [INFO] o.e.b.s.j.JwtTokenFilter - ❌ 토큰 없음 또는 유효하지 않음: null
2025-06-27 13:08:49.675 [http-nio-8080-exec-6] [INFO] o.e.b.s.j.JwtTokenFilter - ❌ 토큰 없음 또는 유효하지 않음: null
2025-06-27 13:08:54.676 [http-nio-8080-exec-4] [INFO] o.e.b.s.j.JwtTokenFilter - ❌ 토큰 없음 또는 유효하지 않음: null
2025-06-27 13:08:59.674 [http-nio-8080-exec-7] [INFO] o.e.b.s.j.JwtTokenFilter - ❌ 토큰 없음 또는 유효하지 않음: null
2025-06-27 13:09:04.674 [http-nio-8080-exec-3] [INFO] o.e.b.s.j.JwtTokenFilter - ❌ 토큰 없음 또는 유효하지 않음: null
2025-06-27 13:09:09.674 [http-nio-8080-exec-10] [INFO] o.e.b.s.j.JwtTokenFilter - ❌ 토큰 없음 또는 유효하지 않음: null
2025-06-27 13:09:14.675 [http-nio-8080-exec-9] [INFO] o.e.b.s.j.JwtTokenFilter - ❌ 토큰 없음 또는 유효하지 않음: null
2025-06-27 13:09:19.673 [http-nio-8080-exec-1] [INFO] o.e.b.s.j.JwtTokenFilter - ❌ 토큰 없음 또는 유효하지 않음: null
2025-06-27 13:09:24.674 [http-nio-8080-exec-2] [INFO] o.e.b.s.j.JwtTokenFilter - ❌ 토큰 없음 또는 유효하지 않음: null
2025-06-27 13:09:29.677 [http-nio-8080-exec-8] [INFO] o.e.b.s.j.JwtTokenFilter - ❌ 토큰 없음 또는 유효하지 않음: null
2025-06-27 13:09:34.673 [http-nio-8080-exec-5] [INFO] o.e.b.s.j.JwtTokenFilter - ❌ 토큰 없음 또는 유효하지 않음: null
2025-06-27 13:09:39.670 [http-nio-8080-exec-6] [INFO] o.e.b.s.j.JwtTokenFilter - ❌ 토큰 없음 또는 유효하지 않음: null
2025-06-27 13:09:44.672 [http-nio-8080-exec-4] [INFO] o.e.b.s.j.JwtTokenFilter - ❌ 토큰 없음 또는 유효하지 않음: null
2025-06-27 13:09:49.675 [http-nio-8080-exec-7] [INFO] o.e.b.s.j.JwtTokenFilter - ❌ 토큰 없음 또는 유효하지 않음: null
2025-06-27 13:09:54.673 [http-nio-8080-exec-3] [INFO] o.e.b.s.j.JwtTokenFilter - ❌ 토큰 없음 또는 유효하지 않음: null
2025-06-27 13:09:59.669 [http-nio-8080-exec-10] [INFO] o.e.b.s.j.JwtTokenFilter - ❌ 토큰 없음 또는 유효하지 않음: null
2025-06-27 13:10:04.670 [http-nio-8080-exec-9] [INFO] o.e.b.s.j.JwtTokenFilter - ❌ 토큰 없음 또는 유효하지 않음: null
2025-06-27 13:10:09.668 [http-nio-8080-exec-1] [INFO] o.e.b.s.j.JwtTokenFilter - ❌ 토큰 없음 또는 유효하지 않음: null
2025-06-27 13:10:14.668 [http-nio-8080-exec-2] [INFO] o.e.b.s.j.JwtTokenFilter - ❌ 토큰 없음 또는 유효하지 않음: null
2025-06-27 13:10:19.669 [http-nio-8080-exec-8] [INFO] o.e.b.s.j.JwtTokenFilter - ❌ 토큰 없음 또는 유효하지 않음: null
2025-06-27 13:10:24.668 [http-nio-8080-exec-5] [INFO] o.e.b.s.j.JwtTokenFilter - ❌ 토큰 없음 또는 유효하지 않음: null
2025-06-27 13:10:29.670 [http-nio-8080-exec-6] [INFO] o.e.b.s.j.JwtTokenFilter - ❌ 토큰 없음 또는 유효하지 않음: null
2025-06-27 13:10:34.667 [http-nio-8080-exec-4] [INFO] o.e.b.s.j.JwtTokenFilter - ❌ 토큰 없음 또는 유효하지 않음: null
2025-06-27 13:10:39.667 [http-nio-8080-exec-7] [INFO] o.e.b.s.j.JwtTokenFilter - ❌ 토큰 없음 또는 유효하지 않음: null
2025-06-27 13:10:44.671 [http-nio-8080-exec-3] [INFO] o.e.b.s.j.JwtTokenFilter - ❌ 토큰 없음 또는 유효하지 않음: null
2025-06-27 13:10:49.667 [http-nio-8080-exec-10] [INFO] o.e.b.s.j.JwtTokenFilter - ❌ 토큰 없음 또는 유효하지 않음: null
2025-06-27 13:10:54.666 [http-nio-8080-exec-9] [INFO] o.e.b.s.j.JwtTokenFilter - ❌ 토큰 없음 또는 유효하지 않음: null
2025-06-27 13:10:59.665 [http-nio-8080-exec-1] [INFO] o.e.b.s.j.JwtTokenFilter - ❌ 토큰 없음 또는 유효하지 않음: null
2025-06-27 13:11:04.665 [http-nio-8080-exec-2] [INFO] o.e.b.s.j.JwtTokenFilter - ❌ 토큰 없음 또는 유효하지 않음: null
2025-06-27 13:11:09.665 [http-nio-8080-exec-8] [INFO] o.e.b.s.j.JwtTokenFilter - ❌ 토큰 없음 또는 유효하지 않음: null
2025-06-27 13:11:14.664 [http-nio-8080-exec-5] [INFO] o.e.b.s.j.JwtTokenFilter - ❌ 토큰 없음 또는 유효하지 않음: null
2025-06-27 13:11:19.665 [http-nio-8080-exec-6] [INFO] o.e.b.s.j.JwtTokenFilter - ❌ 토큰 없음 또는 유효하지 않음: null
2025-06-27 13:11:24.664 [http-nio-8080-exec-4] [INFO] o.e.b.s.j.JwtTokenFilter - ❌ 토큰 없음 또는 유효하지 않음: null
2025-06-27 13:11:29.664 [http-nio-8080-exec-7] [INFO] o.e.b.s.j.JwtTokenFilter - ❌ 토큰 없음 또는 유효하지 않음: null
2025-06-27 13:11:34.662 [http-nio-8080-exec-3] [INFO] o.e.b.s.j.JwtTokenFilter - ❌ 토큰 없음 또는 유효하지 않음: null
2025-06-27 13:11:39.663 [http-nio-8080-exec-10] [INFO] o.e.b.s.j.JwtTokenFilter - ❌ 토큰 없음 또는 유효하지 않음: null
2025-06-27 13:11:44.662 [http-nio-8080-exec-9] [INFO] o.e.b.s.j.JwtTokenFilter - ❌ 토큰 없음 또는 유효하지 않음: null
2025-06-27 13:11:49.662 [http-nio-8080-exec-1] [INFO] o.e.b.s.j.JwtTokenFilter - ❌ 토큰 없음 또는 유효하지 않음: null
2025-06-27 13:11:54.662 [http-nio-8080-exec-2] [INFO] o.e.b.s.j.JwtTokenFilter - ❌ 토큰 없음 또는 유효하지 않음: null
2025-06-27 13:11:59.661 [http-nio-8080-exec-8] [INFO] o.e.b.s.j.JwtTokenFilter - ❌ 토큰 없음 또는 유효하지 않음: null
2025-06-27 13:12:04.660 [http-nio-8080-exec-5] [INFO] o.e.b.s.j.JwtTokenFilter - ❌ 토큰 없음 또는 유효하지 않음: null
2025-06-27 13:12:09.662 [http-nio-8080-exec-6] [INFO] o.e.b.s.j.JwtTokenFilter - ❌ 토큰 없음 또는 유효하지 않음: null
2025-06-27 13:12:14.662 [http-nio-8080-exec-4] [INFO] o.e.b.s.j.JwtTokenFilter - ❌ 토큰 없음 또는 유효하지 않음: null
2025-06-27 13:12:19.661 [http-nio-8080-exec-7] [INFO] o.e.b.s.j.JwtTokenFilter - ❌ 토큰 없음 또는 유효하지 않음: null
2025-06-27 13:12:24.659 [http-nio-8080-exec-3] [INFO] o.e.b.s.j.JwtTokenFilter - ❌ 토큰 없음 또는 유효하지 않음: null
2025-06-27 13:12:29.660 [http-nio-8080-exec-10] [INFO] o.e.b.s.j.JwtTokenFilter - ❌ 토큰 없음 또는 유효하지 않음: null
2025-06-27 13:12:34.659 [http-nio-8080-exec-9] [INFO] o.e.b.s.j.JwtTokenFilter - ❌ 토큰 없음 또는 유효하지 않음: null
2025-06-27 13:12:39.658 [http-nio-8080-exec-1] [INFO] o.e.b.s.j.JwtTokenFilter - ❌ 토큰 없음 또는 유효하지 않음: null
2025-06-27 13:12:44.660 [http-nio-8080-exec-2] [INFO] o.e.b.s.j.JwtTokenFilter - ❌ 토큰 없음 또는 유효하지 않음: null
2025-06-27 13:12:49.658 [http-nio-8080-exec-8] [INFO] o.e.b.s.j.JwtTokenFilter - ❌ 토큰 없음 또는 유효하지 않음: null
2025-06-27 13:12:54.660 [http-nio-8080-exec-5] [INFO] o.e.b.s.j.JwtTokenFilter - ❌ 토큰 없음 또는 유효하지 않음: null
2025-06-27 13:12:59.658 [http-nio-8080-exec-6] [INFO] o.e.b.s.j.JwtTokenFilter - ❌ 토큰 없음 또는 유효하지 않음: null
2025-06-27 13:13:04.657 [http-nio-8080-exec-4] [INFO] o.e.b.s.j.JwtTokenFilter - ❌ 토큰 없음 또는 유효하지 않음: null
2025-06-27 13:13:09.676 [http-nio-8080-exec-7] [INFO] o.e.b.s.j.JwtTokenFilter - ❌ 토큰 없음 또는 유효하지 않음: null
2025-06-27 13:13:14.656 [http-nio-8080-exec-3] [INFO] o.e.b.s.j.JwtTokenFilter - ❌ 토큰 없음 또는 유효하지 않음: null
2025-06-27 13:13:19.656 [http-nio-8080-exec-10] [INFO] o.e.b.s.j.JwtTokenFilter - ❌ 토큰 없음 또는 유효하지 않음: null
2025-06-27 13:13:24.656 [http-nio-8080-exec-9] [INFO] o.e.b.s.j.JwtTokenFilter - ❌ 토큰 없음 또는 유효하지 않음: null
2025-06-27 13:13:29.656 [http-nio-8080-exec-1] [INFO] o.e.b.s.j.JwtTokenFilter - ❌ 토큰 없음 또는 유효하지 않음: null
2025-06-27 13:13:34.655 [http-nio-8080-exec-2] [INFO] o.e.b.s.j.JwtTokenFilter - ❌ 토큰 없음 또는 유효하지 않음: null
2025-06-27 13:13:39.654 [http-nio-8080-exec-8] [INFO] o.e.b.s.j.JwtTokenFilter - ❌ 토큰 없음 또는 유효하지 않음: null
2025-06-27 13:13:44.653 [http-nio-8080-exec-5] [INFO] o.e.b.s.j.JwtTokenFilter - ❌ 토큰 없음 또는 유효하지 않음: null
2025-06-27 13:13:49.653 [http-nio-8080-exec-6] [INFO] o.e.b.s.j.JwtTokenFilter - ❌ 토큰 없음 또는 유효하지 않음: null
2025-06-27 13:13:54.652 [http-nio-8080-exec-4] [INFO] o.e.b.s.j.JwtTokenFilter - ❌ 토큰 없음 또는 유효하지 않음: null
2025-06-27 13:13:59.653 [http-nio-8080-exec-7] [INFO] o.e.b.s.j.JwtTokenFilter - ❌ 토큰 없음 또는 유효하지 않음: null
2025-06-27 13:14:04.653 [http-nio-8080-exec-3] [INFO] o.e.b.s.j.JwtTokenFilter - ❌ 토큰 없음 또는 유효하지 않음: null
2025-06-27 13:14:09.653 [http-nio-8080-exec-10] [INFO] o.e.b.s.j.JwtTokenFilter - ❌ 토큰 없음 또는 유효하지 않음: null
2025-06-27 13:14:14.655 [http-nio-8080-exec-9] [INFO] o.e.b.s.j.JwtTokenFilter - ❌ 토큰 없음 또는 유효하지 않음: null
2025-06-27 13:14:19.650 [http-nio-8080-exec-1] [INFO] o.e.b.s.j.JwtTokenFilter - ❌ 토큰 없음 또는 유효하지 않음: null
2025-06-27 13:14:24.650 [http-nio-8080-exec-2] [INFO] o.e.b.s.j.JwtTokenFilter - ❌ 토큰 없음 또는 유효하지 않음: null
2025-06-27 13:14:29.652 [http-nio-8080-exec-8] [INFO] o.e.b.s.j.JwtTokenFilter - ❌ 토큰 없음 또는 유효하지 않음: null
2025-06-27 13:14:34.651 [http-nio-8080-exec-5] [INFO] o.e.b.s.j.JwtTokenFilter - ❌ 토큰 없음 또는 유효하지 않음: null
2025-06-27 13:14:39.649 [http-nio-8080-exec-6] [INFO] o.e.b.s.j.JwtTokenFilter - ❌ 토큰 없음 또는 유효하지 않음: null
2025-06-27 13:14:44.649 [http-nio-8080-exec-4] [INFO] o.e.b.s.j.JwtTokenFilter - ❌ 토큰 없음 또는 유효하지 않음: null
2025-06-27 13:14:49.652 [http-nio-8080-exec-7] [INFO] o.e.b.s.j.JwtTokenFilter - ❌ 토큰 없음 또는 유효하지 않음: null
2025-06-27 13:14:54.649 [http-nio-8080-exec-3] [INFO] o.e.b.s.j.JwtTokenFilter - ❌ 토큰 없음 또는 유효하지 않음: null
2025-06-27 13:14:59.648 [http-nio-8080-exec-10] [INFO] o.e.b.s.j.JwtTokenFilter - ❌ 토큰 없음 또는 유효하지 않음: null
2025-06-27 13:15:04.648 [http-nio-8080-exec-9] [INFO] o.e.b.s.j.JwtTokenFilter - ❌ 토큰 없음 또는 유효하지 않음: null
2025-06-27 13:15:09.648 [http-nio-8080-exec-1] [INFO] o.e.b.s.j.JwtTokenFilter - ❌ 토큰 없음 또는 유효하지 않음: null
2025-06-27 13:15:14.648 [http-nio-8080-exec-2] [INFO] o.e.b.s.j.JwtTokenFilter - ❌ 토큰 없음 또는 유효하지 않음: null
2025-06-27 13:15:19.650 [http-nio-8080-exec-8] [INFO] o.e.b.s.j.JwtTokenFilter - ❌ 토큰 없음 또는 유효하지 않음: null
2025-06-27 13:15:24.649 [http-nio-8080-exec-5] [INFO] o.e.b.s.j.JwtTokenFilter - ❌ 토큰 없음 또는 유효하지 않음: null
2025-06-27 13:15:29.647 [http-nio-8080-exec-6] [INFO] o.e.b.s.j.JwtTokenFilter - ❌ 토큰 없음 또는 유효하지 않음: null
2025-06-27 13:15:34.647 [http-nio-8080-exec-4] [INFO] o.e.b.s.j.JwtTokenFilter - ❌ 토큰 없음 또는 유효하지 않음: null
2025-06-27 13:15:39.645 [http-nio-8080-exec-7] [INFO] o.e.b.s.j.JwtTokenFilter - ❌ 토큰 없음 또는 유효하지 않음: null
2025-06-27 13:15:44.644 [http-nio-8080-exec-3] [INFO] o.e.b.s.j.JwtTokenFilter - ❌ 토큰 없음 또는 유효하지 않음: null
2025-06-27 13:15:49.645 [http-nio-8080-exec-10] [INFO] o.e.b.s.j.JwtTokenFilter - ❌ 토큰 없음 또는 유효하지 않음: null
2025-06-27 13:15:54.644 [http-nio-8080-exec-9] [INFO] o.e.b.s.j.JwtTokenFilter - ❌ 토큰 없음 또는 유효하지 않음: null
2025-06-27 13:15:59.644 [http-nio-8080-exec-1] [INFO] o.e.b.s.j.JwtTokenFilter - ❌ 토큰 없음 또는 유효하지 않음: null
2025-06-27 13:16:04.648 [http-nio-8080-exec-2] [INFO] o.e.b.s.j.JwtTokenFilter - ❌ 토큰 없음 또는 유효하지 않음: null
2025-06-27 13:16:09.645 [http-nio-8080-exec-8] [INFO] o.e.b.s.j.JwtTokenFilter - ❌ 토큰 없음 또는 유효하지 않음: null
2025-06-27 13:16:14.648 [http-nio-8080-exec-5] [INFO] o.e.b.s.j.JwtTokenFilter - ❌ 토큰 없음 또는 유효하지 않음: null
2025-06-27 13:16:19.644 [http-nio-8080-exec-6] [INFO] o.e.b.s.j.JwtTokenFilter - ❌ 토큰 없음 또는 유효하지 않음: null
2025-06-27 13:16:24.642 [http-nio-8080-exec-4] [INFO] o.e.b.s.j.JwtTokenFilter - ❌ 토큰 없음 또는 유효하지 않음: null
2025-06-27 13:16:29.643 [http-nio-8080-exec-7] [INFO] o.e.b.s.j.JwtTokenFilter - ❌ 토큰 없음 또는 유효하지 않음: null
2025-06-27 13:16:34.642 [http-nio-8080-exec-3] [INFO] o.e.b.s.j.JwtTokenFilter - ❌ 토큰 없음 또는 유효하지 않음: null
2025-06-27 13:16:39.642 [http-nio-8080-exec-10] [INFO] o.e.b.s.j.JwtTokenFilter - ❌ 토큰 없음 또는 유효하지 않음: null
2025-06-27 13:16:44.640 [http-nio-8080-exec-9] [INFO] o.e.b.s.j.JwtTokenFilter - ❌ 토큰 없음 또는 유효하지 않음: null
2025-06-27 13:16:49.641 [http-nio-8080-exec-1] [INFO] o.e.b.s.j.JwtTokenFilter - ❌ 토큰 없음 또는 유효하지 않음: null
2025-06-27 13:16:54.647 [http-nio-8080-exec-2] [INFO] o.e.b.s.j.JwtTokenFilter - ❌ 토큰 없음 또는 유효하지 않음: null
2025-06-27 13:16:59.641 [http-nio-8080-exec-8] [INFO] o.e.b.s.j.JwtTokenFilter - ❌ 토큰 없음 또는 유효하지 않음: null
2025-06-27 13:17:04.640 [http-nio-8080-exec-5] [INFO] o.e.b.s.j.JwtTokenFilter - ❌ 토큰 없음 또는 유효하지 않음: null
2025-06-27 13:17:09.640 [http-nio-8080-exec-6] [INFO] o.e.b.s.j.JwtTokenFilter - ❌ 토큰 없음 또는 유효하지 않음: null
2025-06-27 13:17:14.643 [http-nio-8080-exec-4] [INFO] o.e.b.s.j.JwtTokenFilter - ❌ 토큰 없음 또는 유효하지 않음: null
2025-06-27 13:17:19.644 [http-nio-8080-exec-7] [INFO] o.e.b.s.j.JwtTokenFilter - ❌ 토큰 없음 또는 유효하지 않음: null
2025-06-27 13:17:24.638 [http-nio-8080-exec-3] [INFO] o.e.b.s.j.JwtTokenFilter - ❌ 토큰 없음 또는 유효하지 않음: null
2025-06-27 13:17:29.637 [http-nio-8080-exec-10] [INFO] o.e.b.s.j.JwtTokenFilter - ❌ 토큰 없음 또는 유효하지 않음: null
2025-06-27 13:17:34.637 [http-nio-8080-exec-9] [INFO] o.e.b.s.j.JwtTokenFilter - ❌ 토큰 없음 또는 유효하지 않음: null
2025-06-27 13:17:39.636 [http-nio-8080-exec-1] [INFO] o.e.b.s.j.JwtTokenFilter - ❌ 토큰 없음 또는 유효하지 않음: null
2025-06-27 13:17:44.636 [http-nio-8080-exec-2] [INFO] o.e.b.s.j.JwtTokenFilter - ❌ 토큰 없음 또는 유효하지 않음: null
2025-06-27 13:17:49.637 [http-nio-8080-exec-8] [INFO] o.e.b.s.j.JwtTokenFilter - ❌ 토큰 없음 또는 유효하지 않음: null
2025-06-27 13:17:54.636 [http-nio-8080-exec-5] [INFO] o.e.b.s.j.JwtTokenFilter - ❌ 토큰 없음 또는 유효하지 않음: null
2025-06-27 13:17:59.635 [http-nio-8080-exec-6] [INFO] o.e.b.s.j.JwtTokenFilter - ❌ 토큰 없음 또는 유효하지 않음: null
2025-06-27 13:18:04.637 [http-nio-8080-exec-4] [INFO] o.e.b.s.j.JwtTokenFilter - ❌ 토큰 없음 또는 유효하지 않음: null
2025-06-27 13:18:09.634 [http-nio-8080-exec-7] [INFO] o.e.b.s.j.JwtTokenFilter - ❌ 토큰 없음 또는 유효하지 않음: null
2025-06-27 13:18:14.633 [http-nio-8080-exec-3] [INFO] o.e.b.s.j.JwtTokenFilter - ❌ 토큰 없음 또는 유효하지 않음: null
2025-06-27 13:18:19.634 [http-nio-8080-exec-10] [INFO] o.e.b.s.j.JwtTokenFilter - ❌ 토큰 없음 또는 유효하지 않음: null
2025-06-27 13:18:24.634 [http-nio-8080-exec-9] [INFO] o.e.b.s.j.JwtTokenFilter - ❌ 토큰 없음 또는 유효하지 않음: null
2025-06-27 13:18:29.634 [http-nio-8080-exec-1] [INFO] o.e.b.s.j.JwtTokenFilter - ❌ 토큰 없음 또는 유효하지 않음: null
2025-06-27 13:18:34.632 [http-nio-8080-exec-2] [INFO] o.e.b.s.j.JwtTokenFilter - ❌ 토큰 없음 또는 유효하지 않음: null
2025-06-27 13:18:39.633 [http-nio-8080-exec-8] [INFO] o.e.b.s.j.JwtTokenFilter - ❌ 토큰 없음 또는 유효하지 않음: null
2025-06-27 13:18:44.634 [http-nio-8080-exec-5] [INFO] o.e.b.s.j.JwtTokenFilter - ❌ 토큰 없음 또는 유효하지 않음: null
2025-06-27 13:18:49.631 [http-nio-8080-exec-6] [INFO] o.e.b.s.j.JwtTokenFilter - ❌ 토큰 없음 또는 유효하지 않음: null
2025-06-27 13:18:54.631 [http-nio-8080-exec-4] [INFO] o.e.b.s.j.JwtTokenFilter - ❌ 토큰 없음 또는 유효하지 않음: null
2025-06-27 13:18:59.632 [http-nio-8080-exec-7] [INFO] o.e.b.s.j.JwtTokenFilter - ❌ 토큰 없음 또는 유효하지 않음: null
2025-06-27 13:19:04.635 [http-nio-8080-exec-3] [INFO] o.e.b.s.j.JwtTokenFilter - ❌ 토큰 없음 또는 유효하지 않음: null
2025-06-27 13:19:09.630 [http-nio-8080-exec-10] [INFO] o.e.b.s.j.JwtTokenFilter - ❌ 토큰 없음 또는 유효하지 않음: null
2025-06-27 13:19:14.631 [http-nio-8080-exec-9] [INFO] o.e.b.s.j.JwtTokenFilter - ❌ 토큰 없음 또는 유효하지 않음: null
2025-06-27 13:19:19.630 [http-nio-8080-exec-1] [INFO] o.e.b.s.j.JwtTokenFilter - ❌ 토큰 없음 또는 유효하지 않음: null
2025-06-27 13:19:24.627 [http-nio-8080-exec-2] [INFO] o.e.b.s.j.JwtTokenFilter - ❌ 토큰 없음 또는 유효하지 않음: null
2025-06-27 13:19:29.627 [http-nio-8080-exec-8] [INFO] o.e.b.s.j.JwtTokenFilter - ❌ 토큰 없음 또는 유효하지 않음: null
2025-06-27 13:19:34.628 [http-nio-8080-exec-5] [INFO] o.e.b.s.j.JwtTokenFilter - ❌ 토큰 없음 또는 유효하지 않음: null
2025-06-27 13:19:39.626 [http-nio-8080-exec-6] [INFO] o.e.b.s.j.JwtTokenFilter - ❌ 토큰 없음 또는 유효하지 않음: null
2025-06-27 13:19:44.626 [http-nio-8080-exec-4] [INFO] o.e.b.s.j.JwtTokenFilter - ❌ 토큰 없음 또는 유효하지 않음: null
2025-06-27 13:19:49.627 [http-nio-8080-exec-7] [INFO] o.e.b.s.j.JwtTokenFilter - ❌ 토큰 없음 또는 유효하지 않음: null
2025-06-27 13:19:54.626 [http-nio-8080-exec-3] [INFO] o.e.b.s.j.JwtTokenFilter - ❌ 토큰 없음 또는 유효하지 않음: null
2025-06-27 13:19:59.626 [http-nio-8080-exec-10] [INFO] o.e.b.s.j.JwtTokenFilter - ❌ 토큰 없음 또는 유효하지 않음: null
2025-06-27 13:20:04.624 [http-nio-8080-exec-9] [INFO] o.e.b.s.j.JwtTokenFilter - ❌ 토큰 없음 또는 유효하지 않음: null
2025-06-27 13:20:09.624 [http-nio-8080-exec-1] [INFO] o.e.b.s.j.JwtTokenFilter - ❌ 토큰 없음 또는 유효하지 않음: null
2025-06-27 13:20:14.625 [http-nio-8080-exec-2] [INFO] o.e.b.s.j.JwtTokenFilter - ❌ 토큰 없음 또는 유효하지 않음: null
2025-06-27 13:20:19.628 [http-nio-8080-exec-8] [INFO] o.e.b.s.j.JwtTokenFilter - ❌ 토큰 없음 또는 유효하지 않음: null
2025-06-27 13:20:24.624 [http-nio-8080-exec-5] [INFO] o.e.b.s.j.JwtTokenFilter - ❌ 토큰 없음 또는 유효하지 않음: null
2025-06-27 13:20:29.625 [http-nio-8080-exec-6] [INFO] o.e.b.s.j.JwtTokenFilter - ❌ 토큰 없음 또는 유효하지 않음: null
2025-06-27 13:20:34.624 [http-nio-8080-exec-4] [INFO] o.e.b.s.j.JwtTokenFilter - ❌ 토큰 없음 또는 유효하지 않음: null
2025-06-27 13:20:39.628 [http-nio-8080-exec-7] [INFO] o.e.b.s.j.JwtTokenFilter - ❌ 토큰 없음 또는 유효하지 않음: null
2025-06-27 13:20:44.623 [http-nio-8080-exec-3] [INFO] o.e.b.s.j.JwtTokenFilter - ❌ 토큰 없음 또는 유효하지 않음: null
2025-06-27 13:20:49.623 [http-nio-8080-exec-10] [INFO] o.e.b.s.j.JwtTokenFilter - ❌ 토큰 없음 또는 유효하지 않음: null
2025-06-27 13:20:54.623 [http-nio-8080-exec-9] [INFO] o.e.b.s.j.JwtTokenFilter - ❌ 토큰 없음 또는 유효하지 않음: null
2025-06-27 13:20:59.622 [http-nio-8080-exec-1] [INFO] o.e.b.s.j.JwtTokenFilter - ❌ 토큰 없음 또는 유효하지 않음: null
2025-06-27 13:21:04.625 [http-nio-8080-exec-2] [INFO] o.e.b.s.j.JwtTokenFilter - ❌ 토큰 없음 또는 유효하지 않음: null
2025-06-27 13:21:09.622 [http-nio-8080-exec-8] [INFO] o.e.b.s.j.JwtTokenFilter - ❌ 토큰 없음 또는 유효하지 않음: null
2025-06-27 13:21:14.623 [http-nio-8080-exec-5] [INFO] o.e.b.s.j.JwtTokenFilter - ❌ 토큰 없음 또는 유효하지 않음: null
2025-06-27 13:21:19.622 [http-nio-8080-exec-6] [INFO] o.e.b.s.j.JwtTokenFilter - ❌ 토큰 없음 또는 유효하지 않음: null
2025-06-27 13:21:24.621 [http-nio-8080-exec-4] [INFO] o.e.b.s.j.JwtTokenFilter - ❌ 토큰 없음 또는 유효하지 않음: null
2025-06-27 13:21:29.645 [http-nio-8080-exec-7] [INFO] o.e.b.s.j.JwtTokenFilter - ❌ 토큰 없음 또는 유효하지 않음: null
2025-06-27 13:21:34.620 [http-nio-8080-exec-3] [INFO] o.e.b.s.j.JwtTokenFilter - ❌ 토큰 없음 또는 유효하지 않음: null
2025-06-27 13:21:39.619 [http-nio-8080-exec-10] [INFO] o.e.b.s.j.JwtTokenFilter - ❌ 토큰 없음 또는 유효하지 않음: null
2025-06-27 13:21:44.620 [http-nio-8080-exec-9] [INFO] o.e.b.s.j.JwtTokenFilter - ❌ 토큰 없음 또는 유효하지 않음: null
2025-06-27 13:21:49.620 [http-nio-8080-exec-1] [INFO] o.e.b.s.j.JwtTokenFilter - ❌ 토큰 없음 또는 유효하지 않음: null
2025-06-27 13:21:54.618 [http-nio-8080-exec-2] [INFO] o.e.b.s.j.JwtTokenFilter - ❌ 토큰 없음 또는 유효하지 않음: null
2025-06-27 13:21:59.619 [http-nio-8080-exec-8] [INFO] o.e.b.s.j.JwtTokenFilter - ❌ 토큰 없음 또는 유효하지 않음: null
2025-06-27 13:22:04.617 [http-nio-8080-exec-5] [INFO] o.e.b.s.j.JwtTokenFilter - ❌ 토큰 없음 또는 유효하지 않음: null
2025-06-27 13:22:09.618 [http-nio-8080-exec-6] [INFO] o.e.b.s.j.JwtTokenFilter - ❌ 토큰 없음 또는 유효하지 않음: null
2025-06-27 13:22:14.616 [http-nio-8080-exec-4] [INFO] o.e.b.s.j.JwtTokenFilter - ❌ 토큰 없음 또는 유효하지 않음: null
2025-06-27 13:22:19.619 [http-nio-8080-exec-7] [INFO] o.e.b.s.j.JwtTokenFilter - ❌ 토큰 없음 또는 유효하지 않음: null
2025-06-27 13:22:24.616 [http-nio-8080-exec-3] [INFO] o.e.b.s.j.JwtTokenFilter - ❌ 토큰 없음 또는 유효하지 않음: null
2025-06-27 13:22:29.615 [http-nio-8080-exec-10] [INFO] o.e.b.s.j.JwtTokenFilter - ❌ 토큰 없음 또는 유효하지 않음: null
2025-06-27 13:22:34.616 [http-nio-8080-exec-9] [INFO] o.e.b.s.j.JwtTokenFilter - ❌ 토큰 없음 또는 유효하지 않음: null
2025-06-27 13:22:39.615 [http-nio-8080-exec-1] [INFO] o.e.b.s.j.JwtTokenFilter - ❌ 토큰 없음 또는 유효하지 않음: null
2025-06-27 13:22:44.616 [http-nio-8080-exec-2] [INFO] o.e.b.s.j.JwtTokenFilter - ❌ 토큰 없음 또는 유효하지 않음: null
2025-06-27 13:22:49.615 [http-nio-8080-exec-8] [INFO] o.e.b.s.j.JwtTokenFilter - ❌ 토큰 없음 또는 유효하지 않음: null
2025-06-27 13:22:54.616 [http-nio-8080-exec-5] [INFO] o.e.b.s.j.JwtTokenFilter - ❌ 토큰 없음 또는 유효하지 않음: null
2025-06-27 13:22:59.615 [http-nio-8080-exec-6] [INFO] o.e.b.s.j.JwtTokenFilter - ❌ 토큰 없음 또는 유효하지 않음: null
2025-06-27 13:23:04.615 [http-nio-8080-exec-4] [INFO] o.e.b.s.j.JwtTokenFilter - ❌ 토큰 없음 또는 유효하지 않음: null
2025-06-27 13:23:09.614 [http-nio-8080-exec-7] [INFO] o.e.b.s.j.JwtTokenFilter - ❌ 토큰 없음 또는 유효하지 않음: null
2025-06-27 13:23:14.614 [http-nio-8080-exec-3] [INFO] o.e.b.s.j.JwtTokenFilter - ❌ 토큰 없음 또는 유효하지 않음: null
2025-06-27 13:23:19.614 [http-nio-8080-exec-10] [INFO] o.e.b.s.j.JwtTokenFilter - ❌ 토큰 없음 또는 유효하지 않음: null
2025-06-27 13:23:24.613 [http-nio-8080-exec-9] [INFO] o.e.b.s.j.JwtTokenFilter - ❌ 토큰 없음 또는 유효하지 않음: null
2025-06-27 13:23:29.614 [http-nio-8080-exec-1] [INFO] o.e.b.s.j.JwtTokenFilter - ❌ 토큰 없음 또는 유효하지 않음: null
2025-06-27 13:23:34.617 [http-nio-8080-exec-2] [INFO] o.e.b.s.j.JwtTokenFilter - ❌ 토큰 없음 또는 유효하지 않음: null
2025-06-27 13:23:39.612 [http-nio-8080-exec-8] [INFO] o.e.b.s.j.JwtTokenFilter - ❌ 토큰 없음 또는 유효하지 않음: null
2025-06-27 13:23:44.610 [http-nio-8080-exec-5] [INFO] o.e.b.s.j.JwtTokenFilter - ❌ 토큰 없음 또는 유효하지 않음: null
2025-06-27 13:23:49.611 [http-nio-8080-exec-6] [INFO] o.e.b.s.j.JwtTokenFilter - ❌ 토큰 없음 또는 유효하지 않음: null
2025-06-27 13:23:54.611 [http-nio-8080-exec-4] [INFO] o.e.b.s.j.JwtTokenFilter - ❌ 토큰 없음 또는 유효하지 않음: null
2025-06-27 13:23:59.611 [http-nio-8080-exec-7] [INFO] o.e.b.s.j.JwtTokenFilter - ❌ 토큰 없음 또는 유효하지 않음: null
2025-06-27 13:24:04.609 [http-nio-8080-exec-3] [INFO] o.e.b.s.j.JwtTokenFilter - ❌ 토큰 없음 또는 유효하지 않음: null
2025-06-27 13:24:09.610 [http-nio-8080-exec-10] [INFO] o.e.b.s.j.JwtTokenFilter - ❌ 토큰 없음 또는 유효하지 않음: null
2025-06-27 13:24:14.609 [http-nio-8080-exec-9] [INFO] o.e.b.s.j.JwtTokenFilter - ❌ 토큰 없음 또는 유효하지 않음: null
2025-06-27 13:24:19.610 [http-nio-8080-exec-1] [INFO] o.e.b.s.j.JwtTokenFilter - ❌ 토큰 없음 또는 유효하지 않음: null
2025-06-27 13:24:24.607 [http-nio-8080-exec-2] [INFO] o.e.b.s.j.JwtTokenFilter - ❌ 토큰 없음 또는 유효하지 않음: null
2025-06-27 13:24:29.608 [http-nio-8080-exec-8] [INFO] o.e.b.s.j.JwtTokenFilter - ❌ 토큰 없음 또는 유효하지 않음: null
2025-06-27 13:24:34.607 [http-nio-8080-exec-5] [INFO] o.e.b.s.j.JwtTokenFilter - ❌ 토큰 없음 또는 유효하지 않음: null
2025-06-27 13:24:39.607 [http-nio-8080-exec-6] [INFO] o.e.b.s.j.JwtTokenFilter - ❌ 토큰 없음 또는 유효하지 않음: null
2025-06-27 13:24:44.609 [http-nio-8080-exec-4] [INFO] o.e.b.s.j.JwtTokenFilter - ❌ 토큰 없음 또는 유효하지 않음: null
2025-06-27 13:24:49.609 [http-nio-8080-exec-7] [INFO] o.e.b.s.j.JwtTokenFilter - ❌ 토큰 없음 또는 유효하지 않음: null
2025-06-27 13:24:54.607 [http-nio-8080-exec-3] [INFO] o.e.b.s.j.JwtTokenFilter - ❌ 토큰 없음 또는 유효하지 않음: null
2025-06-27 13:24:59.607 [http-nio-8080-exec-10] [INFO] o.e.b.s.j.JwtTokenFilter - ❌ 토큰 없음 또는 유효하지 않음: null
2025-06-27 13:25:04.609 [http-nio-8080-exec-9] [INFO] o.e.b.s.j.JwtTokenFilter - ❌ 토큰 없음 또는 유효하지 않음: null
2025-06-27 13:25:09.605 [http-nio-8080-exec-1] [INFO] o.e.b.s.j.JwtTokenFilter - ❌ 토큰 없음 또는 유효하지 않음: null
2025-06-27 13:25:14.605 [http-nio-8080-exec-2] [INFO] o.e.b.s.j.JwtTokenFilter - ❌ 토큰 없음 또는 유효하지 않음: null
2025-06-27 13:25:19.605 [http-nio-8080-exec-8] [INFO] o.e.b.s.j.JwtTokenFilter - ❌ 토큰 없음 또는 유효하지 않음: null
2025-06-27 13:25:24.608 [http-nio-8080-exec-5] [INFO] o.e.b.s.j.JwtTokenFilter - ❌ 토큰 없음 또는 유효하지 않음: null
2025-06-27 13:25:29.604 [http-nio-8080-exec-6] [INFO] o.e.b.s.j.JwtTokenFilter - ❌ 토큰 없음 또는 유효하지 않음: null
2025-06-27 13:25:34.606 [http-nio-8080-exec-4] [INFO] o.e.b.s.j.JwtTokenFilter - ❌ 토큰 없음 또는 유효하지 않음: null
2025-06-27 13:25:39.602 [http-nio-8080-exec-7] [INFO] o.e.b.s.j.JwtTokenFilter - ❌ 토큰 없음 또는 유효하지 않음: null
2025-06-27 13:25:44.602 [http-nio-8080-exec-3] [INFO] o.e.b.s.j.JwtTokenFilter - ❌ 토큰 없음 또는 유효하지 않음: null
2025-06-27 13:25:49.604 [http-nio-8080-exec-10] [INFO] o.e.b.s.j.JwtTokenFilter - ❌ 토큰 없음 또는 유효하지 않음: null
2025-06-27 13:25:54.603 [http-nio-8080-exec-9] [INFO] o.e.b.s.j.JwtTokenFilter - ❌ 토큰 없음 또는 유효하지 않음: null
2025-06-27 13:25:59.601 [http-nio-8080-exec-1] [INFO] o.e.b.s.j.JwtTokenFilter - ❌ 토큰 없음 또는 유효하지 않음: null
2025-06-27 13:26:04.602 [http-nio-8080-exec-2] [INFO] o.e.b.s.j.JwtTokenFilter - ❌ 토큰 없음 또는 유효하지 않음: null
2025-06-27 13:26:09.602 [http-nio-8080-exec-8] [INFO] o.e.b.s.j.JwtTokenFilter - ❌ 토큰 없음 또는 유효하지 않음: null
2025-06-27 13:26:14.601 [http-nio-8080-exec-5] [INFO] o.e.b.s.j.JwtTokenFilter - ❌ 토큰 없음 또는 유효하지 않음: null
2025-06-27 13:26:19.601 [http-nio-8080-exec-6] [INFO] o.e.b.s.j.JwtTokenFilter - ❌ 토큰 없음 또는 유효하지 않음: null
2025-06-27 13:26:24.600 [http-nio-8080-exec-4] [INFO] o.e.b.s.j.JwtTokenFilter - ❌ 토큰 없음 또는 유효하지 않음: null
2025-06-27 13:26:29.600 [http-nio-8080-exec-7] [INFO] o.e.b.s.j.JwtTokenFilter - ❌ 토큰 없음 또는 유효하지 않음: null
2025-06-27 13:26:34.600 [http-nio-8080-exec-3] [INFO] o.e.b.s.j.JwtTokenFilter - ❌ 토큰 없음 또는 유효하지 않음: null
2025-06-27 13:26:39.600 [http-nio-8080-exec-10] [INFO] o.e.b.s.j.JwtTokenFilter - ❌ 토큰 없음 또는 유효하지 않음: null
2025-06-27 13:26:44.599 [http-nio-8080-exec-9] [INFO] o.e.b.s.j.JwtTokenFilter - ❌ 토큰 없음 또는 유효하지 않음: null
2025-06-27 13:26:49.599 [http-nio-8080-exec-1] [INFO] o.e.b.s.j.JwtTokenFilter - ❌ 토큰 없음 또는 유효하지 않음: null
2025-06-27 13:26:54.600 [http-nio-8080-exec-2] [INFO] o.e.b.s.j.JwtTokenFilter - ❌ 토큰 없음 또는 유효하지 않음: null
2025-06-27 13:26:59.599 [http-nio-8080-exec-8] [INFO] o.e.b.s.j.JwtTokenFilter - ❌ 토큰 없음 또는 유효하지 않음: null
2025-06-27 13:27:04.598 [http-nio-8080-exec-5] [INFO] o.e.b.s.j.JwtTokenFilter - ❌ 토큰 없음 또는 유효하지 않음: null
2025-06-27 13:27:09.598 [http-nio-8080-exec-6] [INFO] o.e.b.s.j.JwtTokenFilter - ❌ 토큰 없음 또는 유효하지 않음: null
2025-06-27 13:27:14.598 [http-nio-8080-exec-4] [INFO] o.e.b.s.j.JwtTokenFilter - ❌ 토큰 없음 또는 유효하지 않음: null
2025-06-27 13:27:19.597 [http-nio-8080-exec-7] [INFO] o.e.b.s.j.JwtTokenFilter - ❌ 토큰 없음 또는 유효하지 않음: null
2025-06-27 13:27:24.597 [http-nio-8080-exec-3] [INFO] o.e.b.s.j.JwtTokenFilter - ❌ 토큰 없음 또는 유효하지 않음: null
2025-06-27 13:27:29.596 [http-nio-8080-exec-10] [INFO] o.e.b.s.j.JwtTokenFilter - ❌ 토큰 없음 또는 유효하지 않음: null
2025-06-27 13:27:34.597 [http-nio-8080-exec-9] [INFO] o.e.b.s.j.JwtTokenFilter - ❌ 토큰 없음 또는 유효하지 않음: null
2025-06-27 13:27:39.596 [http-nio-8080-exec-1] [INFO] o.e.b.s.j.JwtTokenFilter - ❌ 토큰 없음 또는 유효하지 않음: null
2025-06-27 13:27:44.595 [http-nio-8080-exec-2] [INFO] o.e.b.s.j.JwtTokenFilter - ❌ 토큰 없음 또는 유효하지 않음: null
2025-06-27 13:27:49.596 [http-nio-8080-exec-8] [INFO] o.e.b.s.j.JwtTokenFilter - ❌ 토큰 없음 또는 유효하지 않음: null
2025-06-27 13:27:54.597 [http-nio-8080-exec-5] [INFO] o.e.b.s.j.JwtTokenFilter - ❌ 토큰 없음 또는 유효하지 않음: null
2025-06-27 13:27:59.597 [http-nio-8080-exec-6] [INFO] o.e.b.s.j.JwtTokenFilter - ❌ 토큰 없음 또는 유효하지 않음: null
2025-06-27 13:28:04.597 [http-nio-8080-exec-4] [INFO] o.e.b.s.j.JwtTokenFilter - ❌ 토큰 없음 또는 유효하지 않음: null
2025-06-27 13:28:09.592 [http-nio-8080-exec-7] [INFO] o.e.b.s.j.JwtTokenFilter - ❌ 토큰 없음 또는 유효하지 않음: null
2025-06-27 13:28:14.593 [http-nio-8080-exec-3] [INFO] o.e.b.s.j.JwtTokenFilter - ❌ 토큰 없음 또는 유효하지 않음: null
2025-06-27 13:28:19.593 [http-nio-8080-exec-10] [INFO] o.e.b.s.j.JwtTokenFilter - ❌ 토큰 없음 또는 유효하지 않음: null
2025-06-27 13:28:24.594 [http-nio-8080-exec-9] [INFO] o.e.b.s.j.JwtTokenFilter - ❌ 토큰 없음 또는 유효하지 않음: null
2025-06-27 13:28:29.591 [http-nio-8080-exec-1] [INFO] o.e.b.s.j.JwtTokenFilter - ❌ 토큰 없음 또는 유효하지 않음: null
2025-06-27 13:28:34.592 [http-nio-8080-exec-2] [INFO] o.e.b.s.j.JwtTokenFilter - ❌ 토큰 없음 또는 유효하지 않음: null
2025-06-27 13:28:39.592 [http-nio-8080-exec-8] [INFO] o.e.b.s.j.JwtTokenFilter - ❌ 토큰 없음 또는 유효하지 않음: null
2025-06-27 13:28:44.590 [http-nio-8080-exec-5] [INFO] o.e.b.s.j.JwtTokenFilter - ❌ 토큰 없음 또는 유효하지 않음: null
2025-06-27 13:28:49.593 [http-nio-8080-exec-6] [INFO] o.e.b.s.j.JwtTokenFilter - ❌ 토큰 없음 또는 유효하지 않음: null
2025-06-27 13:28:54.591 [http-nio-8080-exec-4] [INFO] o.e.b.s.j.JwtTokenFilter - ❌ 토큰 없음 또는 유효하지 않음: null
2025-06-27 13:28:59.590 [http-nio-8080-exec-7] [INFO] o.e.b.s.j.JwtTokenFilter - ❌ 토큰 없음 또는 유효하지 않음: null
2025-06-27 13:29:04.593 [http-nio-8080-exec-3] [INFO] o.e.b.s.j.JwtTokenFilter - ❌ 토큰 없음 또는 유효하지 않음: null
2025-06-27 13:29:09.590 [http-nio-8080-exec-10] [INFO] o.e.b.s.j.JwtTokenFilter - ❌ 토큰 없음 또는 유효하지 않음: null
2025-06-27 13:29:14.588 [http-nio-8080-exec-9] [INFO] o.e.b.s.j.JwtTokenFilter - ❌ 토큰 없음 또는 유효하지 않음: null
2025-06-27 13:29:19.591 [http-nio-8080-exec-1] [INFO] o.e.b.s.j.JwtTokenFilter - ❌ 토큰 없음 또는 유효하지 않음: null
2025-06-27 13:29:24.590 [http-nio-8080-exec-2] [INFO] o.e.b.s.j.JwtTokenFilter - ❌ 토큰 없음 또는 유효하지 않음: null
2025-06-27 13:29:29.590 [http-nio-8080-exec-8] [INFO] o.e.b.s.j.JwtTokenFilter - ❌ 토큰 없음 또는 유효하지 않음: null
2025-06-27 13:29:34.589 [http-nio-8080-exec-5] [INFO] o.e.b.s.j.JwtTokenFilter - ❌ 토큰 없음 또는 유효하지 않음: null
2025-06-27 13:29:39.589 [http-nio-8080-exec-6] [INFO] o.e.b.s.j.JwtTokenFilter - ❌ 토큰 없음 또는 유효하지 않음: null
2025-06-27 13:29:44.589 [http-nio-8080-exec-4] [INFO] o.e.b.s.j.JwtTokenFilter - ❌ 토큰 없음 또는 유효하지 않음: null
2025-06-27 13:29:49.602 [http-nio-8080-exec-7] [INFO] o.e.b.s.j.JwtTokenFilter - ❌ 토큰 없음 또는 유효하지 않음: null
2025-06-27 13:29:54.590 [http-nio-8080-exec-3] [INFO] o.e.b.s.j.JwtTokenFilter - ❌ 토큰 없음 또는 유효하지 않음: null
2025-06-27 13:29:59.588 [http-nio-8080-exec-10] [INFO] o.e.b.s.j.JwtTokenFilter - ❌ 토큰 없음 또는 유효하지 않음: null
2025-06-27 13:30:04.588 [http-nio-8080-exec-9] [INFO] o.e.b.s.j.JwtTokenFilter - ❌ 토큰 없음 또는 유효하지 않음: null
2025-06-27 13:30:09.586 [http-nio-8080-exec-1] [INFO] o.e.b.s.j.JwtTokenFilter - ❌ 토큰 없음 또는 유효하지 않음: null
2025-06-27 13:30:14.584 [http-nio-8080-exec-2] [INFO] o.e.b.s.j.JwtTokenFilter - ❌ 토큰 없음 또는 유효하지 않음: null
2025-06-27 13:30:19.586 [http-nio-8080-exec-8] [INFO] o.e.b.s.j.JwtTokenFilter - ❌ 토큰 없음 또는 유효하지 않음: null
2025-06-27 13:30:24.585 [http-nio-8080-exec-5] [INFO] o.e.b.s.j.JwtTokenFilter - ❌ 토큰 없음 또는 유효하지 않음: null
2025-06-27 13:30:29.585 [http-nio-8080-exec-6] [INFO] o.e.b.s.j.JwtTokenFilter - ❌ 토큰 없음 또는 유효하지 않음: null
2025-06-27 13:30:34.585 [http-nio-8080-exec-4] [INFO] o.e.b.s.j.JwtTokenFilter - ❌ 토큰 없음 또는 유효하지 않음: null
2025-06-27 13:30:39.584 [http-nio-8080-exec-7] [INFO] o.e.b.s.j.JwtTokenFilter - ❌ 토큰 없음 또는 유효하지 않음: null
2025-06-27 13:30:44.582 [http-nio-8080-exec-3] [INFO] o.e.b.s.j.JwtTokenFilter - ❌ 토큰 없음 또는 유효하지 않음: null
2025-06-27 13:30:49.585 [http-nio-8080-exec-10] [INFO] o.e.b.s.j.JwtTokenFilter - ❌ 토큰 없음 또는 유효하지 않음: null
2025-06-27 13:30:54.582 [http-nio-8080-exec-9] [INFO] o.e.b.s.j.JwtTokenFilter - ❌ 토큰 없음 또는 유효하지 않음: null
2025-06-27 13:30:59.581 [http-nio-8080-exec-1] [INFO] o.e.b.s.j.JwtTokenFilter - ❌ 토큰 없음 또는 유효하지 않음: null
2025-06-27 13:31:04.582 [http-nio-8080-exec-2] [INFO] o.e.b.s.j.JwtTokenFilter - ❌ 토큰 없음 또는 유효하지 않음: null
2025-06-27 13:31:09.580 [http-nio-8080-exec-8] [INFO] o.e.b.s.j.JwtTokenFilter - ❌ 토큰 없음 또는 유효하지 않음: null
2025-06-27 13:31:14.582 [http-nio-8080-exec-5] [INFO] o.e.b.s.j.JwtTokenFilter - ❌ 토큰 없음 또는 유효하지 않음: null
2025-06-27 13:31:19.582 [http-nio-8080-exec-6] [INFO] o.e.b.s.j.JwtTokenFilter - ❌ 토큰 없음 또는 유효하지 않음: null
2025-06-27 13:31:24.582 [http-nio-8080-exec-4] [INFO] o.e.b.s.j.JwtTokenFilter - ❌ 토큰 없음 또는 유효하지 않음: null
2025-06-27 13:31:29.598 [http-nio-8080-exec-7] [INFO] o.e.b.s.j.JwtTokenFilter - ❌ 토큰 없음 또는 유효하지 않음: null
2025-06-27 13:31:34.582 [http-nio-8080-exec-3] [INFO] o.e.b.s.j.JwtTokenFilter - ❌ 토큰 없음 또는 유효하지 않음: null
2025-06-27 13:31:39.580 [http-nio-8080-exec-10] [INFO] o.e.b.s.j.JwtTokenFilter - ❌ 토큰 없음 또는 유효하지 않음: null
2025-06-27 13:31:44.581 [http-nio-8080-exec-9] [INFO] o.e.b.s.j.JwtTokenFilter - ❌ 토큰 없음 또는 유효하지 않음: null
2025-06-27 13:31:49.579 [http-nio-8080-exec-1] [INFO] o.e.b.s.j.JwtTokenFilter - ❌ 토큰 없음 또는 유효하지 않음: null
2025-06-27 13:31:54.579 [http-nio-8080-exec-2] [INFO] o.e.b.s.j.JwtTokenFilter - ❌ 토큰 없음 또는 유효하지 않음: null
2025-06-27 13:31:59.579 [http-nio-8080-exec-8] [INFO] o.e.b.s.j.JwtTokenFilter - ❌ 토큰 없음 또는 유효하지 않음: null
2025-06-27 13:32:04.577 [http-nio-8080-exec-5] [INFO] o.e.b.s.j.JwtTokenFilter - ❌ 토큰 없음 또는 유효하지 않음: null
2025-06-27 13:32:09.578 [http-nio-8080-exec-6] [INFO] o.e.b.s.j.JwtTokenFilter - ❌ 토큰 없음 또는 유효하지 않음: null
2025-06-27 13:32:14.575 [http-nio-8080-exec-4] [INFO] o.e.b.s.j.JwtTokenFilter - ❌ 토큰 없음 또는 유효하지 않음: null
2025-06-27 13:32:19.579 [http-nio-8080-exec-7] [INFO] o.e.b.s.j.JwtTokenFilter - ❌ 토큰 없음 또는 유효하지 않음: null
2025-06-27 13:32:24.577 [http-nio-8080-exec-3] [INFO] o.e.b.s.j.JwtTokenFilter - ❌ 토큰 없음 또는 유효하지 않음: null
2025-06-27 13:32:26.706 [MessageBroker-2] [INFO] o.s.w.s.c.WebSocketMessageBrokerStats - WebSocketSession[0 current WS(0)-HttpStream(0)-HttpPoll(0), 0 total, 0 closed abnormally (0 connect failure, 0 send limit, 0 transport error)], stompSubProtocol[processed CONNECT(0)-CONNECTED(0)-DISCONNECT(0)], stompBrokerRelay[null], inboundChannel[pool size = 0, active threads = 0, queued tasks = 0, completed tasks = 0], outboundChannel[pool size = 0, active threads = 0, queued tasks = 0, completed tasks = 0], sockJsScheduler[pool size = 3, active threads = 1, queued tasks = 0, completed tasks = 2]
2025-06-27 13:32:29.578 [http-nio-8080-exec-10] [INFO] o.e.b.s.j.JwtTokenFilter - ❌ 토큰 없음 또는 유효하지 않음: null
2025-06-27 13:32:34.577 [http-nio-8080-exec-9] [INFO] o.e.b.s.j.JwtTokenFilter - ❌ 토큰 없음 또는 유효하지 않음: null
2025-06-27 13:32:39.576 [http-nio-8080-exec-1] [INFO] o.e.b.s.j.JwtTokenFilter - ❌ 토큰 없음 또는 유효하지 않음: null
2025-06-27 13:32:44.574 [http-nio-8080-exec-2] [INFO] o.e.b.s.j.JwtTokenFilter - ❌ 토큰 없음 또는 유효하지 않음: null
2025-06-27 13:32:49.574 [http-nio-8080-exec-8] [INFO] o.e.b.s.j.JwtTokenFilter - ❌ 토큰 없음 또는 유효하지 않음: null
2025-06-27 13:32:54.575 [http-nio-8080-exec-5] [INFO] o.e.b.s.j.JwtTokenFilter - ❌ 토큰 없음 또는 유효하지 않음: null
2025-06-27 13:32:59.575 [http-nio-8080-exec-6] [INFO] o.e.b.s.j.JwtTokenFilter - ❌ 토큰 없음 또는 유효하지 않음: null
2025-06-27 13:33:04.575 [http-nio-8080-exec-4] [INFO] o.e.b.s.j.JwtTokenFilter - ❌ 토큰 없음 또는 유효하지 않음: null
2025-06-27 13:33:09.574 [http-nio-8080-exec-7] [INFO] o.e.b.s.j.JwtTokenFilter - ❌ 토큰 없음 또는 유효하지 않음: null
2025-06-27 13:33:14.574 [http-nio-8080-exec-3] [INFO] o.e.b.s.j.JwtTokenFilter - ❌ 토큰 없음 또는 유효하지 않음: null
2025-06-27 13:33:19.573 [http-nio-8080-exec-10] [INFO] o.e.b.s.j.JwtTokenFilter - ❌ 토큰 없음 또는 유효하지 않음: null
2025-06-27 13:33:24.573 [http-nio-8080-exec-9] [INFO] o.e.b.s.j.JwtTokenFilter - ❌ 토큰 없음 또는 유효하지 않음: null
2025-06-27 13:33:29.573 [http-nio-8080-exec-1] [INFO] o.e.b.s.j.JwtTokenFilter - ❌ 토큰 없음 또는 유효하지 않음: null
2025-06-27 13:33:34.571 [http-nio-8080-exec-2] [INFO] o.e.b.s.j.JwtTokenFilter - ❌ 토큰 없음 또는 유효하지 않음: null
2025-06-27 13:33:39.571 [http-nio-8080-exec-8] [INFO] o.e.b.s.j.JwtTokenFilter - ❌ 토큰 없음 또는 유효하지 않음: null
2025-06-27 13:33:44.569 [http-nio-8080-exec-5] [INFO] o.e.b.s.j.JwtTokenFilter - ❌ 토큰 없음 또는 유효하지 않음: null
2025-06-27 13:33:49.571 [http-nio-8080-exec-6] [INFO] o.e.b.s.j.JwtTokenFilter - ❌ 토큰 없음 또는 유효하지 않음: null
2025-06-27 13:33:54.571 [http-nio-8080-exec-4] [INFO] o.e.b.s.j.JwtTokenFilter - ❌ 토큰 없음 또는 유효하지 않음: null
2025-06-27 13:33:59.570 [http-nio-8080-exec-7] [INFO] o.e.b.s.j.JwtTokenFilter - ❌ 토큰 없음 또는 유효하지 않음: null
2025-06-27 13:34:04.572 [http-nio-8080-exec-3] [INFO] o.e.b.s.j.JwtTokenFilter - ❌ 토큰 없음 또는 유효하지 않음: null
2025-06-27 13:34:09.570 [http-nio-8080-exec-10] [INFO] o.e.b.s.j.JwtTokenFilter - ❌ 토큰 없음 또는 유효하지 않음: null
2025-06-27 13:34:14.569 [http-nio-8080-exec-9] [INFO] o.e.b.s.j.JwtTokenFilter - ❌ 토큰 없음 또는 유효하지 않음: null
2025-06-27 13:34:19.567 [http-nio-8080-exec-1] [INFO] o.e.b.s.j.JwtTokenFilter - ❌ 토큰 없음 또는 유효하지 않음: null
2025-06-27 13:34:24.569 [http-nio-8080-exec-2] [INFO] o.e.b.s.j.JwtTokenFilter - ❌ 토큰 없음 또는 유효하지 않음: null
2025-06-27 13:34:29.571 [http-nio-8080-exec-8] [INFO] o.e.b.s.j.JwtTokenFilter - ❌ 토큰 없음 또는 유효하지 않음: null
2025-06-27 13:34:34.568 [http-nio-8080-exec-5] [INFO] o.e.b.s.j.JwtTokenFilter - ❌ 토큰 없음 또는 유효하지 않음: null
2025-06-27 13:34:39.568 [http-nio-8080-exec-6] [INFO] o.e.b.s.j.JwtTokenFilter - ❌ 토큰 없음 또는 유효하지 않음: null
2025-06-27 13:34:44.565 [http-nio-8080-exec-4] [INFO] o.e.b.s.j.JwtTokenFilter - ❌ 토큰 없음 또는 유효하지 않음: null
2025-06-27 13:34:49.565 [http-nio-8080-exec-7] [INFO] o.e.b.s.j.JwtTokenFilter - ❌ 토큰 없음 또는 유효하지 않음: null
2025-06-27 13:34:54.569 [http-nio-8080-exec-3] [INFO] o.e.b.s.j.JwtTokenFilter - ❌ 토큰 없음 또는 유효하지 않음: null
2025-06-27 13:34:59.567 [http-nio-8080-exec-10] [INFO] o.e.b.s.j.JwtTokenFilter - ❌ 토큰 없음 또는 유효하지 않음: null
2025-06-27 13:35:04.567 [http-nio-8080-exec-9] [INFO] o.e.b.s.j.JwtTokenFilter - ❌ 토큰 없음 또는 유효하지 않음: null
2025-06-27 13:35:09.565 [http-nio-8080-exec-1] [INFO] o.e.b.s.j.JwtTokenFilter - ❌ 토큰 없음 또는 유효하지 않음: null
2025-06-27 13:35:14.565 [http-nio-8080-exec-2] [INFO] o.e.b.s.j.JwtTokenFilter - ❌ 토큰 없음 또는 유효하지 않음: null
2025-06-27 13:35:19.563 [http-nio-8080-exec-8] [INFO] o.e.b.s.j.JwtTokenFilter - ❌ 토큰 없음 또는 유효하지 않음: null
2025-06-27 13:35:24.564 [http-nio-8080-exec-5] [INFO] o.e.b.s.j.JwtTokenFilter - ❌ 토큰 없음 또는 유효하지 않음: null
2025-06-27 13:35:29.564 [http-nio-8080-exec-6] [INFO] o.e.b.s.j.JwtTokenFilter - ❌ 토큰 없음 또는 유효하지 않음: null
2025-06-27 13:35:34.564 [http-nio-8080-exec-4] [INFO] o.e.b.s.j.JwtTokenFilter - ❌ 토큰 없음 또는 유효하지 않음: null
2025-06-27 13:35:39.563 [http-nio-8080-exec-7] [INFO] o.e.b.s.j.JwtTokenFilter - ❌ 토큰 없음 또는 유효하지 않음: null
2025-06-27 13:35:44.563 [http-nio-8080-exec-3] [INFO] o.e.b.s.j.JwtTokenFilter - ❌ 토큰 없음 또는 유효하지 않음: null
2025-06-27 13:35:49.561 [http-nio-8080-exec-10] [INFO] o.e.b.s.j.JwtTokenFilter - ❌ 토큰 없음 또는 유효하지 않음: null
2025-06-27 13:35:54.562 [http-nio-8080-exec-9] [INFO] o.e.b.s.j.JwtTokenFilter - ❌ 토큰 없음 또는 유효하지 않음: null
2025-06-27 13:35:59.562 [http-nio-8080-exec-1] [INFO] o.e.b.s.j.JwtTokenFilter - ❌ 토큰 없음 또는 유효하지 않음: null
2025-06-27 13:36:04.563 [http-nio-8080-exec-2] [INFO] o.e.b.s.j.JwtTokenFilter - ❌ 토큰 없음 또는 유효하지 않음: null
2025-06-27 13:36:09.563 [http-nio-8080-exec-8] [INFO] o.e.b.s.j.JwtTokenFilter - ❌ 토큰 없음 또는 유효하지 않음: null
2025-06-27 13:36:14.559 [http-nio-8080-exec-5] [INFO] o.e.b.s.j.JwtTokenFilter - ❌ 토큰 없음 또는 유효하지 않음: null
2025-06-27 13:36:19.560 [http-nio-8080-exec-6] [INFO] o.e.b.s.j.JwtTokenFilter - ❌ 토큰 없음 또는 유효하지 않음: null
2025-06-27 13:36:24.561 [http-nio-8080-exec-4] [INFO] o.e.b.s.j.JwtTokenFilter - ❌ 토큰 없음 또는 유효하지 않음: null
2025-06-27 13:36:29.560 [http-nio-8080-exec-7] [INFO] o.e.b.s.j.JwtTokenFilter - ❌ 토큰 없음 또는 유효하지 않음: null
2025-06-27 13:36:34.560 [http-nio-8080-exec-3] [INFO] o.e.b.s.j.JwtTokenFilter - ❌ 토큰 없음 또는 유효하지 않음: null
2025-06-27 13:36:39.577 [http-nio-8080-exec-10] [INFO] o.e.b.s.j.JwtTokenFilter - ❌ 토큰 없음 또는 유효하지 않음: null
2025-06-27 13:36:44.559 [http-nio-8080-exec-9] [INFO] o.e.b.s.j.JwtTokenFilter - ❌ 토큰 없음 또는 유효하지 않음: null
2025-06-27 13:36:49.557 [http-nio-8080-exec-1] [INFO] o.e.b.s.j.JwtTokenFilter - ❌ 토큰 없음 또는 유효하지 않음: null
2025-06-27 13:36:54.558 [http-nio-8080-exec-2] [INFO] o.e.b.s.j.JwtTokenFilter - ❌ 토큰 없음 또는 유효하지 않음: null
2025-06-27 13:36:59.559 [http-nio-8080-exec-8] [INFO] o.e.b.s.j.JwtTokenFilter - ❌ 토큰 없음 또는 유효하지 않음: null
2025-06-27 13:37:04.559 [http-nio-8080-exec-5] [INFO] o.e.b.s.j.JwtTokenFilter - ❌ 토큰 없음 또는 유효하지 않음: null
2025-06-27 13:37:09.556 [http-nio-8080-exec-6] [INFO] o.e.b.s.j.JwtTokenFilter - ❌ 토큰 없음 또는 유효하지 않음: null
2025-06-27 13:37:14.557 [http-nio-8080-exec-4] [INFO] o.e.b.s.j.JwtTokenFilter - ❌ 토큰 없음 또는 유효하지 않음: null
2025-06-27 13:37:19.555 [http-nio-8080-exec-7] [INFO] o.e.b.s.j.JwtTokenFilter - ❌ 토큰 없음 또는 유효하지 않음: null
2025-06-27 13:37:24.556 [http-nio-8080-exec-3] [INFO] o.e.b.s.j.JwtTokenFilter - ❌ 토큰 없음 또는 유효하지 않음: null
2025-06-27 13:37:29.555 [http-nio-8080-exec-10] [INFO] o.e.b.s.j.JwtTokenFilter - ❌ 토큰 없음 또는 유효하지 않음: null
2025-06-27 13:37:34.556 [http-nio-8080-exec-9] [INFO] o.e.b.s.j.JwtTokenFilter - ❌ 토큰 없음 또는 유효하지 않음: null
2025-06-27 13:37:39.556 [http-nio-8080-exec-1] [INFO] o.e.b.s.j.JwtTokenFilter - ❌ 토큰 없음 또는 유효하지 않음: null
2025-06-27 13:37:44.573 [http-nio-8080-exec-2] [INFO] o.e.b.s.j.JwtTokenFilter - ❌ 토큰 없음 또는 유효하지 않음: null
2025-06-27 13:37:49.553 [http-nio-8080-exec-8] [INFO] o.e.b.s.j.JwtTokenFilter - ❌ 토큰 없음 또는 유효하지 않음: null
2025-06-27 13:37:54.555 [http-nio-8080-exec-5] [INFO] o.e.b.s.j.JwtTokenFilter - ❌ 토큰 없음 또는 유효하지 않음: null
2025-06-27 13:37:59.553 [http-nio-8080-exec-6] [INFO] o.e.b.s.j.JwtTokenFilter - ❌ 토큰 없음 또는 유효하지 않음: null
2025-06-27 13:38:04.553 [http-nio-8080-exec-4] [INFO] o.e.b.s.j.JwtTokenFilter - ❌ 토큰 없음 또는 유효하지 않음: null
2025-06-27 13:38:09.579 [http-nio-8080-exec-7] [INFO] o.e.b.s.j.JwtTokenFilter - ❌ 토큰 없음 또는 유효하지 않음: null
2025-06-27 13:38:14.551 [http-nio-8080-exec-3] [INFO] o.e.b.s.j.JwtTokenFilter - ❌ 토큰 없음 또는 유효하지 않음: null
2025-06-27 13:38:19.552 [http-nio-8080-exec-10] [INFO] o.e.b.s.j.JwtTokenFilter - ❌ 토큰 없음 또는 유효하지 않음: null
2025-06-27 13:38:24.552 [http-nio-8080-exec-9] [INFO] o.e.b.s.j.JwtTokenFilter - ❌ 토큰 없음 또는 유효하지 않음: null
2025-06-27 13:38:29.552 [http-nio-8080-exec-1] [INFO] o.e.b.s.j.JwtTokenFilter - ❌ 토큰 없음 또는 유효하지 않음: null
2025-06-27 13:38:34.551 [http-nio-8080-exec-2] [INFO] o.e.b.s.j.JwtTokenFilter - ❌ 토큰 없음 또는 유효하지 않음: null
2025-06-27 13:38:39.551 [http-nio-8080-exec-8] [INFO] o.e.b.s.j.JwtTokenFilter - ❌ 토큰 없음 또는 유효하지 않음: null
2025-06-27 13:38:44.552 [http-nio-8080-exec-5] [INFO] o.e.b.s.j.JwtTokenFilter - ❌ 토큰 없음 또는 유효하지 않음: null
2025-06-27 13:38:49.550 [http-nio-8080-exec-6] [INFO] o.e.b.s.j.JwtTokenFilter - ❌ 토큰 없음 또는 유효하지 않음: null
2025-06-27 13:38:54.552 [http-nio-8080-exec-4] [INFO] o.e.b.s.j.JwtTokenFilter - ❌ 토큰 없음 또는 유효하지 않음: null
2025-06-27 13:38:59.547 [http-nio-8080-exec-7] [INFO] o.e.b.s.j.JwtTokenFilter - ❌ 토큰 없음 또는 유효하지 않음: null
2025-06-27 13:39:04.551 [http-nio-8080-exec-3] [INFO] o.e.b.s.j.JwtTokenFilter - ❌ 토큰 없음 또는 유효하지 않음: null
2025-06-27 13:39:09.549 [http-nio-8080-exec-10] [INFO] o.e.b.s.j.JwtTokenFilter - ❌ 토큰 없음 또는 유효하지 않음: null
2025-06-27 13:39:14.554 [http-nio-8080-exec-9] [INFO] o.e.b.s.j.JwtTokenFilter - ❌ 토큰 없음 또는 유효하지 않음: null
2025-06-27 13:39:19.548 [http-nio-8080-exec-1] [INFO] o.e.b.s.j.JwtTokenFilter - ❌ 토큰 없음 또는 유효하지 않음: null
2025-06-27 13:39:24.548 [http-nio-8080-exec-2] [INFO] o.e.b.s.j.JwtTokenFilter - ❌ 토큰 없음 또는 유효하지 않음: null
2025-06-27 13:39:29.547 [http-nio-8080-exec-8] [INFO] o.e.b.s.j.JwtTokenFilter - ❌ 토큰 없음 또는 유효하지 않음: null
2025-06-27 13:39:34.547 [http-nio-8080-exec-5] [INFO] o.e.b.s.j.JwtTokenFilter - ❌ 토큰 없음 또는 유효하지 않음: null
2025-06-27 13:39:39.546 [http-nio-8080-exec-6] [INFO] o.e.b.s.j.JwtTokenFilter - ❌ 토큰 없음 또는 유효하지 않음: null
2025-06-27 13:39:44.547 [http-nio-8080-exec-4] [INFO] o.e.b.s.j.JwtTokenFilter - ❌ 토큰 없음 또는 유효하지 않음: null
2025-06-27 13:39:49.544 [http-nio-8080-exec-7] [INFO] o.e.b.s.j.JwtTokenFilter - ❌ 토큰 없음 또는 유효하지 않음: null
2025-06-27 13:39:54.547 [http-nio-8080-exec-3] [INFO] o.e.b.s.j.JwtTokenFilter - ❌ 토큰 없음 또는 유효하지 않음: null
2025-06-27 13:39:59.546 [http-nio-8080-exec-10] [INFO] o.e.b.s.j.JwtTokenFilter - ❌ 토큰 없음 또는 유효하지 않음: null
2025-06-27 13:40:04.546 [http-nio-8080-exec-9] [INFO] o.e.b.s.j.JwtTokenFilter - ❌ 토큰 없음 또는 유효하지 않음: null
2025-06-27 13:40:09.546 [http-nio-8080-exec-1] [INFO] o.e.b.s.j.JwtTokenFilter - ❌ 토큰 없음 또는 유효하지 않음: null
2025-06-27 13:40:14.545 [http-nio-8080-exec-2] [INFO] o.e.b.s.j.JwtTokenFilter - ❌ 토큰 없음 또는 유효하지 않음: null
2025-06-27 13:40:19.542 [http-nio-8080-exec-8] [INFO] o.e.b.s.j.JwtTokenFilter - ❌ 토큰 없음 또는 유효하지 않음: null
2025-06-27 13:40:24.543 [http-nio-8080-exec-5] [INFO] o.e.b.s.j.JwtTokenFilter - ❌ 토큰 없음 또는 유효하지 않음: null
2025-06-27 13:40:29.542 [http-nio-8080-exec-6] [INFO] o.e.b.s.j.JwtTokenFilter - ❌ 토큰 없음 또는 유효하지 않음: null
2025-06-27 13:40:34.543 [http-nio-8080-exec-4] [INFO] o.e.b.s.j.JwtTokenFilter - ❌ 토큰 없음 또는 유효하지 않음: null
2025-06-27 13:40:39.545 [http-nio-8080-exec-7] [INFO] o.e.b.s.j.JwtTokenFilter - ❌ 토큰 없음 또는 유효하지 않음: null
2025-06-27 13:40:44.542 [http-nio-8080-exec-3] [INFO] o.e.b.s.j.JwtTokenFilter - ❌ 토큰 없음 또는 유효하지 않음: null
2025-06-27 13:40:49.541 [http-nio-8080-exec-10] [INFO] o.e.b.s.j.JwtTokenFilter - ❌ 토큰 없음 또는 유효하지 않음: null
2025-06-27 13:40:54.543 [http-nio-8080-exec-9] [INFO] o.e.b.s.j.JwtTokenFilter - ❌ 토큰 없음 또는 유효하지 않음: null
2025-06-27 13:40:59.541 [http-nio-8080-exec-1] [INFO] o.e.b.s.j.JwtTokenFilter - ❌ 토큰 없음 또는 유효하지 않음: null
2025-06-27 13:41:04.540 [http-nio-8080-exec-2] [INFO] o.e.b.s.j.JwtTokenFilter - ❌ 토큰 없음 또는 유효하지 않음: null
2025-06-27 13:41:09.541 [http-nio-8080-exec-8] [INFO] o.e.b.s.j.JwtTokenFilter - ❌ 토큰 없음 또는 유효하지 않음: null
2025-06-27 13:41:14.541 [http-nio-8080-exec-5] [INFO] o.e.b.s.j.JwtTokenFilter - ❌ 토큰 없음 또는 유효하지 않음: null
2025-06-27 13:41:19.539 [http-nio-8080-exec-6] [INFO] o.e.b.s.j.JwtTokenFilter - ❌ 토큰 없음 또는 유효하지 않음: null
2025-06-27 13:41:24.540 [http-nio-8080-exec-4] [INFO] o.e.b.s.j.JwtTokenFilter - ❌ 토큰 없음 또는 유효하지 않음: null
2025-06-27 13:41:29.539 [http-nio-8080-exec-7] [INFO] o.e.b.s.j.JwtTokenFilter - ❌ 토큰 없음 또는 유효하지 않음: null
2025-06-27 13:41:34.539 [http-nio-8080-exec-3] [INFO] o.e.b.s.j.JwtTokenFilter - ❌ 토큰 없음 또는 유효하지 않음: null
2025-06-27 13:41:39.538 [http-nio-8080-exec-10] [INFO] o.e.b.s.j.JwtTokenFilter - ❌ 토큰 없음 또는 유효하지 않음: null
2025-06-27 13:41:44.539 [http-nio-8080-exec-9] [INFO] o.e.b.s.j.JwtTokenFilter - ❌ 토큰 없음 또는 유효하지 않음: null
2025-06-27 13:41:49.537 [http-nio-8080-exec-1] [INFO] o.e.b.s.j.JwtTokenFilter - ❌ 토큰 없음 또는 유효하지 않음: null
2025-06-27 13:41:54.538 [http-nio-8080-exec-2] [INFO] o.e.b.s.j.JwtTokenFilter - ❌ 토큰 없음 또는 유효하지 않음: null
2025-06-27 13:41:59.536 [http-nio-8080-exec-8] [INFO] o.e.b.s.j.JwtTokenFilter - ❌ 토큰 없음 또는 유효하지 않음: null
2025-06-27 13:42:04.537 [http-nio-8080-exec-5] [INFO] o.e.b.s.j.JwtTokenFilter - ❌ 토큰 없음 또는 유효하지 않음: null
2025-06-27 13:42:09.536 [http-nio-8080-exec-6] [INFO] o.e.b.s.j.JwtTokenFilter - ❌ 토큰 없음 또는 유효하지 않음: null
2025-06-27 13:42:14.536 [http-nio-8080-exec-4] [INFO] o.e.b.s.j.JwtTokenFilter - ❌ 토큰 없음 또는 유효하지 않음: null
2025-06-27 13:42:19.535 [http-nio-8080-exec-7] [INFO] o.e.b.s.j.JwtTokenFilter - ❌ 토큰 없음 또는 유효하지 않음: null
2025-06-27 13:42:24.535 [http-nio-8080-exec-3] [INFO] o.e.b.s.j.JwtTokenFilter - ❌ 토큰 없음 또는 유효하지 않음: null
2025-06-27 13:42:29.535 [http-nio-8080-exec-10] [INFO] o.e.b.s.j.JwtTokenFilter - ❌ 토큰 없음 또는 유효하지 않음: null
2025-06-27 13:42:34.536 [http-nio-8080-exec-9] [INFO] o.e.b.s.j.JwtTokenFilter - ❌ 토큰 없음 또는 유효하지 않음: null
2025-06-27 13:42:39.535 [http-nio-8080-exec-1] [INFO] o.e.b.s.j.JwtTokenFilter - ❌ 토큰 없음 또는 유효하지 않음: null
2025-06-27 13:42:44.534 [http-nio-8080-exec-2] [INFO] o.e.b.s.j.JwtTokenFilter - ❌ 토큰 없음 또는 유효하지 않음: null
2025-06-27 13:42:49.534 [http-nio-8080-exec-8] [INFO] o.e.b.s.j.JwtTokenFilter - ❌ 토큰 없음 또는 유효하지 않음: null
2025-06-27 13:42:54.533 [http-nio-8080-exec-5] [INFO] o.e.b.s.j.JwtTokenFilter - ❌ 토큰 없음 또는 유효하지 않음: null
2025-06-27 13:42:59.533 [http-nio-8080-exec-6] [INFO] o.e.b.s.j.JwtTokenFilter - ❌ 토큰 없음 또는 유효하지 않음: null
2025-06-27 13:43:04.533 [http-nio-8080-exec-4] [INFO] o.e.b.s.j.JwtTokenFilter - ❌ 토큰 없음 또는 유효하지 않음: null
2025-06-27 13:43:09.532 [http-nio-8080-exec-7] [INFO] o.e.b.s.j.JwtTokenFilter - ❌ 토큰 없음 또는 유효하지 않음: null
2025-06-27 13:43:14.533 [http-nio-8080-exec-3] [INFO] o.e.b.s.j.JwtTokenFilter - ❌ 토큰 없음 또는 유효하지 않음: null
2025-06-27 13:43:19.531 [http-nio-8080-exec-10] [INFO] o.e.b.s.j.JwtTokenFilter - ❌ 토큰 없음 또는 유효하지 않음: null
2025-06-27 13:43:24.531 [http-nio-8080-exec-9] [INFO] o.e.b.s.j.JwtTokenFilter - ❌ 토큰 없음 또는 유효하지 않음: null
2025-06-27 13:43:29.531 [http-nio-8080-exec-1] [INFO] o.e.b.s.j.JwtTokenFilter - ❌ 토큰 없음 또는 유효하지 않음: null
2025-06-27 13:43:34.531 [http-nio-8080-exec-2] [INFO] o.e.b.s.j.JwtTokenFilter - ❌ 토큰 없음 또는 유효하지 않음: null
2025-06-27 13:43:39.531 [http-nio-8080-exec-8] [INFO] o.e.b.s.j.JwtTokenFilter - ❌ 토큰 없음 또는 유효하지 않음: null
2025-06-27 13:43:44.529 [http-nio-8080-exec-5] [INFO] o.e.b.s.j.JwtTokenFilter - ❌ 토큰 없음 또는 유효하지 않음: null
2025-06-27 13:43:49.529 [http-nio-8080-exec-6] [INFO] o.e.b.s.j.JwtTokenFilter - ❌ 토큰 없음 또는 유효하지 않음: null
2025-06-27 13:43:54.531 [http-nio-8080-exec-4] [INFO] o.e.b.s.j.JwtTokenFilter - ❌ 토큰 없음 또는 유효하지 않음: null
2025-06-27 13:43:59.528 [http-nio-8080-exec-7] [INFO] o.e.b.s.j.JwtTokenFilter - ❌ 토큰 없음 또는 유효하지 않음: null
2025-06-27 13:44:04.528 [http-nio-8080-exec-3] [INFO] o.e.b.s.j.JwtTokenFilter - ❌ 토큰 없음 또는 유효하지 않음: null
2025-06-27 13:44:09.529 [http-nio-8080-exec-10] [INFO] o.e.b.s.j.JwtTokenFilter - ❌ 토큰 없음 또는 유효하지 않음: null
2025-06-27 13:44:14.527 [http-nio-8080-exec-9] [INFO] o.e.b.s.j.JwtTokenFilter - ❌ 토큰 없음 또는 유효하지 않음: null
2025-06-27 13:44:19.527 [http-nio-8080-exec-1] [INFO] o.e.b.s.j.JwtTokenFilter - ❌ 토큰 없음 또는 유효하지 않음: null
2025-06-27 13:44:24.528 [http-nio-8080-exec-2] [INFO] o.e.b.s.j.JwtTokenFilter - ❌ 토큰 없음 또는 유효하지 않음: null
2025-06-27 13:44:29.527 [http-nio-8080-exec-8] [INFO] o.e.b.s.j.JwtTokenFilter - ❌ 토큰 없음 또는 유효하지 않음: null
2025-06-27 13:44:34.527 [http-nio-8080-exec-5] [INFO] o.e.b.s.j.JwtTokenFilter - ❌ 토큰 없음 또는 유효하지 않음: null
2025-06-27 13:44:39.526 [http-nio-8080-exec-6] [INFO] o.e.b.s.j.JwtTokenFilter - ❌ 토큰 없음 또는 유효하지 않음: null
2025-06-27 13:44:44.526 [http-nio-8080-exec-4] [INFO] o.e.b.s.j.JwtTokenFilter - ❌ 토큰 없음 또는 유효하지 않음: null
2025-06-27 13:44:49.525 [http-nio-8080-exec-7] [INFO] o.e.b.s.j.JwtTokenFilter - ❌ 토큰 없음 또는 유효하지 않음: null
2025-06-27 13:44:54.527 [http-nio-8080-exec-3] [INFO] o.e.b.s.j.JwtTokenFilter - ❌ 토큰 없음 또는 유효하지 않음: null
2025-06-27 13:44:59.525 [http-nio-8080-exec-10] [INFO] o.e.b.s.j.JwtTokenFilter - ❌ 토큰 없음 또는 유효하지 않음: null
2025-06-27 13:45:04.524 [http-nio-8080-exec-9] [INFO] o.e.b.s.j.JwtTokenFilter - ❌ 토큰 없음 또는 유효하지 않음: null
2025-06-27 13:45:09.525 [http-nio-8080-exec-1] [INFO] o.e.b.s.j.JwtTokenFilter - ❌ 토큰 없음 또는 유효하지 않음: null
2025-06-27 13:45:14.526 [http-nio-8080-exec-2] [INFO] o.e.b.s.j.JwtTokenFilter - ❌ 토큰 없음 또는 유효하지 않음: null
2025-06-27 13:45:19.523 [http-nio-8080-exec-8] [INFO] o.e.b.s.j.JwtTokenFilter - ❌ 토큰 없음 또는 유효하지 않음: null
2025-06-27 13:45:24.525 [http-nio-8080-exec-5] [INFO] o.e.b.s.j.JwtTokenFilter - ❌ 토큰 없음 또는 유효하지 않음: null
2025-06-27 13:45:29.524 [http-nio-8080-exec-6] [INFO] o.e.b.s.j.JwtTokenFilter - ❌ 토큰 없음 또는 유효하지 않음: null
2025-06-27 13:45:34.523 [http-nio-8080-exec-4] [INFO] o.e.b.s.j.JwtTokenFilter - ❌ 토큰 없음 또는 유효하지 않음: null
2025-06-27 13:45:39.522 [http-nio-8080-exec-7] [INFO] o.e.b.s.j.JwtTokenFilter - ❌ 토큰 없음 또는 유효하지 않음: null
2025-06-27 13:45:44.521 [http-nio-8080-exec-3] [INFO] o.e.b.s.j.JwtTokenFilter - ❌ 토큰 없음 또는 유효하지 않음: null
2025-06-27 13:45:49.521 [http-nio-8080-exec-10] [INFO] o.e.b.s.j.JwtTokenFilter - ❌ 토큰 없음 또는 유효하지 않음: null
2025-06-27 13:45:54.523 [http-nio-8080-exec-9] [INFO] o.e.b.s.j.JwtTokenFilter - ❌ 토큰 없음 또는 유효하지 않음: null
2025-06-27 13:45:59.521 [http-nio-8080-exec-1] [INFO] o.e.b.s.j.JwtTokenFilter - ❌ 토큰 없음 또는 유효하지 않음: null
2025-06-27 13:46:04.521 [http-nio-8080-exec-2] [INFO] o.e.b.s.j.JwtTokenFilter - ❌ 토큰 없음 또는 유효하지 않음: null
2025-06-27 13:46:09.520 [http-nio-8080-exec-8] [INFO] o.e.b.s.j.JwtTokenFilter - ❌ 토큰 없음 또는 유효하지 않음: null
2025-06-27 13:46:14.521 [http-nio-8080-exec-5] [INFO] o.e.b.s.j.JwtTokenFilter - ❌ 토큰 없음 또는 유효하지 않음: null
2025-06-27 13:46:19.519 [http-nio-8080-exec-6] [INFO] o.e.b.s.j.JwtTokenFilter - ❌ 토큰 없음 또는 유효하지 않음: null
2025-06-27 13:46:24.519 [http-nio-8080-exec-4] [INFO] o.e.b.s.j.JwtTokenFilter - ❌ 토큰 없음 또는 유효하지 않음: null
2025-06-27 13:46:29.540 [http-nio-8080-exec-7] [INFO] o.e.b.s.j.JwtTokenFilter - ❌ 토큰 없음 또는 유효하지 않음: null
2025-06-27 13:46:34.518 [http-nio-8080-exec-3] [INFO] o.e.b.s.j.JwtTokenFilter - ❌ 토큰 없음 또는 유효하지 않음: null
2025-06-27 13:46:39.518 [http-nio-8080-exec-10] [INFO] o.e.b.s.j.JwtTokenFilter - ❌ 토큰 없음 또는 유효하지 않음: null
2025-06-27 13:46:44.517 [http-nio-8080-exec-9] [INFO] o.e.b.s.j.JwtTokenFilter - ❌ 토큰 없음 또는 유효하지 않음: null
2025-06-27 13:46:49.517 [http-nio-8080-exec-1] [INFO] o.e.b.s.j.JwtTokenFilter - ❌ 토큰 없음 또는 유효하지 않음: null
2025-06-27 13:46:54.518 [http-nio-8080-exec-2] [INFO] o.e.b.s.j.JwtTokenFilter - ❌ 토큰 없음 또는 유효하지 않음: null
2025-06-27 13:46:59.517 [http-nio-8080-exec-8] [INFO] o.e.b.s.j.JwtTokenFilter - ❌ 토큰 없음 또는 유효하지 않음: null
2025-06-27 13:47:04.517 [http-nio-8080-exec-5] [INFO] o.e.b.s.j.JwtTokenFilter - ❌ 토큰 없음 또는 유효하지 않음: null
2025-06-27 13:47:09.516 [http-nio-8080-exec-6] [INFO] o.e.b.s.j.JwtTokenFilter - ❌ 토큰 없음 또는 유효하지 않음: null
2025-06-27 13:47:14.518 [http-nio-8080-exec-4] [INFO] o.e.b.s.j.JwtTokenFilter - ❌ 토큰 없음 또는 유효하지 않음: null
2025-06-27 13:47:19.516 [http-nio-8080-exec-7] [INFO] o.e.b.s.j.JwtTokenFilter - ❌ 토큰 없음 또는 유효하지 않음: null
2025-06-27 13:47:24.515 [http-nio-8080-exec-3] [INFO] o.e.b.s.j.JwtTokenFilter - ❌ 토큰 없음 또는 유효하지 않음: null
2025-06-27 13:47:29.515 [http-nio-8080-exec-10] [INFO] o.e.b.s.j.JwtTokenFilter - ❌ 토큰 없음 또는 유효하지 않음: null
2025-06-27 13:47:34.515 [http-nio-8080-exec-9] [INFO] o.e.b.s.j.JwtTokenFilter - ❌ 토큰 없음 또는 유효하지 않음: null
2025-06-27 13:47:39.514 [http-nio-8080-exec-1] [INFO] o.e.b.s.j.JwtTokenFilter - ❌ 토큰 없음 또는 유효하지 않음: null
2025-06-27 13:47:44.515 [http-nio-8080-exec-2] [INFO] o.e.b.s.j.JwtTokenFilter - ❌ 토큰 없음 또는 유효하지 않음: null
2025-06-27 13:47:49.513 [http-nio-8080-exec-8] [INFO] o.e.b.s.j.JwtTokenFilter - ❌ 토큰 없음 또는 유효하지 않음: null
2025-06-27 13:47:54.514 [http-nio-8080-exec-5] [INFO] o.e.b.s.j.JwtTokenFilter - ❌ 토큰 없음 또는 유효하지 않음: null
2025-06-27 13:47:59.513 [http-nio-8080-exec-6] [INFO] o.e.b.s.j.JwtTokenFilter - ❌ 토큰 없음 또는 유효하지 않음: null
2025-06-27 13:48:04.513 [http-nio-8080-exec-4] [INFO] o.e.b.s.j.JwtTokenFilter - ❌ 토큰 없음 또는 유효하지 않음: null
2025-06-27 13:48:09.512 [http-nio-8080-exec-7] [INFO] o.e.b.s.j.JwtTokenFilter - ❌ 토큰 없음 또는 유효하지 않음: null
2025-06-27 13:48:14.511 [http-nio-8080-exec-3] [INFO] o.e.b.s.j.JwtTokenFilter - ❌ 토큰 없음 또는 유효하지 않음: null
2025-06-27 13:48:19.512 [http-nio-8080-exec-10] [INFO] o.e.b.s.j.JwtTokenFilter - ❌ 토큰 없음 또는 유효하지 않음: null
2025-06-27 13:48:24.512 [http-nio-8080-exec-9] [INFO] o.e.b.s.j.JwtTokenFilter - ❌ 토큰 없음 또는 유효하지 않음: null
2025-06-27 13:48:29.510 [http-nio-8080-exec-1] [INFO] o.e.b.s.j.JwtTokenFilter - ❌ 토큰 없음 또는 유효하지 않음: null
2025-06-27 13:48:34.513 [http-nio-8080-exec-2] [INFO] o.e.b.s.j.JwtTokenFilter - ❌ 토큰 없음 또는 유효하지 않음: null
2025-06-27 13:48:39.511 [http-nio-8080-exec-8] [INFO] o.e.b.s.j.JwtTokenFilter - ❌ 토큰 없음 또는 유효하지 않음: null
2025-06-27 13:48:44.510 [http-nio-8080-exec-5] [INFO] o.e.b.s.j.JwtTokenFilter - ❌ 토큰 없음 또는 유효하지 않음: null
2025-06-27 13:48:49.510 [http-nio-8080-exec-6] [INFO] o.e.b.s.j.JwtTokenFilter - ❌ 토큰 없음 또는 유효하지 않음: null
2025-06-27 13:48:54.510 [http-nio-8080-exec-4] [INFO] o.e.b.s.j.JwtTokenFilter - ❌ 토큰 없음 또는 유효하지 않음: null
2025-06-27 13:48:59.509 [http-nio-8080-exec-7] [INFO] o.e.b.s.j.JwtTokenFilter - ❌ 토큰 없음 또는 유효하지 않음: null
2025-06-27 13:49:04.509 [http-nio-8080-exec-3] [INFO] o.e.b.s.j.JwtTokenFilter - ❌ 토큰 없음 또는 유효하지 않음: null
2025-06-27 13:49:09.508 [http-nio-8080-exec-10] [INFO] o.e.b.s.j.JwtTokenFilter - ❌ 토큰 없음 또는 유효하지 않음: null
2025-06-27 13:49:14.509 [http-nio-8080-exec-9] [INFO] o.e.b.s.j.JwtTokenFilter - ❌ 토큰 없음 또는 유효하지 않음: null
2025-06-27 13:49:19.508 [http-nio-8080-exec-1] [INFO] o.e.b.s.j.JwtTokenFilter - ❌ 토큰 없음 또는 유효하지 않음: null
2025-06-27 13:49:24.508 [http-nio-8080-exec-2] [INFO] o.e.b.s.j.JwtTokenFilter - ❌ 토큰 없음 또는 유효하지 않음: null
2025-06-27 13:49:29.507 [http-nio-8080-exec-8] [INFO] o.e.b.s.j.JwtTokenFilter - ❌ 토큰 없음 또는 유효하지 않음: null
2025-06-27 13:49:34.508 [http-nio-8080-exec-5] [INFO] o.e.b.s.j.JwtTokenFilter - ❌ 토큰 없음 또는 유효하지 않음: null
2025-06-27 13:49:39.507 [http-nio-8080-exec-6] [INFO] o.e.b.s.j.JwtTokenFilter - ❌ 토큰 없음 또는 유효하지 않음: null
2025-06-27 13:49:44.507 [http-nio-8080-exec-4] [INFO] o.e.b.s.j.JwtTokenFilter - ❌ 토큰 없음 또는 유효하지 않음: null
2025-06-27 13:49:49.505 [http-nio-8080-exec-7] [INFO] o.e.b.s.j.JwtTokenFilter - ❌ 토큰 없음 또는 유효하지 않음: null
2025-06-27 13:49:54.506 [http-nio-8080-exec-3] [INFO] o.e.b.s.j.JwtTokenFilter - ❌ 토큰 없음 또는 유효하지 않음: null
2025-06-27 13:49:59.506 [http-nio-8080-exec-10] [INFO] o.e.b.s.j.JwtTokenFilter - ❌ 토큰 없음 또는 유효하지 않음: null
2025-06-27 13:50:04.505 [http-nio-8080-exec-9] [INFO] o.e.b.s.j.JwtTokenFilter - ❌ 토큰 없음 또는 유효하지 않음: null
2025-06-27 13:50:09.505 [http-nio-8080-exec-1] [INFO] o.e.b.s.j.JwtTokenFilter - ❌ 토큰 없음 또는 유효하지 않음: null
2025-06-27 13:50:14.505 [http-nio-8080-exec-2] [INFO] o.e.b.s.j.JwtTokenFilter - ❌ 토큰 없음 또는 유효하지 않음: null
2025-06-27 13:50:19.504 [http-nio-8080-exec-8] [INFO] o.e.b.s.j.JwtTokenFilter - ❌ 토큰 없음 또는 유효하지 않음: null
2025-06-27 13:50:24.505 [http-nio-8080-exec-5] [INFO] o.e.b.s.j.JwtTokenFilter - ❌ 토큰 없음 또는 유효하지 않음: null
2025-06-27 13:50:29.503 [http-nio-8080-exec-6] [INFO] o.e.b.s.j.JwtTokenFilter - ❌ 토큰 없음 또는 유효하지 않음: null
2025-06-27 13:50:34.504 [http-nio-8080-exec-4] [INFO] o.e.b.s.j.JwtTokenFilter - ❌ 토큰 없음 또는 유효하지 않음: null
2025-06-27 13:50:39.503 [http-nio-8080-exec-7] [INFO] o.e.b.s.j.JwtTokenFilter - ❌ 토큰 없음 또는 유효하지 않음: null
2025-06-27 13:50:44.502 [http-nio-8080-exec-3] [INFO] o.e.b.s.j.JwtTokenFilter - ❌ 토큰 없음 또는 유효하지 않음: null
2025-06-27 13:50:49.502 [http-nio-8080-exec-10] [INFO] o.e.b.s.j.JwtTokenFilter - ❌ 토큰 없음 또는 유효하지 않음: null
2025-06-27 13:50:54.501 [http-nio-8080-exec-9] [INFO] o.e.b.s.j.JwtTokenFilter - ❌ 토큰 없음 또는 유효하지 않음: null
2025-06-27 13:50:59.502 [http-nio-8080-exec-1] [INFO] o.e.b.s.j.JwtTokenFilter - ❌ 토큰 없음 또는 유효하지 않음: null
2025-06-27 13:51:04.501 [http-nio-8080-exec-2] [INFO] o.e.b.s.j.JwtTokenFilter - ❌ 토큰 없음 또는 유효하지 않음: null
2025-06-27 13:51:09.502 [http-nio-8080-exec-8] [INFO] o.e.b.s.j.JwtTokenFilter - ❌ 토큰 없음 또는 유효하지 않음: null
2025-06-27 13:51:14.499 [http-nio-8080-exec-5] [INFO] o.e.b.s.j.JwtTokenFilter - ❌ 토큰 없음 또는 유효하지 않음: null
2025-06-27 13:51:19.499 [http-nio-8080-exec-6] [INFO] o.e.b.s.j.JwtTokenFilter - ❌ 토큰 없음 또는 유효하지 않음: null
2025-06-27 13:51:24.500 [http-nio-8080-exec-4] [INFO] o.e.b.s.j.JwtTokenFilter - ❌ 토큰 없음 또는 유효하지 않음: null
2025-06-27 13:51:29.500 [http-nio-8080-exec-7] [INFO] o.e.b.s.j.JwtTokenFilter - ❌ 토큰 없음 또는 유효하지 않음: null
2025-06-27 13:51:34.499 [http-nio-8080-exec-3] [INFO] o.e.b.s.j.JwtTokenFilter - ❌ 토큰 없음 또는 유효하지 않음: null
2025-06-27 13:51:39.499 [http-nio-8080-exec-10] [INFO] o.e.b.s.j.JwtTokenFilter - ❌ 토큰 없음 또는 유효하지 않음: null
2025-06-27 13:51:44.498 [http-nio-8080-exec-9] [INFO] o.e.b.s.j.JwtTokenFilter - ❌ 토큰 없음 또는 유효하지 않음: null
2025-06-27 13:51:49.497 [http-nio-8080-exec-1] [INFO] o.e.b.s.j.JwtTokenFilter - ❌ 토큰 없음 또는 유효하지 않음: null
2025-06-27 13:51:54.498 [http-nio-8080-exec-2] [INFO] o.e.b.s.j.JwtTokenFilter - ❌ 토큰 없음 또는 유효하지 않음: null
2025-06-27 13:51:59.497 [http-nio-8080-exec-8] [INFO] o.e.b.s.j.JwtTokenFilter - ❌ 토큰 없음 또는 유효하지 않음: null
2025-06-27 13:52:04.496 [http-nio-8080-exec-5] [INFO] o.e.b.s.j.JwtTokenFilter - ❌ 토큰 없음 또는 유효하지 않음: null
2025-06-27 13:52:09.496 [http-nio-8080-exec-6] [INFO] o.e.b.s.j.JwtTokenFilter - ❌ 토큰 없음 또는 유효하지 않음: null
2025-06-27 13:52:14.495 [http-nio-8080-exec-4] [INFO] o.e.b.s.j.JwtTokenFilter - ❌ 토큰 없음 또는 유효하지 않음: null
2025-06-27 13:52:19.495 [http-nio-8080-exec-7] [INFO] o.e.b.s.j.JwtTokenFilter - ❌ 토큰 없음 또는 유효하지 않음: null
2025-06-27 13:52:24.495 [http-nio-8080-exec-3] [INFO] o.e.b.s.j.JwtTokenFilter - ❌ 토큰 없음 또는 유효하지 않음: null
2025-06-27 13:52:29.495 [http-nio-8080-exec-10] [INFO] o.e.b.s.j.JwtTokenFilter - ❌ 토큰 없음 또는 유효하지 않음: null
2025-06-27 13:52:34.494 [http-nio-8080-exec-9] [INFO] o.e.b.s.j.JwtTokenFilter - ❌ 토큰 없음 또는 유효하지 않음: null
2025-06-27 13:52:39.495 [http-nio-8080-exec-1] [INFO] o.e.b.s.j.JwtTokenFilter - ❌ 토큰 없음 또는 유효하지 않음: null
2025-06-27 13:52:44.494 [http-nio-8080-exec-2] [INFO] o.e.b.s.j.JwtTokenFilter - ❌ 토큰 없음 또는 유효하지 않음: null
2025-06-27 13:52:49.492 [http-nio-8080-exec-8] [INFO] o.e.b.s.j.JwtTokenFilter - ❌ 토큰 없음 또는 유효하지 않음: null
2025-06-27 13:52:54.491 [http-nio-8080-exec-5] [INFO] o.e.b.s.j.JwtTokenFilter - ❌ 토큰 없음 또는 유효하지 않음: null
2025-06-27 13:52:59.492 [http-nio-8080-exec-6] [INFO] o.e.b.s.j.JwtTokenFilter - ❌ 토큰 없음 또는 유효하지 않음: null
2025-06-27 13:53:04.491 [http-nio-8080-exec-4] [INFO] o.e.b.s.j.JwtTokenFilter - ❌ 토큰 없음 또는 유효하지 않음: null
2025-06-27 13:53:09.492 [http-nio-8080-exec-7] [INFO] o.e.b.s.j.JwtTokenFilter - ❌ 토큰 없음 또는 유효하지 않음: null
2025-06-27 13:53:14.490 [http-nio-8080-exec-3] [INFO] o.e.b.s.j.JwtTokenFilter - ❌ 토큰 없음 또는 유효하지 않음: null
2025-06-27 13:53:19.490 [http-nio-8080-exec-10] [INFO] o.e.b.s.j.JwtTokenFilter - ❌ 토큰 없음 또는 유효하지 않음: null
2025-06-27 13:53:24.491 [http-nio-8080-exec-9] [INFO] o.e.b.s.j.JwtTokenFilter - ❌ 토큰 없음 또는 유효하지 않음: null
2025-06-27 13:53:29.491 [http-nio-8080-exec-1] [INFO] o.e.b.s.j.JwtTokenFilter - ❌ 토큰 없음 또는 유효하지 않음: null
2025-06-27 13:53:34.488 [http-nio-8080-exec-2] [INFO] o.e.b.s.j.JwtTokenFilter - ❌ 토큰 없음 또는 유효하지 않음: null
2025-06-27 13:53:39.490 [http-nio-8080-exec-8] [INFO] o.e.b.s.j.JwtTokenFilter - ❌ 토큰 없음 또는 유효하지 않음: null
2025-06-27 13:53:44.488 [http-nio-8080-exec-5] [INFO] o.e.b.s.j.JwtTokenFilter - ❌ 토큰 없음 또는 유효하지 않음: null
2025-06-27 13:53:49.487 [http-nio-8080-exec-6] [INFO] o.e.b.s.j.JwtTokenFilter - ❌ 토큰 없음 또는 유효하지 않음: null
2025-06-27 13:53:54.488 [http-nio-8080-exec-4] [INFO] o.e.b.s.j.JwtTokenFilter - ❌ 토큰 없음 또는 유효하지 않음: null
2025-06-27 13:53:59.489 [http-nio-8080-exec-7] [INFO] o.e.b.s.j.JwtTokenFilter - ❌ 토큰 없음 또는 유효하지 않음: null
2025-06-27 13:54:04.488 [http-nio-8080-exec-3] [INFO] o.e.b.s.j.JwtTokenFilter - ❌ 토큰 없음 또는 유효하지 않음: null
2025-06-27 13:54:09.487 [http-nio-8080-exec-10] [INFO] o.e.b.s.j.JwtTokenFilter - ❌ 토큰 없음 또는 유효하지 않음: null
2025-06-27 13:54:14.485 [http-nio-8080-exec-9] [INFO] o.e.b.s.j.JwtTokenFilter - ❌ 토큰 없음 또는 유효하지 않음: null
2025-06-27 13:54:19.485 [http-nio-8080-exec-1] [INFO] o.e.b.s.j.JwtTokenFilter - ❌ 토큰 없음 또는 유효하지 않음: null
2025-06-27 13:54:24.486 [http-nio-8080-exec-2] [INFO] o.e.b.s.j.JwtTokenFilter - ❌ 토큰 없음 또는 유효하지 않음: null
2025-06-27 13:54:29.486 [http-nio-8080-exec-8] [INFO] o.e.b.s.j.JwtTokenFilter - ❌ 토큰 없음 또는 유효하지 않음: null
2025-06-27 13:54:34.486 [http-nio-8080-exec-5] [INFO] o.e.b.s.j.JwtTokenFilter - ❌ 토큰 없음 또는 유효하지 않음: null
2025-06-27 13:54:39.484 [http-nio-8080-exec-6] [INFO] o.e.b.s.j.JwtTokenFilter - ❌ 토큰 없음 또는 유효하지 않음: null
2025-06-27 13:54:44.482 [http-nio-8080-exec-4] [INFO] o.e.b.s.j.JwtTokenFilter - ❌ 토큰 없음 또는 유효하지 않음: null
2025-06-27 13:54:49.498 [http-nio-8080-exec-7] [INFO] o.e.b.s.j.JwtTokenFilter - ❌ 토큰 없음 또는 유효하지 않음: null
2025-06-27 13:54:54.483 [http-nio-8080-exec-3] [INFO] o.e.b.s.j.JwtTokenFilter - ❌ 토큰 없음 또는 유효하지 않음: null
2025-06-27 13:54:59.484 [http-nio-8080-exec-10] [INFO] o.e.b.s.j.JwtTokenFilter - ❌ 토큰 없음 또는 유효하지 않음: null
2025-06-27 13:55:04.480 [http-nio-8080-exec-9] [INFO] o.e.b.s.j.JwtTokenFilter - ❌ 토큰 없음 또는 유효하지 않음: null
2025-06-27 13:55:09.482 [http-nio-8080-exec-1] [INFO] o.e.b.s.j.JwtTokenFilter - ❌ 토큰 없음 또는 유효하지 않음: null
2025-06-27 13:55:14.480 [http-nio-8080-exec-2] [INFO] o.e.b.s.j.JwtTokenFilter - ❌ 토큰 없음 또는 유효하지 않음: null
2025-06-27 13:55:19.479 [http-nio-8080-exec-8] [INFO] o.e.b.s.j.JwtTokenFilter - ❌ 토큰 없음 또는 유효하지 않음: null
2025-06-27 13:55:24.480 [http-nio-8080-exec-5] [INFO] o.e.b.s.j.JwtTokenFilter - ❌ 토큰 없음 또는 유효하지 않음: null
2025-06-27 13:55:29.481 [http-nio-8080-exec-6] [INFO] o.e.b.s.j.JwtTokenFilter - ❌ 토큰 없음 또는 유효하지 않음: null
2025-06-27 13:55:34.479 [http-nio-8080-exec-4] [INFO] o.e.b.s.j.JwtTokenFilter - ❌ 토큰 없음 또는 유효하지 않음: null
2025-06-27 13:55:39.479 [http-nio-8080-exec-7] [INFO] o.e.b.s.j.JwtTokenFilter - ❌ 토큰 없음 또는 유효하지 않음: null
2025-06-27 13:55:44.479 [http-nio-8080-exec-3] [INFO] o.e.b.s.j.JwtTokenFilter - ❌ 토큰 없음 또는 유효하지 않음: null
2025-06-27 13:55:49.478 [http-nio-8080-exec-10] [INFO] o.e.b.s.j.JwtTokenFilter - ❌ 토큰 없음 또는 유효하지 않음: null
2025-06-27 13:55:54.478 [http-nio-8080-exec-9] [INFO] o.e.b.s.j.JwtTokenFilter - ❌ 토큰 없음 또는 유효하지 않음: null
2025-06-27 13:55:59.477 [http-nio-8080-exec-1] [INFO] o.e.b.s.j.JwtTokenFilter - ❌ 토큰 없음 또는 유효하지 않음: null
2025-06-27 13:56:04.476 [http-nio-8080-exec-2] [INFO] o.e.b.s.j.JwtTokenFilter - ❌ 토큰 없음 또는 유효하지 않음: null
2025-06-27 13:56:09.477 [http-nio-8080-exec-8] [INFO] o.e.b.s.j.JwtTokenFilter - ❌ 토큰 없음 또는 유효하지 않음: null
2025-06-27 13:56:14.476 [http-nio-8080-exec-5] [INFO] o.e.b.s.j.JwtTokenFilter - ❌ 토큰 없음 또는 유효하지 않음: null
2025-06-27 13:56:19.474 [http-nio-8080-exec-6] [INFO] o.e.b.s.j.JwtTokenFilter - ❌ 토큰 없음 또는 유효하지 않음: null
2025-06-27 13:56:24.475 [http-nio-8080-exec-4] [INFO] o.e.b.s.j.JwtTokenFilter - ❌ 토큰 없음 또는 유효하지 않음: null
2025-06-27 13:56:29.475 [http-nio-8080-exec-7] [INFO] o.e.b.s.j.JwtTokenFilter - ❌ 토큰 없음 또는 유효하지 않음: null
2025-06-27 13:56:34.476 [http-nio-8080-exec-3] [INFO] o.e.b.s.j.JwtTokenFilter - ❌ 토큰 없음 또는 유효하지 않음: null
2025-06-27 13:56:39.473 [http-nio-8080-exec-10] [INFO] o.e.b.s.j.JwtTokenFilter - ❌ 토큰 없음 또는 유효하지 않음: null
2025-06-27 13:56:44.473 [http-nio-8080-exec-9] [INFO] o.e.b.s.j.JwtTokenFilter - ❌ 토큰 없음 또는 유효하지 않음: null
2025-06-27 13:56:49.474 [http-nio-8080-exec-1] [INFO] o.e.b.s.j.JwtTokenFilter - ❌ 토큰 없음 또는 유효하지 않음: null
2025-06-27 13:56:54.473 [http-nio-8080-exec-2] [INFO] o.e.b.s.j.JwtTokenFilter - ❌ 토큰 없음 또는 유효하지 않음: null
2025-06-27 13:56:59.474 [http-nio-8080-exec-8] [INFO] o.e.b.s.j.JwtTokenFilter - ❌ 토큰 없음 또는 유효하지 않음: null
2025-06-27 13:57:04.474 [http-nio-8080-exec-5] [INFO] o.e.b.s.j.JwtTokenFilter - ❌ 토큰 없음 또는 유효하지 않음: null
2025-06-27 13:57:09.471 [http-nio-8080-exec-6] [INFO] o.e.b.s.j.JwtTokenFilter - ❌ 토큰 없음 또는 유효하지 않음: null
2025-06-27 13:57:14.474 [http-nio-8080-exec-4] [INFO] o.e.b.s.j.JwtTokenFilter - ❌ 토큰 없음 또는 유효하지 않음: null
2025-06-27 13:57:19.470 [http-nio-8080-exec-7] [INFO] o.e.b.s.j.JwtTokenFilter - ❌ 토큰 없음 또는 유효하지 않음: null
2025-06-27 13:57:24.471 [http-nio-8080-exec-3] [INFO] o.e.b.s.j.JwtTokenFilter - ❌ 토큰 없음 또는 유효하지 않음: null
2025-06-27 13:57:29.470 [http-nio-8080-exec-10] [INFO] o.e.b.s.j.JwtTokenFilter - ❌ 토큰 없음 또는 유효하지 않음: null
2025-06-27 13:57:34.472 [http-nio-8080-exec-9] [INFO] o.e.b.s.j.JwtTokenFilter - ❌ 토큰 없음 또는 유효하지 않음: null
2025-06-27 13:57:39.469 [http-nio-8080-exec-1] [INFO] o.e.b.s.j.JwtTokenFilter - ❌ 토큰 없음 또는 유효하지 않음: null
2025-06-27 13:57:44.469 [http-nio-8080-exec-2] [INFO] o.e.b.s.j.JwtTokenFilter - ❌ 토큰 없음 또는 유효하지 않음: null
2025-06-27 13:57:49.469 [http-nio-8080-exec-8] [INFO] o.e.b.s.j.JwtTokenFilter - ❌ 토큰 없음 또는 유효하지 않음: null
2025-06-27 13:57:54.468 [http-nio-8080-exec-5] [INFO] o.e.b.s.j.JwtTokenFilter - ❌ 토큰 없음 또는 유효하지 않음: null
2025-06-27 13:57:59.468 [http-nio-8080-exec-6] [INFO] o.e.b.s.j.JwtTokenFilter - ❌ 토큰 없음 또는 유효하지 않음: null
2025-06-27 13:58:04.470 [http-nio-8080-exec-4] [INFO] o.e.b.s.j.JwtTokenFilter - ❌ 토큰 없음 또는 유효하지 않음: null
2025-06-27 13:58:09.467 [http-nio-8080-exec-7] [INFO] o.e.b.s.j.JwtTokenFilter - ❌ 토큰 없음 또는 유효하지 않음: null
2025-06-27 13:58:14.467 [http-nio-8080-exec-3] [INFO] o.e.b.s.j.JwtTokenFilter - ❌ 토큰 없음 또는 유효하지 않음: null
2025-06-27 13:58:19.465 [http-nio-8080-exec-10] [INFO] o.e.b.s.j.JwtTokenFilter - ❌ 토큰 없음 또는 유효하지 않음: null
2025-06-27 13:58:24.466 [http-nio-8080-exec-9] [INFO] o.e.b.s.j.JwtTokenFilter - ❌ 토큰 없음 또는 유효하지 않음: null
2025-06-27 13:58:29.466 [http-nio-8080-exec-1] [INFO] o.e.b.s.j.JwtTokenFilter - ❌ 토큰 없음 또는 유효하지 않음: null
2025-06-27 13:58:34.465 [http-nio-8080-exec-2] [INFO] o.e.b.s.j.JwtTokenFilter - ❌ 토큰 없음 또는 유효하지 않음: null
2025-06-27 13:58:39.464 [http-nio-8080-exec-8] [INFO] o.e.b.s.j.JwtTokenFilter - ❌ 토큰 없음 또는 유효하지 않음: null
2025-06-27 13:58:44.466 [http-nio-8080-exec-5] [INFO] o.e.b.s.j.JwtTokenFilter - ❌ 토큰 없음 또는 유효하지 않음: null
2025-06-27 13:58:49.464 [http-nio-8080-exec-6] [INFO] o.e.b.s.j.JwtTokenFilter - ❌ 토큰 없음 또는 유효하지 않음: null
2025-06-27 13:58:54.465 [http-nio-8080-exec-4] [INFO] o.e.b.s.j.JwtTokenFilter - ❌ 토큰 없음 또는 유효하지 않음: null
2025-06-27 13:58:59.466 [http-nio-8080-exec-7] [INFO] o.e.b.s.j.JwtTokenFilter - ❌ 토큰 없음 또는 유효하지 않음: null
2025-06-27 13:59:04.464 [http-nio-8080-exec-3] [INFO] o.e.b.s.j.JwtTokenFilter - ❌ 토큰 없음 또는 유효하지 않음: null
2025-06-27 13:59:09.462 [http-nio-8080-exec-10] [INFO] o.e.b.s.j.JwtTokenFilter - ❌ 토큰 없음 또는 유효하지 않음: null
2025-06-27 13:59:14.463 [http-nio-8080-exec-9] [INFO] o.e.b.s.j.JwtTokenFilter - ❌ 토큰 없음 또는 유효하지 않음: null
2025-06-27 13:59:19.462 [http-nio-8080-exec-1] [INFO] o.e.b.s.j.JwtTokenFilter - ❌ 토큰 없음 또는 유효하지 않음: null
2025-06-27 13:59:24.463 [http-nio-8080-exec-2] [INFO] o.e.b.s.j.JwtTokenFilter - ❌ 토큰 없음 또는 유효하지 않음: null
2025-06-27 13:59:29.461 [http-nio-8080-exec-8] [INFO] o.e.b.s.j.JwtTokenFilter - ❌ 토큰 없음 또는 유효하지 않음: null
2025-06-27 13:59:34.462 [http-nio-8080-exec-5] [INFO] o.e.b.s.j.JwtTokenFilter - ❌ 토큰 없음 또는 유효하지 않음: null
2025-06-27 13:59:39.462 [http-nio-8080-exec-6] [INFO] o.e.b.s.j.JwtTokenFilter - ❌ 토큰 없음 또는 유효하지 않음: null
2025-06-27 13:59:44.462 [http-nio-8080-exec-4] [INFO] o.e.b.s.j.JwtTokenFilter - ❌ 토큰 없음 또는 유효하지 않음: null
2025-06-27 13:59:49.459 [http-nio-8080-exec-7] [INFO] o.e.b.s.j.JwtTokenFilter - ❌ 토큰 없음 또는 유효하지 않음: null
2025-06-27 13:59:54.461 [http-nio-8080-exec-3] [INFO] o.e.b.s.j.JwtTokenFilter - ❌ 토큰 없음 또는 유효하지 않음: null
2025-06-27 13:59:59.458 [http-nio-8080-exec-10] [INFO] o.e.b.s.j.JwtTokenFilter - ❌ 토큰 없음 또는 유효하지 않음: null
2025-06-27 14:00:04.462 [http-nio-8080-exec-9] [INFO] o.e.b.s.j.JwtTokenFilter - ❌ 토큰 없음 또는 유효하지 않음: null
2025-06-27 14:00:09.462 [http-nio-8080-exec-1] [INFO] o.e.b.s.j.JwtTokenFilter - ❌ 토큰 없음 또는 유효하지 않음: null
2025-06-27 14:00:14.458 [http-nio-8080-exec-2] [INFO] o.e.b.s.j.JwtTokenFilter - ❌ 토큰 없음 또는 유효하지 않음: null
2025-06-27 14:00:19.457 [http-nio-8080-exec-8] [INFO] o.e.b.s.j.JwtTokenFilter - ❌ 토큰 없음 또는 유효하지 않음: null
2025-06-27 14:00:24.458 [http-nio-8080-exec-5] [INFO] o.e.b.s.j.JwtTokenFilter - ❌ 토큰 없음 또는 유효하지 않음: null
2025-06-27 14:00:29.471 [http-nio-8080-exec-6] [INFO] o.e.b.s.j.JwtTokenFilter - ❌ 토큰 없음 또는 유효하지 않음: null
2025-06-27 14:00:34.459 [http-nio-8080-exec-4] [INFO] o.e.b.s.j.JwtTokenFilter - ❌ 토큰 없음 또는 유효하지 않음: null
2025-06-27 14:00:39.458 [http-nio-8080-exec-7] [INFO] o.e.b.s.j.JwtTokenFilter - ❌ 토큰 없음 또는 유효하지 않음: null
2025-06-27 14:00:44.457 [http-nio-8080-exec-3] [INFO] o.e.b.s.j.JwtTokenFilter - ❌ 토큰 없음 또는 유효하지 않음: null
2025-06-27 14:00:49.455 [http-nio-8080-exec-10] [INFO] o.e.b.s.j.JwtTokenFilter - ❌ 토큰 없음 또는 유효하지 않음: null
2025-06-27 14:00:54.458 [http-nio-8080-exec-9] [INFO] o.e.b.s.j.JwtTokenFilter - ❌ 토큰 없음 또는 유효하지 않음: null
2025-06-27 14:00:59.454 [http-nio-8080-exec-1] [INFO] o.e.b.s.j.JwtTokenFilter - ❌ 토큰 없음 또는 유효하지 않음: null
2025-06-27 14:01:04.454 [http-nio-8080-exec-2] [INFO] o.e.b.s.j.JwtTokenFilter - ❌ 토큰 없음 또는 유효하지 않음: null
2025-06-27 14:01:09.456 [http-nio-8080-exec-8] [INFO] o.e.b.s.j.JwtTokenFilter - ❌ 토큰 없음 또는 유효하지 않음: null
2025-06-27 14:01:14.455 [http-nio-8080-exec-5] [INFO] o.e.b.s.j.JwtTokenFilter - ❌ 토큰 없음 또는 유효하지 않음: null
2025-06-27 14:01:19.455 [http-nio-8080-exec-6] [INFO] o.e.b.s.j.JwtTokenFilter - ❌ 토큰 없음 또는 유효하지 않음: null
2025-06-27 14:01:24.454 [http-nio-8080-exec-4] [INFO] o.e.b.s.j.JwtTokenFilter - ❌ 토큰 없음 또는 유효하지 않음: null
2025-06-27 14:01:29.453 [http-nio-8080-exec-7] [INFO] o.e.b.s.j.JwtTokenFilter - ❌ 토큰 없음 또는 유효하지 않음: null
2025-06-27 14:01:34.454 [http-nio-8080-exec-3] [INFO] o.e.b.s.j.JwtTokenFilter - ❌ 토큰 없음 또는 유효하지 않음: null
2025-06-27 14:01:39.452 [http-nio-8080-exec-10] [INFO] o.e.b.s.j.JwtTokenFilter - ❌ 토큰 없음 또는 유효하지 않음: null
2025-06-27 14:01:44.453 [http-nio-8080-exec-9] [INFO] o.e.b.s.j.JwtTokenFilter - ❌ 토큰 없음 또는 유효하지 않음: null
2025-06-27 14:01:49.451 [http-nio-8080-exec-1] [INFO] o.e.b.s.j.JwtTokenFilter - ❌ 토큰 없음 또는 유효하지 않음: null
2025-06-27 14:01:54.452 [http-nio-8080-exec-2] [INFO] o.e.b.s.j.JwtTokenFilter - ❌ 토큰 없음 또는 유효하지 않음: null
2025-06-27 14:01:59.452 [http-nio-8080-exec-8] [INFO] o.e.b.s.j.JwtTokenFilter - ❌ 토큰 없음 또는 유효하지 않음: null
2025-06-27 14:02:04.451 [http-nio-8080-exec-5] [INFO] o.e.b.s.j.JwtTokenFilter - ❌ 토큰 없음 또는 유효하지 않음: null
2025-06-27 14:02:09.451 [http-nio-8080-exec-6] [INFO] o.e.b.s.j.JwtTokenFilter - ❌ 토큰 없음 또는 유효하지 않음: null
2025-06-27 14:02:14.450 [http-nio-8080-exec-4] [INFO] o.e.b.s.j.JwtTokenFilter - ❌ 토큰 없음 또는 유효하지 않음: null
2025-06-27 14:02:19.448 [http-nio-8080-exec-7] [INFO] o.e.b.s.j.JwtTokenFilter - ❌ 토큰 없음 또는 유효하지 않음: null
2025-06-27 14:02:24.450 [http-nio-8080-exec-3] [INFO] o.e.b.s.j.JwtTokenFilter - ❌ 토큰 없음 또는 유효하지 않음: null
2025-06-27 14:02:26.730 [MessageBroker-1] [INFO] o.s.w.s.c.WebSocketMessageBrokerStats - WebSocketSession[0 current WS(0)-HttpStream(0)-HttpPoll(0), 0 total, 0 closed abnormally (0 connect failure, 0 send limit, 0 transport error)], stompSubProtocol[processed CONNECT(0)-CONNECTED(0)-DISCONNECT(0)], stompBrokerRelay[null], inboundChannel[pool size = 0, active threads = 0, queued tasks = 0, completed tasks = 0], outboundChannel[pool size = 0, active threads = 0, queued tasks = 0, completed tasks = 0], sockJsScheduler[pool size = 4, active threads = 1, queued tasks = 0, completed tasks = 3]
2025-06-27 14:02:29.450 [http-nio-8080-exec-10] [INFO] o.e.b.s.j.JwtTokenFilter - ❌ 토큰 없음 또는 유효하지 않음: null
2025-06-27 14:02:34.449 [http-nio-8080-exec-9] [INFO] o.e.b.s.j.JwtTokenFilter - ❌ 토큰 없음 또는 유효하지 않음: null
2025-06-27 14:02:39.449 [http-nio-8080-exec-1] [INFO] o.e.b.s.j.JwtTokenFilter - ❌ 토큰 없음 또는 유효하지 않음: null
2025-06-27 14:02:44.447 [http-nio-8080-exec-2] [INFO] o.e.b.s.j.JwtTokenFilter - ❌ 토큰 없음 또는 유효하지 않음: null
2025-06-27 14:02:49.446 [http-nio-8080-exec-8] [INFO] o.e.b.s.j.JwtTokenFilter - ❌ 토큰 없음 또는 유효하지 않음: null
2025-06-27 14:02:54.447 [http-nio-8080-exec-5] [INFO] o.e.b.s.j.JwtTokenFilter - ❌ 토큰 없음 또는 유효하지 않음: null
2025-06-27 14:02:59.447 [http-nio-8080-exec-6] [INFO] o.e.b.s.j.JwtTokenFilter - ❌ 토큰 없음 또는 유효하지 않음: null
2025-06-27 14:03:04.445 [http-nio-8080-exec-4] [INFO] o.e.b.s.j.JwtTokenFilter - ❌ 토큰 없음 또는 유효하지 않음: null
2025-06-27 14:03:09.469 [http-nio-8080-exec-7] [INFO] o.e.b.s.j.JwtTokenFilter - ❌ 토큰 없음 또는 유효하지 않음: null
2025-06-27 14:03:14.448 [http-nio-8080-exec-3] [INFO] o.e.b.s.j.JwtTokenFilter - ❌ 토큰 없음 또는 유효하지 않음: null
2025-06-27 14:03:19.444 [http-nio-8080-exec-10] [INFO] o.e.b.s.j.JwtTokenFilter - ❌ 토큰 없음 또는 유효하지 않음: null
2025-06-27 14:03:24.446 [http-nio-8080-exec-9] [INFO] o.e.b.s.j.JwtTokenFilter - ❌ 토큰 없음 또는 유효하지 않음: null
2025-06-27 14:03:29.444 [http-nio-8080-exec-1] [INFO] o.e.b.s.j.JwtTokenFilter - ❌ 토큰 없음 또는 유효하지 않음: null
2025-06-27 14:03:34.444 [http-nio-8080-exec-2] [INFO] o.e.b.s.j.JwtTokenFilter - ❌ 토큰 없음 또는 유효하지 않음: null
2025-06-27 14:03:39.445 [http-nio-8080-exec-8] [INFO] o.e.b.s.j.JwtTokenFilter - ❌ 토큰 없음 또는 유효하지 않음: null
2025-06-27 14:03:44.443 [http-nio-8080-exec-5] [INFO] o.e.b.s.j.JwtTokenFilter - ❌ 토큰 없음 또는 유효하지 않음: null
2025-06-27 14:03:49.442 [http-nio-8080-exec-6] [INFO] o.e.b.s.j.JwtTokenFilter - ❌ 토큰 없음 또는 유효하지 않음: null
2025-06-27 14:03:54.444 [http-nio-8080-exec-4] [INFO] o.e.b.s.j.JwtTokenFilter - ❌ 토큰 없음 또는 유효하지 않음: null
2025-06-27 14:03:59.441 [http-nio-8080-exec-7] [INFO] o.e.b.s.j.JwtTokenFilter - ❌ 토큰 없음 또는 유효하지 않음: null
2025-06-27 14:04:04.442 [http-nio-8080-exec-3] [INFO] o.e.b.s.j.JwtTokenFilter - ❌ 토큰 없음 또는 유효하지 않음: null
2025-06-27 14:04:09.441 [http-nio-8080-exec-10] [INFO] o.e.b.s.j.JwtTokenFilter - ❌ 토큰 없음 또는 유효하지 않음: null
2025-06-27 14:04:14.439 [http-nio-8080-exec-9] [INFO] o.e.b.s.j.JwtTokenFilter - ❌ 토큰 없음 또는 유효하지 않음: null
2025-06-27 14:04:19.439 [http-nio-8080-exec-1] [INFO] o.e.b.s.j.JwtTokenFilter - ❌ 토큰 없음 또는 유효하지 않음: null
2025-06-27 14:04:24.439 [http-nio-8080-exec-2] [INFO] o.e.b.s.j.JwtTokenFilter - ❌ 토큰 없음 또는 유효하지 않음: null
2025-06-27 14:04:29.439 [http-nio-8080-exec-8] [INFO] o.e.b.s.j.JwtTokenFilter - ❌ 토큰 없음 또는 유효하지 않음: null
2025-06-27 14:04:34.441 [http-nio-8080-exec-5] [INFO] o.e.b.s.j.JwtTokenFilter - ❌ 토큰 없음 또는 유효하지 않음: null
2025-06-27 14:04:39.438 [http-nio-8080-exec-6] [INFO] o.e.b.s.j.JwtTokenFilter - ❌ 토큰 없음 또는 유효하지 않음: null
2025-06-27 14:04:44.437 [http-nio-8080-exec-4] [INFO] o.e.b.s.j.JwtTokenFilter - ❌ 토큰 없음 또는 유효하지 않음: null
2025-06-27 14:04:49.437 [http-nio-8080-exec-7] [INFO] o.e.b.s.j.JwtTokenFilter - ❌ 토큰 없음 또는 유효하지 않음: null
2025-06-27 14:04:54.437 [http-nio-8080-exec-3] [INFO] o.e.b.s.j.JwtTokenFilter - ❌ 토큰 없음 또는 유효하지 않음: null
2025-06-27 14:04:59.439 [http-nio-8080-exec-10] [INFO] o.e.b.s.j.JwtTokenFilter - ❌ 토큰 없음 또는 유효하지 않음: null
2025-06-27 14:05:04.437 [http-nio-8080-exec-9] [INFO] o.e.b.s.j.JwtTokenFilter - ❌ 토큰 없음 또는 유효하지 않음: null
2025-06-27 14:05:09.437 [http-nio-8080-exec-1] [INFO] o.e.b.s.j.JwtTokenFilter - ❌ 토큰 없음 또는 유효하지 않음: null
2025-06-27 14:05:14.436 [http-nio-8080-exec-2] [INFO] o.e.b.s.j.JwtTokenFilter - ❌ 토큰 없음 또는 유효하지 않음: null
2025-06-27 14:05:19.436 [http-nio-8080-exec-8] [INFO] o.e.b.s.j.JwtTokenFilter - ❌ 토큰 없음 또는 유효하지 않음: null
2025-06-27 14:05:24.436 [http-nio-8080-exec-5] [INFO] o.e.b.s.j.JwtTokenFilter - ❌ 토큰 없음 또는 유효하지 않음: null
2025-06-27 14:05:29.435 [http-nio-8080-exec-6] [INFO] o.e.b.s.j.JwtTokenFilter - ❌ 토큰 없음 또는 유효하지 않음: null
2025-06-27 14:05:34.435 [http-nio-8080-exec-4] [INFO] o.e.b.s.j.JwtTokenFilter - ❌ 토큰 없음 또는 유효하지 않음: null
2025-06-27 14:05:39.435 [http-nio-8080-exec-7] [INFO] o.e.b.s.j.JwtTokenFilter - ❌ 토큰 없음 또는 유효하지 않음: null
2025-06-27 14:05:44.433 [http-nio-8080-exec-3] [INFO] o.e.b.s.j.JwtTokenFilter - ❌ 토큰 없음 또는 유효하지 않음: null
2025-06-27 14:05:49.436 [http-nio-8080-exec-10] [INFO] o.e.b.s.j.JwtTokenFilter - ❌ 토큰 없음 또는 유효하지 않음: null
2025-06-27 14:05:54.434 [http-nio-8080-exec-9] [INFO] o.e.b.s.j.JwtTokenFilter - ❌ 토큰 없음 또는 유효하지 않음: null
2025-06-27 14:05:59.435 [http-nio-8080-exec-1] [INFO] o.e.b.s.j.JwtTokenFilter - ❌ 토큰 없음 또는 유효하지 않음: null
2025-06-27 14:06:04.434 [http-nio-8080-exec-2] [INFO] o.e.b.s.j.JwtTokenFilter - ❌ 토큰 없음 또는 유효하지 않음: null
2025-06-27 14:06:09.434 [http-nio-8080-exec-8] [INFO] o.e.b.s.j.JwtTokenFilter - ❌ 토큰 없음 또는 유효하지 않음: null
2025-06-27 14:06:14.432 [http-nio-8080-exec-5] [INFO] o.e.b.s.j.JwtTokenFilter - ❌ 토큰 없음 또는 유효하지 않음: null
2025-06-27 14:06:19.432 [http-nio-8080-exec-6] [INFO] o.e.b.s.j.JwtTokenFilter - ❌ 토큰 없음 또는 유효하지 않음: null
2025-06-27 14:06:24.433 [http-nio-8080-exec-4] [INFO] o.e.b.s.j.JwtTokenFilter - ❌ 토큰 없음 또는 유효하지 않음: null
2025-06-27 14:06:29.433 [http-nio-8080-exec-7] [INFO] o.e.b.s.j.JwtTokenFilter - ❌ 토큰 없음 또는 유효하지 않음: null
2025-06-27 14:06:34.431 [http-nio-8080-exec-3] [INFO] o.e.b.s.j.JwtTokenFilter - ❌ 토큰 없음 또는 유효하지 않음: null
2025-06-27 14:06:39.419 [http-nio-8080-exec-10] [INFO] o.e.b.s.j.JwtTokenFilter - ❌ 토큰 없음 또는 유효하지 않음: null
2025-06-27 14:06:44.416 [http-nio-8080-exec-9] [INFO] o.e.b.s.j.JwtTokenFilter - ❌ 토큰 없음 또는 유효하지 않음: null
2025-06-27 14:06:49.410 [http-nio-8080-exec-1] [INFO] o.e.b.s.j.JwtTokenFilter - ❌ 토큰 없음 또는 유효하지 않음: null
2025-06-27 14:06:54.409 [http-nio-8080-exec-2] [INFO] o.e.b.s.j.JwtTokenFilter - ❌ 토큰 없음 또는 유효하지 않음: null
2025-06-27 14:06:59.410 [http-nio-8080-exec-8] [INFO] o.e.b.s.j.JwtTokenFilter - ❌ 토큰 없음 또는 유효하지 않음: null
2025-06-27 14:07:04.406 [http-nio-8080-exec-5] [INFO] o.e.b.s.j.JwtTokenFilter - ❌ 토큰 없음 또는 유효하지 않음: null
2025-06-27 14:07:09.404 [http-nio-8080-exec-6] [INFO] o.e.b.s.j.JwtTokenFilter - ❌ 토큰 없음 또는 유효하지 않음: null
2025-06-27 14:07:14.403 [http-nio-8080-exec-4] [INFO] o.e.b.s.j.JwtTokenFilter - ❌ 토큰 없음 또는 유효하지 않음: null
2025-06-27 14:07:19.411 [http-nio-8080-exec-7] [INFO] o.e.b.s.j.JwtTokenFilter - ❌ 토큰 없음 또는 유효하지 않음: null
2025-06-27 14:07:24.411 [http-nio-8080-exec-3] [INFO] o.e.b.s.j.JwtTokenFilter - ❌ 토큰 없음 또는 유효하지 않음: null
2025-06-27 14:07:29.408 [http-nio-8080-exec-10] [INFO] o.e.b.s.j.JwtTokenFilter - ❌ 토큰 없음 또는 유효하지 않음: null
2025-06-27 14:07:34.406 [http-nio-8080-exec-9] [INFO] o.e.b.s.j.JwtTokenFilter - ❌ 토큰 없음 또는 유효하지 않음: null
2025-06-27 14:07:39.406 [http-nio-8080-exec-1] [INFO] o.e.b.s.j.JwtTokenFilter - ❌ 토큰 없음 또는 유효하지 않음: null
2025-06-27 14:07:44.407 [http-nio-8080-exec-2] [INFO] o.e.b.s.j.JwtTokenFilter - ❌ 토큰 없음 또는 유효하지 않음: null
2025-06-27 14:07:49.407 [http-nio-8080-exec-8] [INFO] o.e.b.s.j.JwtTokenFilter - ❌ 토큰 없음 또는 유효하지 않음: null
2025-06-27 14:07:54.407 [http-nio-8080-exec-5] [INFO] o.e.b.s.j.JwtTokenFilter - ❌ 토큰 없음 또는 유효하지 않음: null
2025-06-27 14:07:59.408 [http-nio-8080-exec-6] [INFO] o.e.b.s.j.JwtTokenFilter - ❌ 토큰 없음 또는 유효하지 않음: null
2025-06-27 14:08:04.407 [http-nio-8080-exec-4] [INFO] o.e.b.s.j.JwtTokenFilter - ❌ 토큰 없음 또는 유효하지 않음: null
2025-06-27 14:08:09.407 [http-nio-8080-exec-7] [INFO] o.e.b.s.j.JwtTokenFilter - ❌ 토큰 없음 또는 유효하지 않음: null
2025-06-27 14:08:14.408 [http-nio-8080-exec-3] [INFO] o.e.b.s.j.JwtTokenFilter - ❌ 토큰 없음 또는 유효하지 않음: null
2025-06-27 14:08:19.406 [http-nio-8080-exec-10] [INFO] o.e.b.s.j.JwtTokenFilter - ❌ 토큰 없음 또는 유효하지 않음: null
2025-06-27 14:08:24.406 [http-nio-8080-exec-9] [INFO] o.e.b.s.j.JwtTokenFilter - ❌ 토큰 없음 또는 유효하지 않음: null
2025-06-27 14:08:29.405 [http-nio-8080-exec-1] [INFO] o.e.b.s.j.JwtTokenFilter - ❌ 토큰 없음 또는 유효하지 않음: null
2025-06-27 14:08:34.405 [http-nio-8080-exec-2] [INFO] o.e.b.s.j.JwtTokenFilter - ❌ 토큰 없음 또는 유효하지 않음: null
2025-06-27 14:08:39.404 [http-nio-8080-exec-8] [INFO] o.e.b.s.j.JwtTokenFilter - ❌ 토큰 없음 또는 유효하지 않음: null
2025-06-27 14:08:44.403 [http-nio-8080-exec-5] [INFO] o.e.b.s.j.JwtTokenFilter - ❌ 토큰 없음 또는 유효하지 않음: null
2025-06-27 14:08:49.405 [http-nio-8080-exec-6] [INFO] o.e.b.s.j.JwtTokenFilter - ❌ 토큰 없음 또는 유효하지 않음: null
2025-06-27 14:08:54.404 [http-nio-8080-exec-4] [INFO] o.e.b.s.j.JwtTokenFilter - ❌ 토큰 없음 또는 유효하지 않음: null
2025-06-27 14:08:59.405 [http-nio-8080-exec-7] [INFO] o.e.b.s.j.JwtTokenFilter - ❌ 토큰 없음 또는 유효하지 않음: null
2025-06-27 14:09:04.405 [http-nio-8080-exec-3] [INFO] o.e.b.s.j.JwtTokenFilter - ❌ 토큰 없음 또는 유효하지 않음: null
2025-06-27 14:09:09.404 [http-nio-8080-exec-10] [INFO] o.e.b.s.j.JwtTokenFilter - ❌ 토큰 없음 또는 유효하지 않음: null
2025-06-27 14:09:14.403 [http-nio-8080-exec-9] [INFO] o.e.b.s.j.JwtTokenFilter - ❌ 토큰 없음 또는 유효하지 않음: null
2025-06-27 14:09:19.402 [http-nio-8080-exec-1] [INFO] o.e.b.s.j.JwtTokenFilter - ❌ 토큰 없음 또는 유효하지 않음: null
2025-06-27 14:09:24.403 [http-nio-8080-exec-2] [INFO] o.e.b.s.j.JwtTokenFilter - ❌ 토큰 없음 또는 유효하지 않음: null
2025-06-27 14:09:29.404 [http-nio-8080-exec-8] [INFO] o.e.b.s.j.JwtTokenFilter - ❌ 토큰 없음 또는 유효하지 않음: null
2025-06-27 14:09:34.401 [http-nio-8080-exec-5] [INFO] o.e.b.s.j.JwtTokenFilter - ❌ 토큰 없음 또는 유효하지 않음: null
2025-06-27 14:09:39.404 [http-nio-8080-exec-6] [INFO] o.e.b.s.j.JwtTokenFilter - ❌ 토큰 없음 또는 유효하지 않음: null
2025-06-27 14:09:44.403 [http-nio-8080-exec-4] [INFO] o.e.b.s.j.JwtTokenFilter - ❌ 토큰 없음 또는 유효하지 않음: null
2025-06-27 14:09:49.402 [http-nio-8080-exec-7] [INFO] o.e.b.s.j.JwtTokenFilter - ❌ 토큰 없음 또는 유효하지 않음: null
2025-06-27 14:09:54.402 [http-nio-8080-exec-3] [INFO] o.e.b.s.j.JwtTokenFilter - ❌ 토큰 없음 또는 유효하지 않음: null
2025-06-27 14:09:59.402 [http-nio-8080-exec-10] [INFO] o.e.b.s.j.JwtTokenFilter - ❌ 토큰 없음 또는 유효하지 않음: null
2025-06-27 14:10:04.402 [http-nio-8080-exec-9] [INFO] o.e.b.s.j.JwtTokenFilter - ❌ 토큰 없음 또는 유효하지 않음: null
2025-06-27 14:10:09.401 [http-nio-8080-exec-1] [INFO] o.e.b.s.j.JwtTokenFilter - ❌ 토큰 없음 또는 유효하지 않음: null
2025-06-27 14:10:14.400 [http-nio-8080-exec-2] [INFO] o.e.b.s.j.JwtTokenFilter - ❌ 토큰 없음 또는 유효하지 않음: null
2025-06-27 14:10:19.400 [http-nio-8080-exec-8] [INFO] o.e.b.s.j.JwtTokenFilter - ❌ 토큰 없음 또는 유효하지 않음: null
2025-06-27 14:10:24.400 [http-nio-8080-exec-5] [INFO] o.e.b.s.j.JwtTokenFilter - ❌ 토큰 없음 또는 유효하지 않음: null
2025-06-27 14:10:29.400 [http-nio-8080-exec-6] [INFO] o.e.b.s.j.JwtTokenFilter - ❌ 토큰 없음 또는 유효하지 않음: null
2025-06-27 14:10:34.400 [http-nio-8080-exec-4] [INFO] o.e.b.s.j.JwtTokenFilter - ❌ 토큰 없음 또는 유효하지 않음: null
2025-06-27 14:10:39.400 [http-nio-8080-exec-7] [INFO] o.e.b.s.j.JwtTokenFilter - ❌ 토큰 없음 또는 유효하지 않음: null
2025-06-27 14:10:44.399 [http-nio-8080-exec-3] [INFO] o.e.b.s.j.JwtTokenFilter - ❌ 토큰 없음 또는 유효하지 않음: null
2025-06-27 14:10:49.398 [http-nio-8080-exec-10] [INFO] o.e.b.s.j.JwtTokenFilter - ❌ 토큰 없음 또는 유효하지 않음: null
2025-06-27 14:10:54.398 [http-nio-8080-exec-9] [INFO] o.e.b.s.j.JwtTokenFilter - ❌ 토큰 없음 또는 유효하지 않음: null
2025-06-27 14:10:59.399 [http-nio-8080-exec-1] [INFO] o.e.b.s.j.JwtTokenFilter - ❌ 토큰 없음 또는 유효하지 않음: null
2025-06-27 14:11:04.399 [http-nio-8080-exec-2] [INFO] o.e.b.s.j.JwtTokenFilter - ❌ 토큰 없음 또는 유효하지 않음: null
2025-06-27 14:11:09.399 [http-nio-8080-exec-8] [INFO] o.e.b.s.j.JwtTokenFilter - ❌ 토큰 없음 또는 유효하지 않음: null
2025-06-27 14:11:14.396 [http-nio-8080-exec-5] [INFO] o.e.b.s.j.JwtTokenFilter - ❌ 토큰 없음 또는 유효하지 않음: null
2025-06-27 14:11:19.398 [http-nio-8080-exec-6] [INFO] o.e.b.s.j.JwtTokenFilter - ❌ 토큰 없음 또는 유효하지 않음: null
2025-06-27 14:11:24.396 [http-nio-8080-exec-4] [INFO] o.e.b.s.j.JwtTokenFilter - ❌ 토큰 없음 또는 유효하지 않음: null
2025-06-27 14:11:29.417 [http-nio-8080-exec-7] [INFO] o.e.b.s.j.JwtTokenFilter - ❌ 토큰 없음 또는 유효하지 않음: null
2025-06-27 14:11:34.397 [http-nio-8080-exec-3] [INFO] o.e.b.s.j.JwtTokenFilter - ❌ 토큰 없음 또는 유효하지 않음: null
2025-06-27 14:12:30.770 [http-nio-8080-exec-9] [INFO] o.e.b.s.j.JwtTokenFilter - ❌ 토큰 없음 또는 유효하지 않음: null
2025-06-27 14:12:35.737 [http-nio-8080-exec-1] [INFO] o.e.b.s.j.JwtTokenFilter - ❌ 토큰 없음 또는 유효하지 않음: null
2025-06-27 14:12:40.737 [http-nio-8080-exec-2] [INFO] o.e.b.s.j.JwtTokenFilter - ❌ 토큰 없음 또는 유효하지 않음: null
2025-06-27 14:12:45.738 [http-nio-8080-exec-8] [INFO] o.e.b.s.j.JwtTokenFilter - ❌ 토큰 없음 또는 유효하지 않음: null
2025-06-27 14:12:50.738 [http-nio-8080-exec-5] [INFO] o.e.b.s.j.JwtTokenFilter - ❌ 토큰 없음 또는 유효하지 않음: null
2025-06-27 14:12:55.736 [http-nio-8080-exec-6] [INFO] o.e.b.s.j.JwtTokenFilter - ❌ 토큰 없음 또는 유효하지 않음: null
2025-06-27 14:13:00.738 [http-nio-8080-exec-4] [INFO] o.e.b.s.j.JwtTokenFilter - ❌ 토큰 없음 또는 유효하지 않음: null
2025-06-27 14:13:05.740 [http-nio-8080-exec-7] [INFO] o.e.b.s.j.JwtTokenFilter - ❌ 토큰 없음 또는 유효하지 않음: null
2025-06-27 14:13:10.737 [http-nio-8080-exec-3] [INFO] o.e.b.s.j.JwtTokenFilter - ❌ 토큰 없음 또는 유효하지 않음: null
2025-06-27 14:13:15.734 [http-nio-8080-exec-10] [INFO] o.e.b.s.j.JwtTokenFilter - ❌ 토큰 없음 또는 유효하지 않음: null
2025-06-27 14:13:20.736 [http-nio-8080-exec-9] [INFO] o.e.b.s.j.JwtTokenFilter - ❌ 토큰 없음 또는 유효하지 않음: null
2025-06-27 14:13:25.736 [http-nio-8080-exec-1] [INFO] o.e.b.s.j.JwtTokenFilter - ❌ 토큰 없음 또는 유효하지 않음: null
2025-06-27 14:13:30.735 [http-nio-8080-exec-2] [INFO] o.e.b.s.j.JwtTokenFilter - ❌ 토큰 없음 또는 유효하지 않음: null
2025-06-27 14:13:35.736 [http-nio-8080-exec-8] [INFO] o.e.b.s.j.JwtTokenFilter - ❌ 토큰 없음 또는 유효하지 않음: null
2025-06-27 14:13:40.735 [http-nio-8080-exec-5] [INFO] o.e.b.s.j.JwtTokenFilter - ❌ 토큰 없음 또는 유효하지 않음: null
2025-06-27 14:13:45.736 [http-nio-8080-exec-6] [INFO] o.e.b.s.j.JwtTokenFilter - ❌ 토큰 없음 또는 유효하지 않음: null
2025-06-27 14:13:50.734 [http-nio-8080-exec-4] [INFO] o.e.b.s.j.JwtTokenFilter - ❌ 토큰 없음 또는 유효하지 않음: null
2025-06-27 14:13:55.734 [http-nio-8080-exec-7] [INFO] o.e.b.s.j.JwtTokenFilter - ❌ 토큰 없음 또는 유효하지 않음: null
2025-06-27 14:14:00.733 [http-nio-8080-exec-3] [INFO] o.e.b.s.j.JwtTokenFilter - ❌ 토큰 없음 또는 유효하지 않음: null
2025-06-27 14:14:05.732 [http-nio-8080-exec-10] [INFO] o.e.b.s.j.JwtTokenFilter - ❌ 토큰 없음 또는 유효하지 않음: null
2025-06-27 14:14:10.733 [http-nio-8080-exec-9] [INFO] o.e.b.s.j.JwtTokenFilter - ❌ 토큰 없음 또는 유효하지 않음: null
2025-06-27 14:14:15.733 [http-nio-8080-exec-1] [INFO] o.e.b.s.j.JwtTokenFilter - ❌ 토큰 없음 또는 유효하지 않음: null
2025-06-27 14:14:20.731 [http-nio-8080-exec-2] [INFO] o.e.b.s.j.JwtTokenFilter - ❌ 토큰 없음 또는 유효하지 않음: null
2025-06-27 14:14:25.731 [http-nio-8080-exec-8] [INFO] o.e.b.s.j.JwtTokenFilter - ❌ 토큰 없음 또는 유효하지 않음: null
2025-06-27 14:14:30.731 [http-nio-8080-exec-5] [INFO] o.e.b.s.j.JwtTokenFilter - ❌ 토큰 없음 또는 유효하지 않음: null
2025-06-27 14:14:35.731 [http-nio-8080-exec-6] [INFO] o.e.b.s.j.JwtTokenFilter - ❌ 토큰 없음 또는 유효하지 않음: null
2025-06-27 14:14:40.730 [http-nio-8080-exec-4] [INFO] o.e.b.s.j.JwtTokenFilter - ❌ 토큰 없음 또는 유효하지 않음: null
2025-06-27 14:14:45.731 [http-nio-8080-exec-7] [INFO] o.e.b.s.j.JwtTokenFilter - ❌ 토큰 없음 또는 유효하지 않음: null
2025-06-27 14:14:50.730 [http-nio-8080-exec-3] [INFO] o.e.b.s.j.JwtTokenFilter - ❌ 토큰 없음 또는 유효하지 않음: null
2025-06-27 14:14:55.731 [http-nio-8080-exec-10] [INFO] o.e.b.s.j.JwtTokenFilter - ❌ 토큰 없음 또는 유효하지 않음: null
2025-06-27 14:15:00.729 [http-nio-8080-exec-9] [INFO] o.e.b.s.j.JwtTokenFilter - ❌ 토큰 없음 또는 유효하지 않음: null
2025-06-27 14:15:05.730 [http-nio-8080-exec-1] [INFO] o.e.b.s.j.JwtTokenFilter - ❌ 토큰 없음 또는 유효하지 않음: null
2025-06-27 14:15:10.731 [http-nio-8080-exec-2] [INFO] o.e.b.s.j.JwtTokenFilter - ❌ 토큰 없음 또는 유효하지 않음: null
2025-06-27 14:15:15.731 [http-nio-8080-exec-8] [INFO] o.e.b.s.j.JwtTokenFilter - ❌ 토큰 없음 또는 유효하지 않음: null
2025-06-27 14:15:20.730 [http-nio-8080-exec-5] [INFO] o.e.b.s.j.JwtTokenFilter - ❌ 토큰 없음 또는 유효하지 않음: null
2025-06-27 14:15:25.729 [http-nio-8080-exec-6] [INFO] o.e.b.s.j.JwtTokenFilter - ❌ 토큰 없음 또는 유효하지 않음: null
2025-06-27 14:15:30.729 [http-nio-8080-exec-4] [INFO] o.e.b.s.j.JwtTokenFilter - ❌ 토큰 없음 또는 유효하지 않음: null
2025-06-27 14:15:35.728 [http-nio-8080-exec-7] [INFO] o.e.b.s.j.JwtTokenFilter - ❌ 토큰 없음 또는 유효하지 않음: null
2025-06-27 14:15:40.728 [http-nio-8080-exec-3] [INFO] o.e.b.s.j.JwtTokenFilter - ❌ 토큰 없음 또는 유효하지 않음: null
2025-06-27 14:15:45.728 [http-nio-8080-exec-10] [INFO] o.e.b.s.j.JwtTokenFilter - ❌ 토큰 없음 또는 유효하지 않음: null
2025-06-27 14:15:50.728 [http-nio-8080-exec-9] [INFO] o.e.b.s.j.JwtTokenFilter - ❌ 토큰 없음 또는 유효하지 않음: null
2025-06-27 14:15:55.729 [http-nio-8080-exec-1] [INFO] o.e.b.s.j.JwtTokenFilter - ❌ 토큰 없음 또는 유효하지 않음: null
2025-06-27 14:16:00.702 [http-nio-8080-exec-2] [WARN] o.e.b.e.GlobalExceptionHandler - 런타임 예외 처리: 해당 유저를 찾을 수 없습니다.
2025-06-27 14:16:00.702 [http-nio-8080-exec-2] [ERROR] o.e.b.e.GlobalExceptionHandler - 에러발생!
2025-06-27 14:16:00.702 [http-nio-8080-exec-2] [ERROR] o.e.b.e.GlobalExceptionHandler - 에러발생!
2025-06-27 14:16:00.702 [http-nio-8080-exec-2] [ERROR] o.e.b.e.GlobalExceptionHandler - 에러발생!
2025-06-27 14:16:00.708 [http-nio-8080-exec-2] [WARN] o.s.w.s.m.m.a.ExceptionHandlerExceptionResolver - Resolved [java.lang.RuntimeException: 해당 유저를 찾을 수 없습니다.]
2025-06-27 14:16:00.726 [http-nio-8080-exec-8] [INFO] o.e.b.s.j.JwtTokenFilter - ❌ 토큰 없음 또는 유효하지 않음: null
2025-06-27 14:16:05.727 [http-nio-8080-exec-5] [INFO] o.e.b.s.j.JwtTokenFilter - ❌ 토큰 없음 또는 유효하지 않음: null
2025-06-27 14:16:10.727 [http-nio-8080-exec-6] [INFO] o.e.b.s.j.JwtTokenFilter - ❌ 토큰 없음 또는 유효하지 않음: null
2025-06-27 14:16:15.728 [http-nio-8080-exec-4] [INFO] o.e.b.s.j.JwtTokenFilter - ❌ 토큰 없음 또는 유효하지 않음: null
2025-06-27 14:16:20.726 [http-nio-8080-exec-7] [INFO] o.e.b.s.j.JwtTokenFilter - ❌ 토큰 없음 또는 유효하지 않음: null
2025-06-27 14:16:25.724 [http-nio-8080-exec-3] [INFO] o.e.b.s.j.JwtTokenFilter - ❌ 토큰 없음 또는 유효하지 않음: null
2025-06-27 14:16:26.915 [http-nio-8080-exec-9] [INFO] o.e.b.s.j.JwtTokenFilter - ❌ 토큰 없음 또는 유효하지 않음: null
2025-06-27 14:16:29.819 [http-nio-8080-exec-8] [WARN] o.e.b.e.GlobalExceptionHandler - 런타임 예외 처리: 해당 유저를 찾을 수 없습니다.
2025-06-27 14:16:29.820 [http-nio-8080-exec-8] [ERROR] o.e.b.e.GlobalExceptionHandler - 에러발생!
2025-06-27 14:16:29.820 [http-nio-8080-exec-8] [ERROR] o.e.b.e.GlobalExceptionHandler - 에러발생!
2025-06-27 14:16:29.820 [http-nio-8080-exec-8] [ERROR] o.e.b.e.GlobalExceptionHandler - 에러발생!
2025-06-27 14:16:29.820 [http-nio-8080-exec-8] [WARN] o.s.w.s.m.m.a.ExceptionHandlerExceptionResolver - Resolved [java.lang.RuntimeException: 해당 유저를 찾을 수 없습니다.]
2025-06-27 14:16:30.727 [http-nio-8080-exec-5] [INFO] o.e.b.s.j.JwtTokenFilter - ❌ 토큰 없음 또는 유효하지 않음: null
2025-06-27 14:16:35.724 [http-nio-8080-exec-6] [INFO] o.e.b.s.j.JwtTokenFilter - ❌ 토큰 없음 또는 유효하지 않음: null
2025-06-27 14:16:40.725 [http-nio-8080-exec-4] [INFO] o.e.b.s.j.JwtTokenFilter - ❌ 토큰 없음 또는 유효하지 않음: null
2025-06-27 14:16:45.724 [http-nio-8080-exec-7] [INFO] o.e.b.s.j.JwtTokenFilter - ❌ 토큰 없음 또는 유효하지 않음: null
2025-06-27 14:16:50.725 [http-nio-8080-exec-3] [INFO] o.e.b.s.j.JwtTokenFilter - ❌ 토큰 없음 또는 유효하지 않음: null
2025-06-27 14:16:55.066 [SpringApplicationShutdownHook] [INFO] o.s.b.w.e.t.GracefulShutdown - Commencing graceful shutdown. Waiting for active requests to complete
2025-06-27 14:16:55.326 [tomcat-shutdown] [INFO] o.s.b.w.e.t.GracefulShutdown - Graceful shutdown complete
2025-06-27 14:16:55.349 [SpringApplicationShutdownHook] [INFO] o.s.m.s.b.SimpleBrokerMessageHandler - Stopping...
2025-06-27 14:16:55.349 [SpringApplicationShutdownHook] [INFO] o.s.m.s.b.SimpleBrokerMessageHandler - BrokerAvailabilityEvent[available=false, SimpleBrokerMessageHandler [org.springframework.messaging.simp.broker.DefaultSubscriptionRegistry@616f1a1e]]
2025-06-27 14:16:55.350 [SpringApplicationShutdownHook] [INFO] o.s.m.s.b.SimpleBrokerMessageHandler - Stopped.
2025-06-27 14:16:55.543 [SpringApplicationShutdownHook] [INFO] o.s.o.j.LocalContainerEntityManagerFactoryBean - Closing JPA EntityManagerFactory for persistence unit 'default'
2025-06-27 14:16:55.572 [SpringApplicationShutdownHook] [INFO] c.z.h.HikariDataSource - HikariPool-1 - Shutdown initiated...
2025-06-27 14:16:55.587 [SpringApplicationShutdownHook] [INFO] c.z.h.HikariDataSource - HikariPool-1 - Shutdown completed.
2025-06-27 14:17:08.669 [restartedMain] [INFO] o.e.b.BackendProjectApplication - Starting BackendProjectApplication using Java 17.0.12 with PID 4432 (C:\backend5\backendProject\build\classes\java\main started by win11 in C:\backend5)
2025-06-27 14:17:08.677 [restartedMain] [INFO] o.e.b.BackendProjectApplication - The following 1 profile is active: "dev"
2025-06-27 14:17:08.904 [restartedMain] [INFO] o.s.b.d.e.DevToolsPropertyDefaultsPostProcessor - Devtools property defaults active! Set 'spring.devtools.add-properties' to 'false' to disable
2025-06-27 14:17:08.905 [restartedMain] [INFO] o.s.b.d.e.DevToolsPropertyDefaultsPostProcessor - For additional web related logging consider setting the 'logging.level.web' property to 'DEBUG'
2025-06-27 14:17:12.395 [restartedMain] [INFO] o.s.d.r.c.RepositoryConfigurationDelegate - Multiple Spring Data modules found, entering strict repository configuration mode
2025-06-27 14:17:12.401 [restartedMain] [INFO] o.s.d.r.c.RepositoryConfigurationDelegate - Bootstrapping Spring Data JPA repositories in DEFAULT mode.
2025-06-27 14:17:13.173 [restartedMain] [INFO] o.s.d.r.c.RepositoryConfigurationDelegate - Finished Spring Data repository scanning in 739 ms. Found 5 JPA repository interfaces.
2025-06-27 14:17:13.215 [restartedMain] [INFO] o.s.d.r.c.RepositoryConfigurationDelegate - Multiple Spring Data modules found, entering strict repository configuration mode
2025-06-27 14:17:13.219 [restartedMain] [INFO] o.s.d.r.c.RepositoryConfigurationDelegate - Bootstrapping Spring Data Redis repositories in DEFAULT mode.
2025-06-27 14:17:13.290 [restartedMain] [INFO] o.s.d.r.c.RepositoryConfigurationExtensionSupport - Spring Data Redis - Could not safely identify store assignment for repository candidate interface org.example.backendproject.Auth.repository.AuthRepository; If you want this repository to be a Redis repository, consider annotating your entities with one of these annotations: org.springframework.data.redis.core.RedisHash (preferred), or consider extending one of the following types with your repository: org.springframework.data.keyvalue.repository.KeyValueRepository
2025-06-27 14:17:13.294 [restartedMain] [INFO] o.s.d.r.c.RepositoryConfigurationExtensionSupport - Spring Data Redis - Could not safely identify store assignment for repository candidate interface org.example.backendproject.board.repository.BoardRepository; If you want this repository to be a Redis repository, consider annotating your entities with one of these annotations: org.springframework.data.redis.core.RedisHash (preferred), or consider extending one of the following types with your repository: org.springframework.data.keyvalue.repository.KeyValueRepository
2025-06-27 14:17:13.295 [restartedMain] [INFO] o.s.d.r.c.RepositoryConfigurationExtensionSupport - Spring Data Redis - Could not safely identify store assignment for repository candidate interface org.example.backendproject.comment.repository.CommentRepository; If you want this repository to be a Redis repository, consider annotating your entities with one of these annotations: org.springframework.data.redis.core.RedisHash (preferred), or consider extending one of the following types with your repository: org.springframework.data.keyvalue.repository.KeyValueRepository
2025-06-27 14:17:13.297 [restartedMain] [INFO] o.s.d.r.c.RepositoryConfigurationExtensionSupport - Spring Data Redis - Could not safely identify store assignment for repository candidate interface org.example.backendproject.purewebsocket.room.repository.RoomRepository; If you want this repository to be a Redis repository, consider annotating your entities with one of these annotations: org.springframework.data.redis.core.RedisHash (preferred), or consider extending one of the following types with your repository: org.springframework.data.keyvalue.repository.KeyValueRepository
2025-06-27 14:17:13.298 [restartedMain] [INFO] o.s.d.r.c.RepositoryConfigurationExtensionSupport - Spring Data Redis - Could not safely identify store assignment for repository candidate interface org.example.backendproject.user.repository.UserRepository; If you want this repository to be a Redis repository, consider annotating your entities with one of these annotations: org.springframework.data.redis.core.RedisHash (preferred), or consider extending one of the following types with your repository: org.springframework.data.keyvalue.repository.KeyValueRepository
2025-06-27 14:17:13.298 [restartedMain] [INFO] o.s.d.r.c.RepositoryConfigurationDelegate - Finished Spring Data repository scanning in 49 ms. Found 0 Redis repository interfaces.
2025-06-27 14:17:16.184 [restartedMain] [INFO] o.s.b.w.e.t.TomcatWebServer - Tomcat initialized with port 8080 (http)
2025-06-27 14:17:16.225 [restartedMain] [INFO] o.a.c.h.Http11NioProtocol - Initializing ProtocolHandler ["http-nio-8080"]
2025-06-27 14:17:16.229 [restartedMain] [INFO] o.a.c.c.StandardService - Starting service [Tomcat]
2025-06-27 14:17:16.232 [restartedMain] [INFO] o.a.c.c.StandardEngine - Starting Servlet engine: [Apache Tomcat/10.1.41]
2025-06-27 14:17:16.466 [restartedMain] [INFO] o.a.c.c.C.[.[.[/] - Initializing Spring embedded WebApplicationContext
2025-06-27 14:17:16.468 [restartedMain] [INFO] o.s.b.w.s.c.ServletWebServerApplicationContext - Root WebApplicationContext: initialization completed in 7560 ms
2025-06-27 14:17:17.495 [restartedMain] [INFO] o.h.j.i.u.LogHelper - HHH000204: Processing PersistenceUnitInfo [name: default]
2025-06-27 14:17:17.718 [restartedMain] [INFO] o.h.Version - HHH000412: Hibernate ORM core version 6.6.15.Final
2025-06-27 14:17:17.884 [restartedMain] [INFO] o.h.c.i.RegionFactoryInitiator - HHH000026: Second-level cache disabled
2025-06-27 14:17:19.759 [restartedMain] [INFO] o.s.o.j.p.SpringPersistenceUnitInfo - No LoadTimeWeaver setup: ignoring JPA class transformer
2025-06-27 14:17:19.945 [restartedMain] [INFO] c.z.h.HikariDataSource - HikariPool-1 - Starting...
2025-06-27 14:17:21.216 [restartedMain] [INFO] c.z.h.p.HikariPool - HikariPool-1 - Added connection com.mysql.cj.jdbc.ConnectionImpl@7fdf3272
2025-06-27 14:17:21.227 [restartedMain] [INFO] c.z.h.HikariDataSource - HikariPool-1 - Start completed.
2025-06-27 14:17:21.521 [restartedMain] [WARN] o.h.o.deprecation - HHH90000025: MySQL8Dialect does not need to be specified explicitly using 'hibernate.dialect' (remove the property setting and it will be selected by default)
2025-06-27 14:17:21.527 [restartedMain] [WARN] o.h.o.deprecation - HHH90000026: MySQL8Dialect has been deprecated; use org.hibernate.dialect.MySQLDialect instead
2025-06-27 14:17:21.655 [restartedMain] [INFO] o.h.o.c.pooling - HHH10001005: Database info:
	Database JDBC URL [Connecting through datasource 'HikariDataSource (HikariPool-1)']
	Database driver: undefined/unknown
	Database version: 8.0
	Autocommit mode: undefined/unknown
	Isolation level: undefined/unknown
	Minimum pool size: undefined/unknown
	Maximum pool size: undefined/unknown
2025-06-27 14:17:26.239 [restartedMain] [INFO] o.h.e.t.j.p.i.JtaPlatformInitiator - HHH000489: No JTA platform available (set 'hibernate.transaction.jta.platform' to enable JTA platform integration)
2025-06-27 14:17:26.535 [restartedMain] [INFO] o.s.o.j.LocalContainerEntityManagerFactoryBean - Initialized JPA EntityManagerFactory for persistence unit 'default'
2025-06-27 14:17:29.148 [restartedMain] [INFO] o.s.d.j.r.q.QueryEnhancerFactory - Hibernate is in classpath; If applicable, HQL parser will be used.
2025-06-27 14:17:33.073 [restartedMain] [WARN] o.s.b.a.o.j.JpaBaseConfiguration$JpaWebConfiguration - spring.jpa.open-in-view is enabled by default. Therefore, database queries may be performed during view rendering. Explicitly configure spring.jpa.open-in-view to disable this warning
2025-06-27 14:17:33.263 [restartedMain] [INFO] o.s.b.a.w.s.WelcomePageHandlerMapping - Adding welcome page: class path resource [static/index.html]
2025-06-27 14:17:33.601 [restartedMain] [INFO] o.s.b.a.e.w.EndpointLinksResolver - Exposing 14 endpoints beneath base path '/actuator'
2025-06-27 14:17:33.629 [restartedMain] [WARN] o.s.s.c.a.a.c.InitializeUserDetailsBeanManagerConfigurer$InitializeUserDetailsManagerConfigurer - Found 2 UserDetailsService beans, with names [customUserDetailService, customUserDetailsService]. Global Authentication Manager will not use a UserDetailsService for username/password login. Consider publishing a single UserDetailsService bean.
2025-06-27 14:17:34.171 [restartedMain] [INFO] o.s.b.d.a.OptionalLiveReloadServer - LiveReload server is running on port 35729
2025-06-27 14:17:34.238 [restartedMain] [INFO] o.s.m.s.b.SimpleBrokerMessageHandler - Starting...
2025-06-27 14:17:34.239 [restartedMain] [INFO] o.s.m.s.b.SimpleBrokerMessageHandler - BrokerAvailabilityEvent[available=true, SimpleBrokerMessageHandler [org.springframework.messaging.simp.broker.DefaultSubscriptionRegistry@3e48c7c1]]
2025-06-27 14:17:34.240 [restartedMain] [INFO] o.s.m.s.b.SimpleBrokerMessageHandler - Started.
2025-06-27 14:17:34.240 [restartedMain] [INFO] o.a.c.h.Http11NioProtocol - Starting ProtocolHandler ["http-nio-8080"]
2025-06-27 14:17:34.265 [restartedMain] [INFO] o.s.b.w.e.t.TomcatWebServer - Tomcat started on port 8080 (http) with context path '/'
2025-06-27 14:17:34.852 [restartedMain] [INFO] o.e.b.BackendProjectApplication - Started BackendProjectApplication in 27.872 seconds (process running for 29.619)
2025-06-27 14:17:35.331 [RMI TCP Connection(7)-172.31.98.113] [INFO] o.a.c.c.C.[.[.[/] - Initializing Spring DispatcherServlet 'dispatcherServlet'
2025-06-27 14:17:35.332 [RMI TCP Connection(7)-172.31.98.113] [INFO] o.s.w.s.DispatcherServlet - Initializing Servlet 'dispatcherServlet'
2025-06-27 14:17:35.334 [RMI TCP Connection(7)-172.31.98.113] [INFO] o.s.w.s.DispatcherServlet - Completed initialization in 2 ms
2025-06-27 14:17:36.040 [http-nio-8080-exec-1] [INFO] o.e.b.s.j.JwtTokenFilter - ❌ 토큰 없음 또는 유효하지 않음: null
2025-06-27 14:17:40.724 [http-nio-8080-exec-2] [INFO] o.e.b.s.j.JwtTokenFilter - ❌ 토큰 없음 또는 유효하지 않음: null
2025-06-27 14:17:45.727 [http-nio-8080-exec-3] [INFO] o.e.b.s.j.JwtTokenFilter - ❌ 토큰 없음 또는 유효하지 않음: null
2025-06-27 14:17:50.724 [http-nio-8080-exec-4] [INFO] o.e.b.s.j.JwtTokenFilter - ❌ 토큰 없음 또는 유효하지 않음: null
2025-06-27 14:17:55.724 [http-nio-8080-exec-5] [INFO] o.e.b.s.j.JwtTokenFilter - ❌ 토큰 없음 또는 유효하지 않음: null
2025-06-27 14:18:00.721 [http-nio-8080-exec-6] [INFO] o.e.b.s.j.JwtTokenFilter - ❌ 토큰 없음 또는 유효하지 않음: null
2025-06-27 14:18:05.723 [http-nio-8080-exec-7] [INFO] o.e.b.s.j.JwtTokenFilter - ❌ 토큰 없음 또는 유효하지 않음: null
2025-06-27 14:18:06.473 [http-nio-8080-exec-8] [WARN] o.e.b.e.GlobalExceptionHandler - 런타임 예외 처리: 해당 유저를 찾을 수 없습니다.
2025-06-27 14:18:06.484 [http-nio-8080-exec-8] [WARN] o.s.w.s.m.m.a.ExceptionHandlerExceptionResolver - Resolved [java.lang.RuntimeException: 해당 유저를 찾을 수 없습니다.]
2025-06-27 14:18:06.697 [http-nio-8080-exec-9] [WARN] o.e.b.e.GlobalExceptionHandler - 런타임 예외 처리: 해당 유저를 찾을 수 없습니다.
2025-06-27 14:18:06.698 [http-nio-8080-exec-9] [WARN] o.s.w.s.m.m.a.ExceptionHandlerExceptionResolver - Resolved [java.lang.RuntimeException: 해당 유저를 찾을 수 없습니다.]
2025-06-27 14:18:07.248 [http-nio-8080-exec-10] [WARN] o.e.b.e.GlobalExceptionHandler - 런타임 예외 처리: 해당 유저를 찾을 수 없습니다.
2025-06-27 14:18:07.249 [http-nio-8080-exec-10] [WARN] o.s.w.s.m.m.a.ExceptionHandlerExceptionResolver - Resolved [java.lang.RuntimeException: 해당 유저를 찾을 수 없습니다.]
2025-06-27 14:18:10.722 [http-nio-8080-exec-1] [INFO] o.e.b.s.j.JwtTokenFilter - ❌ 토큰 없음 또는 유효하지 않음: null
2025-06-27 14:18:15.723 [http-nio-8080-exec-2] [INFO] o.e.b.s.j.JwtTokenFilter - ❌ 토큰 없음 또는 유효하지 않음: null
2025-06-27 14:18:20.725 [http-nio-8080-exec-3] [INFO] o.e.b.s.j.JwtTokenFilter - ❌ 토큰 없음 또는 유효하지 않음: null
2025-06-27 14:18:25.724 [http-nio-8080-exec-4] [INFO] o.e.b.s.j.JwtTokenFilter - ❌ 토큰 없음 또는 유효하지 않음: null
2025-06-27 14:18:30.720 [http-nio-8080-exec-5] [INFO] o.e.b.s.j.JwtTokenFilter - ❌ 토큰 없음 또는 유효하지 않음: null
2025-06-27 14:18:34.203 [MessageBroker-1] [INFO] o.s.w.s.c.WebSocketMessageBrokerStats - WebSocketSession[0 current WS(0)-HttpStream(0)-HttpPoll(0), 0 total, 0 closed abnormally (0 connect failure, 0 send limit, 0 transport error)], stompSubProtocol[processed CONNECT(0)-CONNECTED(0)-DISCONNECT(0)], stompBrokerRelay[null], inboundChannel[pool size = 0, active threads = 0, queued tasks = 0, completed tasks = 0], outboundChannel[pool size = 0, active threads = 0, queued tasks = 0, completed tasks = 0], sockJsScheduler[pool size = 1, active threads = 1, queued tasks = 0, completed tasks = 0]
2025-06-27 14:18:35.721 [http-nio-8080-exec-6] [INFO] o.e.b.s.j.JwtTokenFilter - ❌ 토큰 없음 또는 유효하지 않음: null
2025-06-27 14:18:40.223 [http-nio-8080-exec-7] [WARN] o.e.b.e.GlobalExceptionHandler - 런타임 예외 처리: 해당 유저를 찾을 수 없습니다.
2025-06-27 14:18:40.225 [http-nio-8080-exec-7] [WARN] o.s.w.s.m.m.a.ExceptionHandlerExceptionResolver - Resolved [java.lang.RuntimeException: 해당 유저를 찾을 수 없습니다.]
2025-06-27 14:18:40.380 [http-nio-8080-exec-8] [WARN] o.e.b.e.GlobalExceptionHandler - 런타임 예외 처리: 해당 유저를 찾을 수 없습니다.
2025-06-27 14:18:40.382 [http-nio-8080-exec-8] [WARN] o.s.w.s.m.m.a.ExceptionHandlerExceptionResolver - Resolved [java.lang.RuntimeException: 해당 유저를 찾을 수 없습니다.]
2025-06-27 14:18:40.551 [http-nio-8080-exec-9] [WARN] o.e.b.e.GlobalExceptionHandler - 런타임 예외 처리: 해당 유저를 찾을 수 없습니다.
2025-06-27 14:18:40.552 [http-nio-8080-exec-9] [WARN] o.s.w.s.m.m.a.ExceptionHandlerExceptionResolver - Resolved [java.lang.RuntimeException: 해당 유저를 찾을 수 없습니다.]
2025-06-27 14:18:40.714 [http-nio-8080-exec-10] [WARN] o.e.b.e.GlobalExceptionHandler - 런타임 예외 처리: 해당 유저를 찾을 수 없습니다.
2025-06-27 14:18:40.716 [http-nio-8080-exec-10] [WARN] o.s.w.s.m.m.a.ExceptionHandlerExceptionResolver - Resolved [java.lang.RuntimeException: 해당 유저를 찾을 수 없습니다.]
2025-06-27 14:18:40.718 [http-nio-8080-exec-1] [INFO] o.e.b.s.j.JwtTokenFilter - ❌ 토큰 없음 또는 유효하지 않음: null
2025-06-27 14:18:40.866 [http-nio-8080-exec-2] [WARN] o.e.b.e.GlobalExceptionHandler - 런타임 예외 처리: 해당 유저를 찾을 수 없습니다.
2025-06-27 14:18:40.867 [http-nio-8080-exec-2] [WARN] o.s.w.s.m.m.a.ExceptionHandlerExceptionResolver - Resolved [java.lang.RuntimeException: 해당 유저를 찾을 수 없습니다.]
2025-06-27 14:18:41.013 [http-nio-8080-exec-3] [WARN] o.e.b.e.GlobalExceptionHandler - 런타임 예외 처리: 해당 유저를 찾을 수 없습니다.
2025-06-27 14:18:41.014 [http-nio-8080-exec-3] [WARN] o.s.w.s.m.m.a.ExceptionHandlerExceptionResolver - Resolved [java.lang.RuntimeException: 해당 유저를 찾을 수 없습니다.]
2025-06-27 14:18:41.157 [http-nio-8080-exec-4] [WARN] o.e.b.e.GlobalExceptionHandler - 런타임 예외 처리: 해당 유저를 찾을 수 없습니다.
2025-06-27 14:18:41.158 [http-nio-8080-exec-4] [WARN] o.s.w.s.m.m.a.ExceptionHandlerExceptionResolver - Resolved [java.lang.RuntimeException: 해당 유저를 찾을 수 없습니다.]
2025-06-27 14:18:41.295 [http-nio-8080-exec-5] [WARN] o.e.b.e.GlobalExceptionHandler - 런타임 예외 처리: 해당 유저를 찾을 수 없습니다.
2025-06-27 14:18:41.297 [http-nio-8080-exec-5] [WARN] o.s.w.s.m.m.a.ExceptionHandlerExceptionResolver - Resolved [java.lang.RuntimeException: 해당 유저를 찾을 수 없습니다.]
2025-06-27 14:18:41.435 [http-nio-8080-exec-6] [WARN] o.e.b.e.GlobalExceptionHandler - 런타임 예외 처리: 해당 유저를 찾을 수 없습니다.
2025-06-27 14:18:41.436 [http-nio-8080-exec-6] [WARN] o.s.w.s.m.m.a.ExceptionHandlerExceptionResolver - Resolved [java.lang.RuntimeException: 해당 유저를 찾을 수 없습니다.]
2025-06-27 14:18:41.584 [http-nio-8080-exec-7] [WARN] o.e.b.e.GlobalExceptionHandler - 런타임 예외 처리: 해당 유저를 찾을 수 없습니다.
2025-06-27 14:18:41.585 [http-nio-8080-exec-7] [WARN] o.s.w.s.m.m.a.ExceptionHandlerExceptionResolver - Resolved [java.lang.RuntimeException: 해당 유저를 찾을 수 없습니다.]
2025-06-27 14:18:41.727 [http-nio-8080-exec-8] [WARN] o.e.b.e.GlobalExceptionHandler - 런타임 예외 처리: 해당 유저를 찾을 수 없습니다.
2025-06-27 14:18:41.729 [http-nio-8080-exec-8] [WARN] o.s.w.s.m.m.a.ExceptionHandlerExceptionResolver - Resolved [java.lang.RuntimeException: 해당 유저를 찾을 수 없습니다.]
2025-06-27 14:18:41.870 [http-nio-8080-exec-9] [WARN] o.e.b.e.GlobalExceptionHandler - 런타임 예외 처리: 해당 유저를 찾을 수 없습니다.
2025-06-27 14:18:41.872 [http-nio-8080-exec-9] [WARN] o.s.w.s.m.m.a.ExceptionHandlerExceptionResolver - Resolved [java.lang.RuntimeException: 해당 유저를 찾을 수 없습니다.]
2025-06-27 14:18:45.719 [http-nio-8080-exec-10] [INFO] o.e.b.s.j.JwtTokenFilter - ❌ 토큰 없음 또는 유효하지 않음: null
2025-06-27 14:18:50.719 [http-nio-8080-exec-1] [INFO] o.e.b.s.j.JwtTokenFilter - ❌ 토큰 없음 또는 유효하지 않음: null
2025-06-27 14:18:55.717 [http-nio-8080-exec-2] [INFO] o.e.b.s.j.JwtTokenFilter - ❌ 토큰 없음 또는 유효하지 않음: null
2025-06-27 14:19:00.718 [http-nio-8080-exec-3] [INFO] o.e.b.s.j.JwtTokenFilter - ❌ 토큰 없음 또는 유효하지 않음: null
2025-06-27 14:19:05.717 [http-nio-8080-exec-4] [INFO] o.e.b.s.j.JwtTokenFilter - ❌ 토큰 없음 또는 유효하지 않음: null
2025-06-27 14:19:10.727 [http-nio-8080-exec-5] [INFO] o.e.b.s.j.JwtTokenFilter - ❌ 토큰 없음 또는 유효하지 않음: null
2025-06-27 14:19:15.717 [http-nio-8080-exec-6] [INFO] o.e.b.s.j.JwtTokenFilter - ❌ 토큰 없음 또는 유효하지 않음: null
2025-06-27 14:19:20.715 [http-nio-8080-exec-7] [INFO] o.e.b.s.j.JwtTokenFilter - ❌ 토큰 없음 또는 유효하지 않음: null
2025-06-27 14:19:25.719 [http-nio-8080-exec-8] [INFO] o.e.b.s.j.JwtTokenFilter - ❌ 토큰 없음 또는 유효하지 않음: null
2025-06-27 14:19:30.716 [http-nio-8080-exec-9] [INFO] o.e.b.s.j.JwtTokenFilter - ❌ 토큰 없음 또는 유효하지 않음: null
2025-06-27 14:19:35.715 [http-nio-8080-exec-10] [INFO] o.e.b.s.j.JwtTokenFilter - ❌ 토큰 없음 또는 유효하지 않음: null
2025-06-27 14:19:37.531 [http-nio-8080-exec-1] [WARN] o.e.b.e.GlobalExceptionHandler - 런타임 예외 처리: 해당 유저를 찾을 수 없습니다.
2025-06-27 14:19:37.532 [http-nio-8080-exec-1] [WARN] o.s.w.s.m.m.a.ExceptionHandlerExceptionResolver - Resolved [java.lang.RuntimeException: 해당 유저를 찾을 수 없습니다.]
2025-06-27 14:19:37.685 [http-nio-8080-exec-2] [WARN] o.e.b.e.GlobalExceptionHandler - 런타임 예외 처리: 해당 유저를 찾을 수 없습니다.
2025-06-27 14:19:37.687 [http-nio-8080-exec-2] [WARN] o.s.w.s.m.m.a.ExceptionHandlerExceptionResolver - Resolved [java.lang.RuntimeException: 해당 유저를 찾을 수 없습니다.]
2025-06-27 14:19:37.836 [http-nio-8080-exec-3] [WARN] o.e.b.e.GlobalExceptionHandler - 런타임 예외 처리: 해당 유저를 찾을 수 없습니다.
2025-06-27 14:19:37.837 [http-nio-8080-exec-3] [WARN] o.s.w.s.m.m.a.ExceptionHandlerExceptionResolver - Resolved [java.lang.RuntimeException: 해당 유저를 찾을 수 없습니다.]
2025-06-27 14:19:37.994 [http-nio-8080-exec-4] [WARN] o.e.b.e.GlobalExceptionHandler - 런타임 예외 처리: 해당 유저를 찾을 수 없습니다.
2025-06-27 14:19:37.995 [http-nio-8080-exec-4] [WARN] o.s.w.s.m.m.a.ExceptionHandlerExceptionResolver - Resolved [java.lang.RuntimeException: 해당 유저를 찾을 수 없습니다.]
2025-06-27 14:19:38.150 [http-nio-8080-exec-5] [WARN] o.e.b.e.GlobalExceptionHandler - 런타임 예외 처리: 해당 유저를 찾을 수 없습니다.
2025-06-27 14:19:38.152 [http-nio-8080-exec-5] [WARN] o.s.w.s.m.m.a.ExceptionHandlerExceptionResolver - Resolved [java.lang.RuntimeException: 해당 유저를 찾을 수 없습니다.]
2025-06-27 14:19:38.308 [http-nio-8080-exec-6] [WARN] o.e.b.e.GlobalExceptionHandler - 런타임 예외 처리: 해당 유저를 찾을 수 없습니다.
2025-06-27 14:19:38.309 [http-nio-8080-exec-6] [WARN] o.s.w.s.m.m.a.ExceptionHandlerExceptionResolver - Resolved [java.lang.RuntimeException: 해당 유저를 찾을 수 없습니다.]
2025-06-27 14:19:38.445 [http-nio-8080-exec-7] [WARN] o.e.b.e.GlobalExceptionHandler - 런타임 예외 처리: 해당 유저를 찾을 수 없습니다.
2025-06-27 14:19:38.446 [http-nio-8080-exec-7] [WARN] o.s.w.s.m.m.a.ExceptionHandlerExceptionResolver - Resolved [java.lang.RuntimeException: 해당 유저를 찾을 수 없습니다.]
2025-06-27 14:19:40.713 [http-nio-8080-exec-8] [INFO] o.e.b.s.j.JwtTokenFilter - ❌ 토큰 없음 또는 유효하지 않음: null
2025-06-27 14:19:45.712 [http-nio-8080-exec-9] [INFO] o.e.b.s.j.JwtTokenFilter - ❌ 토큰 없음 또는 유효하지 않음: null
2025-06-27 14:19:50.712 [http-nio-8080-exec-10] [INFO] o.e.b.s.j.JwtTokenFilter - ❌ 토큰 없음 또는 유효하지 않음: null
2025-06-27 14:19:55.714 [http-nio-8080-exec-1] [INFO] o.e.b.s.j.JwtTokenFilter - ❌ 토큰 없음 또는 유효하지 않음: null
2025-06-27 14:20:00.714 [http-nio-8080-exec-2] [INFO] o.e.b.s.j.JwtTokenFilter - ❌ 토큰 없음 또는 유효하지 않음: null
2025-06-27 14:20:05.714 [http-nio-8080-exec-3] [INFO] o.e.b.s.j.JwtTokenFilter - ❌ 토큰 없음 또는 유효하지 않음: null
2025-06-27 14:20:10.712 [http-nio-8080-exec-4] [INFO] o.e.b.s.j.JwtTokenFilter - ❌ 토큰 없음 또는 유효하지 않음: null
2025-06-27 14:20:15.710 [http-nio-8080-exec-5] [INFO] o.e.b.s.j.JwtTokenFilter - ❌ 토큰 없음 또는 유효하지 않음: null
2025-06-27 14:20:20.710 [http-nio-8080-exec-6] [INFO] o.e.b.s.j.JwtTokenFilter - ❌ 토큰 없음 또는 유효하지 않음: null
2025-06-27 14:20:25.709 [http-nio-8080-exec-7] [INFO] o.e.b.s.j.JwtTokenFilter - ❌ 토큰 없음 또는 유효하지 않음: null
2025-06-27 14:20:30.709 [http-nio-8080-exec-8] [INFO] o.e.b.s.j.JwtTokenFilter - ❌ 토큰 없음 또는 유효하지 않음: null
2025-06-27 14:20:35.708 [http-nio-8080-exec-9] [INFO] o.e.b.s.j.JwtTokenFilter - ❌ 토큰 없음 또는 유효하지 않음: null
2025-06-27 14:20:40.708 [http-nio-8080-exec-10] [INFO] o.e.b.s.j.JwtTokenFilter - ❌ 토큰 없음 또는 유효하지 않음: null
2025-06-27 14:20:45.705 [http-nio-8080-exec-1] [INFO] o.e.b.s.j.JwtTokenFilter - ❌ 토큰 없음 또는 유효하지 않음: null
2025-06-27 14:20:50.707 [http-nio-8080-exec-2] [INFO] o.e.b.s.j.JwtTokenFilter - ❌ 토큰 없음 또는 유효하지 않음: null
2025-06-27 14:20:55.705 [http-nio-8080-exec-3] [INFO] o.e.b.s.j.JwtTokenFilter - ❌ 토큰 없음 또는 유효하지 않음: null
2025-06-27 14:21:00.707 [http-nio-8080-exec-4] [INFO] o.e.b.s.j.JwtTokenFilter - ❌ 토큰 없음 또는 유효하지 않음: null
2025-06-27 14:21:05.705 [http-nio-8080-exec-5] [INFO] o.e.b.s.j.JwtTokenFilter - ❌ 토큰 없음 또는 유효하지 않음: null
2025-06-27 14:21:10.706 [http-nio-8080-exec-6] [INFO] o.e.b.s.j.JwtTokenFilter - ❌ 토큰 없음 또는 유효하지 않음: null
2025-06-27 14:21:15.706 [http-nio-8080-exec-7] [INFO] o.e.b.s.j.JwtTokenFilter - ❌ 토큰 없음 또는 유효하지 않음: null
2025-06-27 14:21:20.703 [http-nio-8080-exec-8] [INFO] o.e.b.s.j.JwtTokenFilter - ❌ 토큰 없음 또는 유효하지 않음: null
2025-06-27 14:21:25.702 [http-nio-8080-exec-9] [INFO] o.e.b.s.j.JwtTokenFilter - ❌ 토큰 없음 또는 유효하지 않음: null
2025-06-27 14:21:30.704 [http-nio-8080-exec-10] [INFO] o.e.b.s.j.JwtTokenFilter - ❌ 토큰 없음 또는 유효하지 않음: null
2025-06-27 14:21:35.704 [http-nio-8080-exec-1] [INFO] o.e.b.s.j.JwtTokenFilter - ❌ 토큰 없음 또는 유효하지 않음: null
2025-06-27 14:21:40.703 [http-nio-8080-exec-2] [INFO] o.e.b.s.j.JwtTokenFilter - ❌ 토큰 없음 또는 유효하지 않음: null
2025-06-27 14:21:45.702 [http-nio-8080-exec-3] [INFO] o.e.b.s.j.JwtTokenFilter - ❌ 토큰 없음 또는 유효하지 않음: null
2025-06-27 14:21:50.701 [http-nio-8080-exec-4] [INFO] o.e.b.s.j.JwtTokenFilter - ❌ 토큰 없음 또는 유효하지 않음: null
2025-06-27 14:21:55.701 [http-nio-8080-exec-5] [INFO] o.e.b.s.j.JwtTokenFilter - ❌ 토큰 없음 또는 유효하지 않음: null
2025-06-27 14:22:00.700 [http-nio-8080-exec-6] [INFO] o.e.b.s.j.JwtTokenFilter - ❌ 토큰 없음 또는 유효하지 않음: null
2025-06-27 14:22:05.701 [http-nio-8080-exec-7] [INFO] o.e.b.s.j.JwtTokenFilter - ❌ 토큰 없음 또는 유효하지 않음: null
2025-06-27 14:22:10.699 [http-nio-8080-exec-8] [INFO] o.e.b.s.j.JwtTokenFilter - ❌ 토큰 없음 또는 유효하지 않음: null
2025-06-27 14:22:15.701 [http-nio-8080-exec-9] [INFO] o.e.b.s.j.JwtTokenFilter - ❌ 토큰 없음 또는 유효하지 않음: null
2025-06-27 14:22:20.701 [http-nio-8080-exec-10] [INFO] o.e.b.s.j.JwtTokenFilter - ❌ 토큰 없음 또는 유효하지 않음: null
2025-06-27 14:22:25.697 [http-nio-8080-exec-1] [INFO] o.e.b.s.j.JwtTokenFilter - ❌ 토큰 없음 또는 유효하지 않음: null
2025-06-27 14:22:30.699 [http-nio-8080-exec-2] [INFO] o.e.b.s.j.JwtTokenFilter - ❌ 토큰 없음 또는 유효하지 않음: null
2025-06-27 14:22:35.698 [http-nio-8080-exec-3] [INFO] o.e.b.s.j.JwtTokenFilter - ❌ 토큰 없음 또는 유효하지 않음: null
2025-06-27 14:22:40.697 [http-nio-8080-exec-4] [INFO] o.e.b.s.j.JwtTokenFilter - ❌ 토큰 없음 또는 유효하지 않음: null
2025-06-27 14:22:45.697 [http-nio-8080-exec-5] [INFO] o.e.b.s.j.JwtTokenFilter - ❌ 토큰 없음 또는 유효하지 않음: null
2025-06-27 14:22:50.696 [http-nio-8080-exec-6] [INFO] o.e.b.s.j.JwtTokenFilter - ❌ 토큰 없음 또는 유효하지 않음: null
2025-06-27 14:22:55.695 [http-nio-8080-exec-7] [INFO] o.e.b.s.j.JwtTokenFilter - ❌ 토큰 없음 또는 유효하지 않음: null
2025-06-27 14:23:00.694 [http-nio-8080-exec-8] [INFO] o.e.b.s.j.JwtTokenFilter - ❌ 토큰 없음 또는 유효하지 않음: null
2025-06-27 14:23:05.694 [http-nio-8080-exec-9] [INFO] o.e.b.s.j.JwtTokenFilter - ❌ 토큰 없음 또는 유효하지 않음: null
2025-06-27 14:23:10.694 [http-nio-8080-exec-10] [INFO] o.e.b.s.j.JwtTokenFilter - ❌ 토큰 없음 또는 유효하지 않음: null
2025-06-27 14:23:15.696 [http-nio-8080-exec-1] [INFO] o.e.b.s.j.JwtTokenFilter - ❌ 토큰 없음 또는 유효하지 않음: null
2025-06-27 14:23:20.693 [http-nio-8080-exec-2] [INFO] o.e.b.s.j.JwtTokenFilter - ❌ 토큰 없음 또는 유효하지 않음: null
2025-06-27 14:23:25.692 [http-nio-8080-exec-3] [INFO] o.e.b.s.j.JwtTokenFilter - ❌ 토큰 없음 또는 유효하지 않음: null
2025-06-27 14:23:30.692 [http-nio-8080-exec-4] [INFO] o.e.b.s.j.JwtTokenFilter - ❌ 토큰 없음 또는 유효하지 않음: null
2025-06-27 14:23:35.693 [http-nio-8080-exec-5] [INFO] o.e.b.s.j.JwtTokenFilter - ❌ 토큰 없음 또는 유효하지 않음: null
2025-06-27 14:23:40.696 [http-nio-8080-exec-6] [INFO] o.e.b.s.j.JwtTokenFilter - ❌ 토큰 없음 또는 유효하지 않음: null
2025-06-27 14:23:45.690 [http-nio-8080-exec-7] [INFO] o.e.b.s.j.JwtTokenFilter - ❌ 토큰 없음 또는 유효하지 않음: null
2025-06-27 14:23:50.690 [http-nio-8080-exec-8] [INFO] o.e.b.s.j.JwtTokenFilter - ❌ 토큰 없음 또는 유효하지 않음: null
2025-06-27 14:23:55.690 [http-nio-8080-exec-9] [INFO] o.e.b.s.j.JwtTokenFilter - ❌ 토큰 없음 또는 유효하지 않음: null
2025-06-27 14:24:00.694 [http-nio-8080-exec-10] [INFO] o.e.b.s.j.JwtTokenFilter - ❌ 토큰 없음 또는 유효하지 않음: null
2025-06-27 14:24:05.690 [http-nio-8080-exec-1] [INFO] o.e.b.s.j.JwtTokenFilter - ❌ 토큰 없음 또는 유효하지 않음: null
2025-06-27 14:24:10.690 [http-nio-8080-exec-2] [INFO] o.e.b.s.j.JwtTokenFilter - ❌ 토큰 없음 또는 유효하지 않음: null
2025-06-27 14:24:15.687 [http-nio-8080-exec-3] [INFO] o.e.b.s.j.JwtTokenFilter - ❌ 토큰 없음 또는 유효하지 않음: null
2025-06-27 14:24:20.687 [http-nio-8080-exec-4] [INFO] o.e.b.s.j.JwtTokenFilter - ❌ 토큰 없음 또는 유효하지 않음: null
2025-06-27 14:24:25.686 [http-nio-8080-exec-5] [INFO] o.e.b.s.j.JwtTokenFilter - ❌ 토큰 없음 또는 유효하지 않음: null
2025-06-27 14:24:30.692 [http-nio-8080-exec-6] [INFO] o.e.b.s.j.JwtTokenFilter - ❌ 토큰 없음 또는 유효하지 않음: null
2025-06-27 14:24:35.689 [http-nio-8080-exec-7] [INFO] o.e.b.s.j.JwtTokenFilter - ❌ 토큰 없음 또는 유효하지 않음: null
2025-06-27 14:24:40.687 [http-nio-8080-exec-8] [INFO] o.e.b.s.j.JwtTokenFilter - ❌ 토큰 없음 또는 유효하지 않음: null
2025-06-27 14:24:45.687 [http-nio-8080-exec-9] [INFO] o.e.b.s.j.JwtTokenFilter - ❌ 토큰 없음 또는 유효하지 않음: null
2025-06-27 14:24:50.685 [http-nio-8080-exec-10] [INFO] o.e.b.s.j.JwtTokenFilter - ❌ 토큰 없음 또는 유효하지 않음: null
2025-06-27 14:24:55.684 [http-nio-8080-exec-1] [INFO] o.e.b.s.j.JwtTokenFilter - ❌ 토큰 없음 또는 유효하지 않음: null
2025-06-27 14:25:00.686 [http-nio-8080-exec-2] [INFO] o.e.b.s.j.JwtTokenFilter - ❌ 토큰 없음 또는 유효하지 않음: null
2025-06-27 14:25:05.685 [http-nio-8080-exec-3] [INFO] o.e.b.s.j.JwtTokenFilter - ❌ 토큰 없음 또는 유효하지 않음: null
2025-06-27 14:25:10.682 [http-nio-8080-exec-4] [INFO] o.e.b.s.j.JwtTokenFilter - ❌ 토큰 없음 또는 유효하지 않음: null
2025-06-27 14:25:15.685 [http-nio-8080-exec-5] [INFO] o.e.b.s.j.JwtTokenFilter - ❌ 토큰 없음 또는 유효하지 않음: null
2025-06-27 14:25:20.684 [http-nio-8080-exec-6] [INFO] o.e.b.s.j.JwtTokenFilter - ❌ 토큰 없음 또는 유효하지 않음: null
2025-06-27 14:25:25.682 [http-nio-8080-exec-7] [INFO] o.e.b.s.j.JwtTokenFilter - ❌ 토큰 없음 또는 유효하지 않음: null
2025-06-27 14:25:30.681 [http-nio-8080-exec-8] [INFO] o.e.b.s.j.JwtTokenFilter - ❌ 토큰 없음 또는 유효하지 않음: null
2025-06-27 14:25:35.682 [http-nio-8080-exec-9] [INFO] o.e.b.s.j.JwtTokenFilter - ❌ 토큰 없음 또는 유효하지 않음: null
2025-06-27 14:25:40.683 [http-nio-8080-exec-10] [INFO] o.e.b.s.j.JwtTokenFilter - ❌ 토큰 없음 또는 유효하지 않음: null
2025-06-27 14:25:45.682 [http-nio-8080-exec-1] [INFO] o.e.b.s.j.JwtTokenFilter - ❌ 토큰 없음 또는 유효하지 않음: null
2025-06-27 14:25:50.681 [http-nio-8080-exec-2] [INFO] o.e.b.s.j.JwtTokenFilter - ❌ 토큰 없음 또는 유효하지 않음: null
2025-06-27 14:25:55.693 [http-nio-8080-exec-3] [INFO] o.e.b.s.j.JwtTokenFilter - ❌ 토큰 없음 또는 유효하지 않음: null
2025-06-27 14:26:00.681 [http-nio-8080-exec-4] [INFO] o.e.b.s.j.JwtTokenFilter - ❌ 토큰 없음 또는 유효하지 않음: null
2025-06-27 14:26:05.680 [http-nio-8080-exec-5] [INFO] o.e.b.s.j.JwtTokenFilter - ❌ 토큰 없음 또는 유효하지 않음: null
2025-06-27 14:26:10.680 [http-nio-8080-exec-6] [INFO] o.e.b.s.j.JwtTokenFilter - ❌ 토큰 없음 또는 유효하지 않음: null
2025-06-27 14:26:15.685 [http-nio-8080-exec-7] [INFO] o.e.b.s.j.JwtTokenFilter - ❌ 토큰 없음 또는 유효하지 않음: null
2025-06-27 14:26:20.678 [http-nio-8080-exec-8] [INFO] o.e.b.s.j.JwtTokenFilter - ❌ 토큰 없음 또는 유효하지 않음: null
2025-06-27 14:26:25.675 [http-nio-8080-exec-9] [INFO] o.e.b.s.j.JwtTokenFilter - ❌ 토큰 없음 또는 유효하지 않음: null
2025-06-27 14:26:30.686 [http-nio-8080-exec-10] [INFO] o.e.b.s.j.JwtTokenFilter - ❌ 토큰 없음 또는 유효하지 않음: null
2025-06-27 14:26:35.679 [http-nio-8080-exec-1] [INFO] o.e.b.s.j.JwtTokenFilter - ❌ 토큰 없음 또는 유효하지 않음: null
2025-06-27 14:26:40.676 [http-nio-8080-exec-2] [INFO] o.e.b.s.j.JwtTokenFilter - ❌ 토큰 없음 또는 유효하지 않음: null
2025-06-27 14:26:45.677 [http-nio-8080-exec-3] [INFO] o.e.b.s.j.JwtTokenFilter - ❌ 토큰 없음 또는 유효하지 않음: null
2025-06-27 14:26:47.134 [SpringApplicationShutdownHook] [INFO] o.s.b.w.e.t.GracefulShutdown - Commencing graceful shutdown. Waiting for active requests to complete
2025-06-27 14:26:47.393 [tomcat-shutdown] [INFO] o.s.b.w.e.t.GracefulShutdown - Graceful shutdown complete
2025-06-27 14:26:47.402 [SpringApplicationShutdownHook] [INFO] o.s.m.s.b.SimpleBrokerMessageHandler - Stopping...
2025-06-27 14:26:47.402 [SpringApplicationShutdownHook] [INFO] o.s.m.s.b.SimpleBrokerMessageHandler - BrokerAvailabilityEvent[available=false, SimpleBrokerMessageHandler [org.springframework.messaging.simp.broker.DefaultSubscriptionRegistry@3e48c7c1]]
2025-06-27 14:26:47.403 [SpringApplicationShutdownHook] [INFO] o.s.m.s.b.SimpleBrokerMessageHandler - Stopped.
2025-06-27 14:26:47.552 [SpringApplicationShutdownHook] [INFO] o.s.o.j.LocalContainerEntityManagerFactoryBean - Closing JPA EntityManagerFactory for persistence unit 'default'
2025-06-27 14:26:47.556 [SpringApplicationShutdownHook] [INFO] c.z.h.HikariDataSource - HikariPool-1 - Shutdown initiated...
2025-06-27 14:26:47.573 [SpringApplicationShutdownHook] [INFO] c.z.h.HikariDataSource - HikariPool-1 - Shutdown completed.
2025-06-27 14:26:52.953 [restartedMain] [INFO] o.e.b.BackendProjectApplication - Starting BackendProjectApplication using Java 17.0.12 with PID 16612 (C:\backend5\backendProject\build\classes\java\main started by win11 in C:\backend5)
2025-06-27 14:26:52.955 [restartedMain] [INFO] o.e.b.BackendProjectApplication - The following 1 profile is active: "dev"
2025-06-27 14:26:53.003 [restartedMain] [INFO] o.s.b.d.e.DevToolsPropertyDefaultsPostProcessor - Devtools property defaults active! Set 'spring.devtools.add-properties' to 'false' to disable
2025-06-27 14:26:53.003 [restartedMain] [INFO] o.s.b.d.e.DevToolsPropertyDefaultsPostProcessor - For additional web related logging consider setting the 'logging.level.web' property to 'DEBUG'
2025-06-27 14:26:54.262 [restartedMain] [INFO] o.s.d.r.c.RepositoryConfigurationDelegate - Multiple Spring Data modules found, entering strict repository configuration mode
2025-06-27 14:26:54.263 [restartedMain] [INFO] o.s.d.r.c.RepositoryConfigurationDelegate - Bootstrapping Spring Data JPA repositories in DEFAULT mode.
2025-06-27 14:26:54.456 [restartedMain] [INFO] o.s.d.r.c.RepositoryConfigurationDelegate - Finished Spring Data repository scanning in 180 ms. Found 5 JPA repository interfaces.
2025-06-27 14:26:54.471 [restartedMain] [INFO] o.s.d.r.c.RepositoryConfigurationDelegate - Multiple Spring Data modules found, entering strict repository configuration mode
2025-06-27 14:26:54.472 [restartedMain] [INFO] o.s.d.r.c.RepositoryConfigurationDelegate - Bootstrapping Spring Data Redis repositories in DEFAULT mode.
2025-06-27 14:26:54.494 [restartedMain] [INFO] o.s.d.r.c.RepositoryConfigurationExtensionSupport - Spring Data Redis - Could not safely identify store assignment for repository candidate interface org.example.backendproject.Auth.repository.AuthRepository; If you want this repository to be a Redis repository, consider annotating your entities with one of these annotations: org.springframework.data.redis.core.RedisHash (preferred), or consider extending one of the following types with your repository: org.springframework.data.keyvalue.repository.KeyValueRepository
2025-06-27 14:26:54.496 [restartedMain] [INFO] o.s.d.r.c.RepositoryConfigurationExtensionSupport - Spring Data Redis - Could not safely identify store assignment for repository candidate interface org.example.backendproject.board.repository.BoardRepository; If you want this repository to be a Redis repository, consider annotating your entities with one of these annotations: org.springframework.data.redis.core.RedisHash (preferred), or consider extending one of the following types with your repository: org.springframework.data.keyvalue.repository.KeyValueRepository
2025-06-27 14:26:54.496 [restartedMain] [INFO] o.s.d.r.c.RepositoryConfigurationExtensionSupport - Spring Data Redis - Could not safely identify store assignment for repository candidate interface org.example.backendproject.comment.repository.CommentRepository; If you want this repository to be a Redis repository, consider annotating your entities with one of these annotations: org.springframework.data.redis.core.RedisHash (preferred), or consider extending one of the following types with your repository: org.springframework.data.keyvalue.repository.KeyValueRepository
2025-06-27 14:26:54.497 [restartedMain] [INFO] o.s.d.r.c.RepositoryConfigurationExtensionSupport - Spring Data Redis - Could not safely identify store assignment for repository candidate interface org.example.backendproject.purewebsocket.room.repository.RoomRepository; If you want this repository to be a Redis repository, consider annotating your entities with one of these annotations: org.springframework.data.redis.core.RedisHash (preferred), or consider extending one of the following types with your repository: org.springframework.data.keyvalue.repository.KeyValueRepository
2025-06-27 14:26:54.497 [restartedMain] [INFO] o.s.d.r.c.RepositoryConfigurationExtensionSupport - Spring Data Redis - Could not safely identify store assignment for repository candidate interface org.example.backendproject.user.repository.UserRepository; If you want this repository to be a Redis repository, consider annotating your entities with one of these annotations: org.springframework.data.redis.core.RedisHash (preferred), or consider extending one of the following types with your repository: org.springframework.data.keyvalue.repository.KeyValueRepository
2025-06-27 14:26:54.497 [restartedMain] [INFO] o.s.d.r.c.RepositoryConfigurationDelegate - Finished Spring Data repository scanning in 16 ms. Found 0 Redis repository interfaces.
2025-06-27 14:26:55.289 [restartedMain] [INFO] o.s.b.w.e.t.TomcatWebServer - Tomcat initialized with port 8080 (http)
2025-06-27 14:26:55.304 [restartedMain] [INFO] o.a.c.h.Http11NioProtocol - Initializing ProtocolHandler ["http-nio-8080"]
2025-06-27 14:26:55.306 [restartedMain] [INFO] o.a.c.c.StandardService - Starting service [Tomcat]
2025-06-27 14:26:55.306 [restartedMain] [INFO] o.a.c.c.StandardEngine - Starting Servlet engine: [Apache Tomcat/10.1.41]
2025-06-27 14:26:55.370 [restartedMain] [INFO] o.a.c.c.C.[.[.[/] - Initializing Spring embedded WebApplicationContext
2025-06-27 14:26:55.370 [restartedMain] [INFO] o.s.b.w.s.c.ServletWebServerApplicationContext - Root WebApplicationContext: initialization completed in 2366 ms
2025-06-27 14:26:55.661 [restartedMain] [INFO] o.h.j.i.u.LogHelper - HHH000204: Processing PersistenceUnitInfo [name: default]
2025-06-27 14:26:55.737 [restartedMain] [INFO] o.h.Version - HHH000412: Hibernate ORM core version 6.6.15.Final
2025-06-27 14:26:55.777 [restartedMain] [INFO] o.h.c.i.RegionFactoryInitiator - HHH000026: Second-level cache disabled
2025-06-27 14:26:56.124 [restartedMain] [INFO] o.s.o.j.p.SpringPersistenceUnitInfo - No LoadTimeWeaver setup: ignoring JPA class transformer
2025-06-27 14:26:56.160 [restartedMain] [INFO] c.z.h.HikariDataSource - HikariPool-1 - Starting...
2025-06-27 14:26:56.544 [restartedMain] [INFO] c.z.h.p.HikariPool - HikariPool-1 - Added connection com.mysql.cj.jdbc.ConnectionImpl@755fd2b9
2025-06-27 14:26:56.547 [restartedMain] [INFO] c.z.h.HikariDataSource - HikariPool-1 - Start completed.
2025-06-27 14:26:56.621 [restartedMain] [WARN] o.h.o.deprecation - HHH90000025: MySQL8Dialect does not need to be specified explicitly using 'hibernate.dialect' (remove the property setting and it will be selected by default)
2025-06-27 14:26:56.622 [restartedMain] [WARN] o.h.o.deprecation - HHH90000026: MySQL8Dialect has been deprecated; use org.hibernate.dialect.MySQLDialect instead
2025-06-27 14:26:56.642 [restartedMain] [INFO] o.h.o.c.pooling - HHH10001005: Database info:
	Database JDBC URL [Connecting through datasource 'HikariDataSource (HikariPool-1)']
	Database driver: undefined/unknown
	Database version: 8.0
	Autocommit mode: undefined/unknown
	Isolation level: undefined/unknown
	Minimum pool size: undefined/unknown
	Maximum pool size: undefined/unknown
2025-06-27 14:26:57.892 [restartedMain] [INFO] o.h.e.t.j.p.i.JtaPlatformInitiator - HHH000489: No JTA platform available (set 'hibernate.transaction.jta.platform' to enable JTA platform integration)
2025-06-27 14:26:58.083 [restartedMain] [INFO] o.s.o.j.LocalContainerEntityManagerFactoryBean - Initialized JPA EntityManagerFactory for persistence unit 'default'
2025-06-27 14:26:59.194 [restartedMain] [INFO] o.s.d.j.r.q.QueryEnhancerFactory - Hibernate is in classpath; If applicable, HQL parser will be used.
2025-06-27 14:26:59.939 [restartedMain] [WARN] o.s.b.a.o.j.JpaBaseConfiguration$JpaWebConfiguration - spring.jpa.open-in-view is enabled by default. Therefore, database queries may be performed during view rendering. Explicitly configure spring.jpa.open-in-view to disable this warning
2025-06-27 14:26:59.987 [restartedMain] [INFO] o.s.b.a.w.s.WelcomePageHandlerMapping - Adding welcome page: class path resource [static/index.html]
2025-06-27 14:27:00.220 [restartedMain] [INFO] o.s.b.a.e.w.EndpointLinksResolver - Exposing 14 endpoints beneath base path '/actuator'
2025-06-27 14:27:00.247 [restartedMain] [WARN] o.s.s.c.a.a.c.InitializeUserDetailsBeanManagerConfigurer$InitializeUserDetailsManagerConfigurer - Found 2 UserDetailsService beans, with names [customUserDetailService, customUserDetailsService]. Global Authentication Manager will not use a UserDetailsService for username/password login. Consider publishing a single UserDetailsService bean.
2025-06-27 14:27:00.745 [restartedMain] [INFO] o.s.b.d.a.OptionalLiveReloadServer - LiveReload server is running on port 35729
2025-06-27 14:27:00.805 [restartedMain] [INFO] o.s.m.s.b.SimpleBrokerMessageHandler - Starting...
2025-06-27 14:27:00.806 [restartedMain] [INFO] o.s.m.s.b.SimpleBrokerMessageHandler - BrokerAvailabilityEvent[available=true, SimpleBrokerMessageHandler [org.springframework.messaging.simp.broker.DefaultSubscriptionRegistry@2bb959a]]
2025-06-27 14:27:00.807 [restartedMain] [INFO] o.s.m.s.b.SimpleBrokerMessageHandler - Started.
2025-06-27 14:27:00.807 [restartedMain] [INFO] o.a.c.h.Http11NioProtocol - Starting ProtocolHandler ["http-nio-8080"]
2025-06-27 14:27:00.829 [restartedMain] [INFO] o.s.b.w.e.t.TomcatWebServer - Tomcat started on port 8080 (http) with context path '/'
2025-06-27 14:27:01.397 [restartedMain] [INFO] o.e.b.BackendProjectApplication - Started BackendProjectApplication in 9.022 seconds (process running for 9.881)
2025-06-27 14:27:01.931 [RMI TCP Connection(5)-172.31.98.113] [INFO] o.a.c.c.C.[.[.[/] - Initializing Spring DispatcherServlet 'dispatcherServlet'
2025-06-27 14:27:01.932 [RMI TCP Connection(5)-172.31.98.113] [INFO] o.s.w.s.DispatcherServlet - Initializing Servlet 'dispatcherServlet'
2025-06-27 14:27:01.933 [RMI TCP Connection(5)-172.31.98.113] [INFO] o.s.w.s.DispatcherServlet - Completed initialization in 1 ms
2025-06-27 14:27:05.789 [http-nio-8080-exec-1] [INFO] o.e.b.s.j.JwtTokenFilter - ❌ 토큰 없음 또는 유효하지 않음: null
2025-06-27 14:27:10.675 [http-nio-8080-exec-2] [INFO] o.e.b.s.j.JwtTokenFilter - ❌ 토큰 없음 또는 유효하지 않음: null
2025-06-27 14:27:14.931 [http-nio-8080-exec-4] [WARN] o.e.b.e.GlobalExceptionHandler - 런타임 예외 처리: 해당 유저를 찾을 수 없습니다.
2025-06-27 14:27:14.932 [http-nio-8080-exec-4] [ERROR] o.e.b.e.GlobalExceptionHandler - 에러라구용!!! 유저업따구요!
2025-06-27 14:27:14.932 [http-nio-8080-exec-3] [WARN] o.e.b.e.GlobalExceptionHandler - 런타임 예외 처리: 해당 유저를 찾을 수 없습니다.
2025-06-27 14:27:14.932 [http-nio-8080-exec-3] [ERROR] o.e.b.e.GlobalExceptionHandler - 에러라구용!!! 유저업따구요!
2025-06-27 14:27:14.950 [http-nio-8080-exec-4] [WARN] o.s.w.s.m.m.a.ExceptionHandlerExceptionResolver - Resolved [java.lang.RuntimeException: 해당 유저를 찾을 수 없습니다.]
2025-06-27 14:27:14.950 [http-nio-8080-exec-3] [WARN] o.s.w.s.m.m.a.ExceptionHandlerExceptionResolver - Resolved [java.lang.RuntimeException: 해당 유저를 찾을 수 없습니다.]
2025-06-27 14:27:15.063 [http-nio-8080-exec-5] [WARN] o.e.b.e.GlobalExceptionHandler - 런타임 예외 처리: 해당 유저를 찾을 수 없습니다.
2025-06-27 14:27:15.063 [http-nio-8080-exec-5] [ERROR] o.e.b.e.GlobalExceptionHandler - 에러라구용!!! 유저업따구요!
2025-06-27 14:27:15.064 [http-nio-8080-exec-5] [WARN] o.s.w.s.m.m.a.ExceptionHandlerExceptionResolver - Resolved [java.lang.RuntimeException: 해당 유저를 찾을 수 없습니다.]
2025-06-27 14:27:15.205 [http-nio-8080-exec-6] [WARN] o.e.b.e.GlobalExceptionHandler - 런타임 예외 처리: 해당 유저를 찾을 수 없습니다.
2025-06-27 14:27:15.205 [http-nio-8080-exec-6] [ERROR] o.e.b.e.GlobalExceptionHandler - 에러라구용!!! 유저업따구요!
2025-06-27 14:27:15.205 [http-nio-8080-exec-6] [WARN] o.s.w.s.m.m.a.ExceptionHandlerExceptionResolver - Resolved [java.lang.RuntimeException: 해당 유저를 찾을 수 없습니다.]
2025-06-27 14:27:15.353 [http-nio-8080-exec-7] [WARN] o.e.b.e.GlobalExceptionHandler - 런타임 예외 처리: 해당 유저를 찾을 수 없습니다.
2025-06-27 14:27:15.353 [http-nio-8080-exec-7] [ERROR] o.e.b.e.GlobalExceptionHandler - 에러라구용!!! 유저업따구요!
2025-06-27 14:27:15.354 [http-nio-8080-exec-7] [WARN] o.s.w.s.m.m.a.ExceptionHandlerExceptionResolver - Resolved [java.lang.RuntimeException: 해당 유저를 찾을 수 없습니다.]
2025-06-27 14:27:15.501 [http-nio-8080-exec-8] [WARN] o.e.b.e.GlobalExceptionHandler - 런타임 예외 처리: 해당 유저를 찾을 수 없습니다.
2025-06-27 14:27:15.501 [http-nio-8080-exec-8] [ERROR] o.e.b.e.GlobalExceptionHandler - 에러라구용!!! 유저업따구요!
2025-06-27 14:27:15.502 [http-nio-8080-exec-8] [WARN] o.s.w.s.m.m.a.ExceptionHandlerExceptionResolver - Resolved [java.lang.RuntimeException: 해당 유저를 찾을 수 없습니다.]
2025-06-27 14:27:15.655 [http-nio-8080-exec-9] [WARN] o.e.b.e.GlobalExceptionHandler - 런타임 예외 처리: 해당 유저를 찾을 수 없습니다.
2025-06-27 14:27:15.655 [http-nio-8080-exec-9] [ERROR] o.e.b.e.GlobalExceptionHandler - 에러라구용!!! 유저업따구요!
2025-06-27 14:27:15.656 [http-nio-8080-exec-9] [WARN] o.s.w.s.m.m.a.ExceptionHandlerExceptionResolver - Resolved [java.lang.RuntimeException: 해당 유저를 찾을 수 없습니다.]
2025-06-27 14:27:15.676 [http-nio-8080-exec-10] [INFO] o.e.b.s.j.JwtTokenFilter - ❌ 토큰 없음 또는 유효하지 않음: null
2025-06-27 14:27:15.807 [http-nio-8080-exec-1] [WARN] o.e.b.e.GlobalExceptionHandler - 런타임 예외 처리: 해당 유저를 찾을 수 없습니다.
2025-06-27 14:27:15.808 [http-nio-8080-exec-1] [ERROR] o.e.b.e.GlobalExceptionHandler - 에러라구용!!! 유저업따구요!
2025-06-27 14:27:15.809 [http-nio-8080-exec-1] [WARN] o.s.w.s.m.m.a.ExceptionHandlerExceptionResolver - Resolved [java.lang.RuntimeException: 해당 유저를 찾을 수 없습니다.]
2025-06-27 14:27:15.967 [http-nio-8080-exec-2] [WARN] o.e.b.e.GlobalExceptionHandler - 런타임 예외 처리: 해당 유저를 찾을 수 없습니다.
2025-06-27 14:27:15.968 [http-nio-8080-exec-2] [ERROR] o.e.b.e.GlobalExceptionHandler - 에러라구용!!! 유저업따구요!
2025-06-27 14:27:15.968 [http-nio-8080-exec-2] [WARN] o.s.w.s.m.m.a.ExceptionHandlerExceptionResolver - Resolved [java.lang.RuntimeException: 해당 유저를 찾을 수 없습니다.]
2025-06-27 14:27:17.623 [http-nio-8080-exec-3] [INFO] o.e.b.s.j.JwtTokenFilter - ❌ 토큰 없음 또는 유효하지 않음: null
2025-06-27 14:27:20.003 [http-nio-8080-exec-8] [WARN] o.e.b.e.GlobalExceptionHandler - 런타임 예외 처리: 해당 유저를 찾을 수 없습니다.
2025-06-27 14:27:20.003 [http-nio-8080-exec-8] [ERROR] o.e.b.e.GlobalExceptionHandler - 에러라구용!!! 유저업따구요!
2025-06-27 14:27:20.005 [http-nio-8080-exec-8] [WARN] o.s.w.s.m.m.a.ExceptionHandlerExceptionResolver - Resolved [java.lang.RuntimeException: 해당 유저를 찾을 수 없습니다.]
2025-06-27 14:27:20.674 [http-nio-8080-exec-9] [INFO] o.e.b.s.j.JwtTokenFilter - ❌ 토큰 없음 또는 유효하지 않음: null
2025-06-27 14:27:25.673 [http-nio-8080-exec-10] [INFO] o.e.b.s.j.JwtTokenFilter - ❌ 토큰 없음 또는 유효하지 않음: null
2025-06-27 14:27:30.678 [http-nio-8080-exec-1] [INFO] o.e.b.s.j.JwtTokenFilter - ❌ 토큰 없음 또는 유효하지 않음: null
2025-06-27 14:27:35.672 [http-nio-8080-exec-2] [INFO] o.e.b.s.j.JwtTokenFilter - ❌ 토큰 없음 또는 유효하지 않음: null
2025-06-27 14:27:40.673 [http-nio-8080-exec-4] [INFO] o.e.b.s.j.JwtTokenFilter - ❌ 토큰 없음 또는 유효하지 않음: null
2025-06-27 14:27:45.671 [http-nio-8080-exec-3] [INFO] o.e.b.s.j.JwtTokenFilter - ❌ 토큰 없음 또는 유효하지 않음: null
2025-06-27 14:27:50.670 [http-nio-8080-exec-5] [INFO] o.e.b.s.j.JwtTokenFilter - ❌ 토큰 없음 또는 유효하지 않음: null
2025-06-27 14:27:55.669 [http-nio-8080-exec-7] [INFO] o.e.b.s.j.JwtTokenFilter - ❌ 토큰 없음 또는 유효하지 않음: null
2025-06-27 14:28:00.670 [http-nio-8080-exec-6] [INFO] o.e.b.s.j.JwtTokenFilter - ❌ 토큰 없음 또는 유효하지 않음: null
2025-06-27 14:28:00.775 [MessageBroker-1] [INFO] o.s.w.s.c.WebSocketMessageBrokerStats - WebSocketSession[0 current WS(0)-HttpStream(0)-HttpPoll(0), 0 total, 0 closed abnormally (0 connect failure, 0 send limit, 0 transport error)], stompSubProtocol[processed CONNECT(0)-CONNECTED(0)-DISCONNECT(0)], stompBrokerRelay[null], inboundChannel[pool size = 0, active threads = 0, queued tasks = 0, completed tasks = 0], outboundChannel[pool size = 0, active threads = 0, queued tasks = 0, completed tasks = 0], sockJsScheduler[pool size = 1, active threads = 1, queued tasks = 0, completed tasks = 0]
2025-06-27 14:28:05.669 [http-nio-8080-exec-8] [INFO] o.e.b.s.j.JwtTokenFilter - ❌ 토큰 없음 또는 유효하지 않음: null
2025-06-27 14:28:10.670 [http-nio-8080-exec-9] [INFO] o.e.b.s.j.JwtTokenFilter - ❌ 토큰 없음 또는 유효하지 않음: null
2025-06-27 14:28:15.670 [http-nio-8080-exec-10] [INFO] o.e.b.s.j.JwtTokenFilter - ❌ 토큰 없음 또는 유효하지 않음: null
2025-06-27 14:28:20.671 [http-nio-8080-exec-1] [INFO] o.e.b.s.j.JwtTokenFilter - ❌ 토큰 없음 또는 유효하지 않음: null
2025-06-27 14:28:25.669 [http-nio-8080-exec-2] [INFO] o.e.b.s.j.JwtTokenFilter - ❌ 토큰 없음 또는 유효하지 않음: null
2025-06-27 14:28:30.669 [http-nio-8080-exec-4] [INFO] o.e.b.s.j.JwtTokenFilter - ❌ 토큰 없음 또는 유효하지 않음: null
2025-06-27 14:28:35.670 [http-nio-8080-exec-3] [INFO] o.e.b.s.j.JwtTokenFilter - ❌ 토큰 없음 또는 유효하지 않음: null
2025-06-27 14:28:40.670 [http-nio-8080-exec-5] [INFO] o.e.b.s.j.JwtTokenFilter - ❌ 토큰 없음 또는 유효하지 않음: null
2025-06-27 14:28:45.669 [http-nio-8080-exec-7] [INFO] o.e.b.s.j.JwtTokenFilter - ❌ 토큰 없음 또는 유효하지 않음: null
2025-06-27 14:28:50.665 [http-nio-8080-exec-6] [INFO] o.e.b.s.j.JwtTokenFilter - ❌ 토큰 없음 또는 유효하지 않음: null
2025-06-27 14:28:55.665 [http-nio-8080-exec-8] [INFO] o.e.b.s.j.JwtTokenFilter - ❌ 토큰 없음 또는 유효하지 않음: null
2025-06-27 14:29:00.668 [http-nio-8080-exec-9] [INFO] o.e.b.s.j.JwtTokenFilter - ❌ 토큰 없음 또는 유효하지 않음: null
2025-06-27 14:29:05.665 [http-nio-8080-exec-10] [INFO] o.e.b.s.j.JwtTokenFilter - ❌ 토큰 없음 또는 유효하지 않음: null
2025-06-27 14:29:10.666 [http-nio-8080-exec-1] [INFO] o.e.b.s.j.JwtTokenFilter - ❌ 토큰 없음 또는 유효하지 않음: null
2025-06-27 14:29:15.666 [http-nio-8080-exec-2] [INFO] o.e.b.s.j.JwtTokenFilter - ❌ 토큰 없음 또는 유효하지 않음: null
2025-06-27 14:29:20.664 [http-nio-8080-exec-4] [INFO] o.e.b.s.j.JwtTokenFilter - ❌ 토큰 없음 또는 유효하지 않음: null
2025-06-27 14:29:25.666 [http-nio-8080-exec-3] [INFO] o.e.b.s.j.JwtTokenFilter - ❌ 토큰 없음 또는 유효하지 않음: null
2025-06-27 14:29:30.661 [http-nio-8080-exec-5] [INFO] o.e.b.s.j.JwtTokenFilter - ❌ 토큰 없음 또는 유효하지 않음: null
2025-06-27 14:29:35.663 [http-nio-8080-exec-7] [INFO] o.e.b.s.j.JwtTokenFilter - ❌ 토큰 없음 또는 유효하지 않음: null
2025-06-27 14:29:40.661 [http-nio-8080-exec-6] [INFO] o.e.b.s.j.JwtTokenFilter - ❌ 토큰 없음 또는 유효하지 않음: null
2025-06-27 14:29:45.662 [http-nio-8080-exec-8] [INFO] o.e.b.s.j.JwtTokenFilter - ❌ 토큰 없음 또는 유효하지 않음: null
2025-06-27 14:29:50.660 [http-nio-8080-exec-9] [INFO] o.e.b.s.j.JwtTokenFilter - ❌ 토큰 없음 또는 유효하지 않음: null
2025-06-27 14:29:55.662 [http-nio-8080-exec-10] [INFO] o.e.b.s.j.JwtTokenFilter - ❌ 토큰 없음 또는 유효하지 않음: null
2025-06-27 14:30:00.662 [http-nio-8080-exec-1] [INFO] o.e.b.s.j.JwtTokenFilter - ❌ 토큰 없음 또는 유효하지 않음: null
2025-06-27 14:30:05.660 [http-nio-8080-exec-2] [INFO] o.e.b.s.j.JwtTokenFilter - ❌ 토큰 없음 또는 유효하지 않음: null
2025-06-27 14:30:10.661 [http-nio-8080-exec-4] [INFO] o.e.b.s.j.JwtTokenFilter - ❌ 토큰 없음 또는 유효하지 않음: null
2025-06-27 14:30:15.660 [http-nio-8080-exec-3] [INFO] o.e.b.s.j.JwtTokenFilter - ❌ 토큰 없음 또는 유효하지 않음: null
2025-06-27 14:30:20.658 [http-nio-8080-exec-5] [INFO] o.e.b.s.j.JwtTokenFilter - ❌ 토큰 없음 또는 유효하지 않음: null
2025-06-27 14:30:25.658 [http-nio-8080-exec-7] [INFO] o.e.b.s.j.JwtTokenFilter - ❌ 토큰 없음 또는 유효하지 않음: null
2025-06-27 14:30:30.658 [http-nio-8080-exec-6] [INFO] o.e.b.s.j.JwtTokenFilter - ❌ 토큰 없음 또는 유효하지 않음: null
2025-06-27 14:30:32.313 [SpringApplicationShutdownHook] [INFO] o.s.b.w.e.t.GracefulShutdown - Commencing graceful shutdown. Waiting for active requests to complete
2025-06-27 14:30:32.596 [tomcat-shutdown] [INFO] o.s.b.w.e.t.GracefulShutdown - Graceful shutdown complete
2025-06-27 14:30:32.599 [SpringApplicationShutdownHook] [INFO] o.s.m.s.b.SimpleBrokerMessageHandler - Stopping...
2025-06-27 14:30:32.599 [SpringApplicationShutdownHook] [INFO] o.s.m.s.b.SimpleBrokerMessageHandler - BrokerAvailabilityEvent[available=false, SimpleBrokerMessageHandler [org.springframework.messaging.simp.broker.DefaultSubscriptionRegistry@2bb959a]]
2025-06-27 14:30:32.599 [SpringApplicationShutdownHook] [INFO] o.s.m.s.b.SimpleBrokerMessageHandler - Stopped.
2025-06-27 14:30:32.732 [SpringApplicationShutdownHook] [INFO] o.s.o.j.LocalContainerEntityManagerFactoryBean - Closing JPA EntityManagerFactory for persistence unit 'default'
2025-06-27 14:30:32.736 [SpringApplicationShutdownHook] [INFO] c.z.h.HikariDataSource - HikariPool-1 - Shutdown initiated...
2025-06-27 14:30:32.750 [SpringApplicationShutdownHook] [INFO] c.z.h.HikariDataSource - HikariPool-1 - Shutdown completed.
2025-06-27 14:30:37.199 [restartedMain] [INFO] o.e.b.BackendProjectApplication - Starting BackendProjectApplication using Java 17.0.12 with PID 13464 (C:\backend5\backendProject\build\classes\java\main started by win11 in C:\backend5)
2025-06-27 14:30:37.202 [restartedMain] [INFO] o.e.b.BackendProjectApplication - The following 1 profile is active: "dev"
2025-06-27 14:30:37.256 [restartedMain] [INFO] o.s.b.d.e.DevToolsPropertyDefaultsPostProcessor - Devtools property defaults active! Set 'spring.devtools.add-properties' to 'false' to disable
2025-06-27 14:30:37.256 [restartedMain] [INFO] o.s.b.d.e.DevToolsPropertyDefaultsPostProcessor - For additional web related logging consider setting the 'logging.level.web' property to 'DEBUG'
2025-06-27 14:30:38.766 [restartedMain] [INFO] o.s.d.r.c.RepositoryConfigurationDelegate - Multiple Spring Data modules found, entering strict repository configuration mode
2025-06-27 14:30:38.768 [restartedMain] [INFO] o.s.d.r.c.RepositoryConfigurationDelegate - Bootstrapping Spring Data JPA repositories in DEFAULT mode.
2025-06-27 14:30:39.015 [restartedMain] [INFO] o.s.d.r.c.RepositoryConfigurationDelegate - Finished Spring Data repository scanning in 235 ms. Found 5 JPA repository interfaces.
2025-06-27 14:30:39.044 [restartedMain] [INFO] o.s.d.r.c.RepositoryConfigurationDelegate - Multiple Spring Data modules found, entering strict repository configuration mode
2025-06-27 14:30:39.047 [restartedMain] [INFO] o.s.d.r.c.RepositoryConfigurationDelegate - Bootstrapping Spring Data Redis repositories in DEFAULT mode.
2025-06-27 14:30:39.092 [restartedMain] [INFO] o.s.d.r.c.RepositoryConfigurationExtensionSupport - Spring Data Redis - Could not safely identify store assignment for repository candidate interface org.example.backendproject.Auth.repository.AuthRepository; If you want this repository to be a Redis repository, consider annotating your entities with one of these annotations: org.springframework.data.redis.core.RedisHash (preferred), or consider extending one of the following types with your repository: org.springframework.data.keyvalue.repository.KeyValueRepository
2025-06-27 14:30:39.093 [restartedMain] [INFO] o.s.d.r.c.RepositoryConfigurationExtensionSupport - Spring Data Redis - Could not safely identify store assignment for repository candidate interface org.example.backendproject.board.repository.BoardRepository; If you want this repository to be a Redis repository, consider annotating your entities with one of these annotations: org.springframework.data.redis.core.RedisHash (preferred), or consider extending one of the following types with your repository: org.springframework.data.keyvalue.repository.KeyValueRepository
2025-06-27 14:30:39.094 [restartedMain] [INFO] o.s.d.r.c.RepositoryConfigurationExtensionSupport - Spring Data Redis - Could not safely identify store assignment for repository candidate interface org.example.backendproject.comment.repository.CommentRepository; If you want this repository to be a Redis repository, consider annotating your entities with one of these annotations: org.springframework.data.redis.core.RedisHash (preferred), or consider extending one of the following types with your repository: org.springframework.data.keyvalue.repository.KeyValueRepository
2025-06-27 14:30:39.095 [restartedMain] [INFO] o.s.d.r.c.RepositoryConfigurationExtensionSupport - Spring Data Redis - Could not safely identify store assignment for repository candidate interface org.example.backendproject.purewebsocket.room.repository.RoomRepository; If you want this repository to be a Redis repository, consider annotating your entities with one of these annotations: org.springframework.data.redis.core.RedisHash (preferred), or consider extending one of the following types with your repository: org.springframework.data.keyvalue.repository.KeyValueRepository
2025-06-27 14:30:39.095 [restartedMain] [INFO] o.s.d.r.c.RepositoryConfigurationExtensionSupport - Spring Data Redis - Could not safely identify store assignment for repository candidate interface org.example.backendproject.user.repository.UserRepository; If you want this repository to be a Redis repository, consider annotating your entities with one of these annotations: org.springframework.data.redis.core.RedisHash (preferred), or consider extending one of the following types with your repository: org.springframework.data.keyvalue.repository.KeyValueRepository
2025-06-27 14:30:39.095 [restartedMain] [INFO] o.s.d.r.c.RepositoryConfigurationDelegate - Finished Spring Data repository scanning in 31 ms. Found 0 Redis repository interfaces.
2025-06-27 14:30:40.664 [restartedMain] [INFO] o.s.b.w.e.t.TomcatWebServer - Tomcat initialized with port 8080 (http)
2025-06-27 14:30:40.692 [restartedMain] [INFO] o.a.c.h.Http11NioProtocol - Initializing ProtocolHandler ["http-nio-8080"]
2025-06-27 14:30:40.697 [restartedMain] [INFO] o.a.c.c.StandardService - Starting service [Tomcat]
2025-06-27 14:30:40.697 [restartedMain] [INFO] o.a.c.c.StandardEngine - Starting Servlet engine: [Apache Tomcat/10.1.41]
2025-06-27 14:30:40.820 [restartedMain] [INFO] o.a.c.c.C.[.[.[/] - Initializing Spring embedded WebApplicationContext
2025-06-27 14:30:40.821 [restartedMain] [INFO] o.s.b.w.s.c.ServletWebServerApplicationContext - Root WebApplicationContext: initialization completed in 3564 ms
2025-06-27 14:30:41.354 [restartedMain] [INFO] o.h.j.i.u.LogHelper - HHH000204: Processing PersistenceUnitInfo [name: default]
2025-06-27 14:30:41.451 [restartedMain] [INFO] o.h.Version - HHH000412: Hibernate ORM core version 6.6.15.Final
2025-06-27 14:30:41.513 [restartedMain] [INFO] o.h.c.i.RegionFactoryInitiator - HHH000026: Second-level cache disabled
2025-06-27 14:30:42.105 [restartedMain] [INFO] o.s.o.j.p.SpringPersistenceUnitInfo - No LoadTimeWeaver setup: ignoring JPA class transformer
2025-06-27 14:30:42.172 [restartedMain] [INFO] c.z.h.HikariDataSource - HikariPool-1 - Starting...
2025-06-27 14:30:42.846 [restartedMain] [INFO] c.z.h.p.HikariPool - HikariPool-1 - Added connection com.mysql.cj.jdbc.ConnectionImpl@52f68005
2025-06-27 14:30:42.850 [restartedMain] [INFO] c.z.h.HikariDataSource - HikariPool-1 - Start completed.
2025-06-27 14:30:42.940 [restartedMain] [WARN] o.h.o.deprecation - HHH90000025: MySQL8Dialect does not need to be specified explicitly using 'hibernate.dialect' (remove the property setting and it will be selected by default)
2025-06-27 14:30:42.942 [restartedMain] [WARN] o.h.o.deprecation - HHH90000026: MySQL8Dialect has been deprecated; use org.hibernate.dialect.MySQLDialect instead
2025-06-27 14:30:42.986 [restartedMain] [INFO] o.h.o.c.pooling - HHH10001005: Database info:
	Database JDBC URL [Connecting through datasource 'HikariDataSource (HikariPool-1)']
	Database driver: undefined/unknown
	Database version: 8.0
	Autocommit mode: undefined/unknown
	Isolation level: undefined/unknown
	Minimum pool size: undefined/unknown
	Maximum pool size: undefined/unknown
2025-06-27 14:30:45.449 [restartedMain] [INFO] o.h.e.t.j.p.i.JtaPlatformInitiator - HHH000489: No JTA platform available (set 'hibernate.transaction.jta.platform' to enable JTA platform integration)
2025-06-27 14:30:45.645 [restartedMain] [INFO] o.s.o.j.LocalContainerEntityManagerFactoryBean - Initialized JPA EntityManagerFactory for persistence unit 'default'
2025-06-27 14:30:48.207 [restartedMain] [INFO] o.s.d.j.r.q.QueryEnhancerFactory - Hibernate is in classpath; If applicable, HQL parser will be used.
2025-06-27 14:30:51.796 [restartedMain] [WARN] o.s.b.a.o.j.JpaBaseConfiguration$JpaWebConfiguration - spring.jpa.open-in-view is enabled by default. Therefore, database queries may be performed during view rendering. Explicitly configure spring.jpa.open-in-view to disable this warning
2025-06-27 14:30:51.943 [restartedMain] [INFO] o.s.b.a.w.s.WelcomePageHandlerMapping - Adding welcome page: class path resource [static/index.html]
2025-06-27 14:30:52.480 [restartedMain] [INFO] o.s.b.a.e.w.EndpointLinksResolver - Exposing 14 endpoints beneath base path '/actuator'
2025-06-27 14:30:52.548 [restartedMain] [WARN] o.s.s.c.a.a.c.InitializeUserDetailsBeanManagerConfigurer$InitializeUserDetailsManagerConfigurer - Found 2 UserDetailsService beans, with names [customUserDetailService, customUserDetailsService]. Global Authentication Manager will not use a UserDetailsService for username/password login. Consider publishing a single UserDetailsService bean.
2025-06-27 14:30:53.694 [restartedMain] [INFO] o.s.b.d.a.OptionalLiveReloadServer - LiveReload server is running on port 35729
2025-06-27 14:30:53.806 [restartedMain] [INFO] o.s.m.s.b.SimpleBrokerMessageHandler - Starting...
2025-06-27 14:30:53.806 [restartedMain] [INFO] o.s.m.s.b.SimpleBrokerMessageHandler - BrokerAvailabilityEvent[available=true, SimpleBrokerMessageHandler [org.springframework.messaging.simp.broker.DefaultSubscriptionRegistry@125c3d0]]
2025-06-27 14:30:53.808 [restartedMain] [INFO] o.s.m.s.b.SimpleBrokerMessageHandler - Started.
2025-06-27 14:30:53.809 [restartedMain] [INFO] o.a.c.h.Http11NioProtocol - Starting ProtocolHandler ["http-nio-8080"]
2025-06-27 14:30:53.854 [restartedMain] [INFO] o.s.b.w.e.t.TomcatWebServer - Tomcat started on port 8080 (http) with context path '/'
2025-06-27 14:30:54.787 [restartedMain] [INFO] o.e.b.BackendProjectApplication - Started BackendProjectApplication in 18.18 seconds (process running for 18.908)
2025-06-27 14:30:55.291 [RMI TCP Connection(4)-172.31.98.113] [INFO] o.a.c.c.C.[.[.[/] - Initializing Spring DispatcherServlet 'dispatcherServlet'
2025-06-27 14:30:55.291 [RMI TCP Connection(4)-172.31.98.113] [INFO] o.s.w.s.DispatcherServlet - Initializing Servlet 'dispatcherServlet'
2025-06-27 14:30:55.294 [RMI TCP Connection(4)-172.31.98.113] [INFO] o.s.w.s.DispatcherServlet - Completed initialization in 3 ms
2025-06-27 14:30:55.896 [http-nio-8080-exec-1] [INFO] o.e.b.s.j.JwtTokenFilter - ❌ 토큰 없음 또는 유효하지 않음: null
2025-06-27 14:31:00.658 [http-nio-8080-exec-2] [INFO] o.e.b.s.j.JwtTokenFilter - ❌ 토큰 없음 또는 유효하지 않음: null
2025-06-27 14:31:05.655 [http-nio-8080-exec-3] [INFO] o.e.b.s.j.JwtTokenFilter - ❌ 토큰 없음 또는 유효하지 않음: null
2025-06-27 14:31:09.736 [http-nio-8080-exec-4] [WARN] o.e.b.e.GlobalExceptionHandler - 런타임 예외 처리: 해당 유저를 찾을 수 없습니다.
2025-06-27 14:31:09.736 [http-nio-8080-exec-5] [WARN] o.e.b.e.GlobalExceptionHandler - 런타임 예외 처리: 해당 유저를 찾을 수 없습니다.
2025-06-27 14:31:09.737 [http-nio-8080-exec-4] [ERROR] o.e.b.e.GlobalExceptionHandler - ❗에러라구용!!! 유저업따구요!
2025-06-27 14:31:09.737 [http-nio-8080-exec-5] [ERROR] o.e.b.e.GlobalExceptionHandler - ❗에러라구용!!! 유저업따구요!
2025-06-27 14:31:09.761 [http-nio-8080-exec-5] [WARN] o.s.w.s.m.m.a.ExceptionHandlerExceptionResolver - Resolved [java.lang.RuntimeException: 해당 유저를 찾을 수 없습니다.]
2025-06-27 14:31:09.761 [http-nio-8080-exec-4] [WARN] o.s.w.s.m.m.a.ExceptionHandlerExceptionResolver - Resolved [java.lang.RuntimeException: 해당 유저를 찾을 수 없습니다.]
2025-06-27 14:31:09.767 [http-nio-8080-exec-6] [WARN] o.e.b.e.GlobalExceptionHandler - 런타임 예외 처리: 해당 유저를 찾을 수 없습니다.
2025-06-27 14:31:09.768 [http-nio-8080-exec-6] [ERROR] o.e.b.e.GlobalExceptionHandler - ❗에러라구용!!! 유저업따구요!
2025-06-27 14:31:09.769 [http-nio-8080-exec-6] [WARN] o.s.w.s.m.m.a.ExceptionHandlerExceptionResolver - Resolved [java.lang.RuntimeException: 해당 유저를 찾을 수 없습니다.]
2025-06-27 14:31:09.906 [http-nio-8080-exec-7] [WARN] o.e.b.e.GlobalExceptionHandler - 런타임 예외 처리: 해당 유저를 찾을 수 없습니다.
2025-06-27 14:31:09.906 [http-nio-8080-exec-7] [ERROR] o.e.b.e.GlobalExceptionHandler - ❗에러라구용!!! 유저업따구요!
2025-06-27 14:31:09.908 [http-nio-8080-exec-7] [WARN] o.s.w.s.m.m.a.ExceptionHandlerExceptionResolver - Resolved [java.lang.RuntimeException: 해당 유저를 찾을 수 없습니다.]
2025-06-27 14:31:10.072 [http-nio-8080-exec-8] [WARN] o.e.b.e.GlobalExceptionHandler - 런타임 예외 처리: 해당 유저를 찾을 수 없습니다.
2025-06-27 14:31:10.073 [http-nio-8080-exec-8] [ERROR] o.e.b.e.GlobalExceptionHandler - ❗에러라구용!!! 유저업따구요!
2025-06-27 14:31:10.074 [http-nio-8080-exec-8] [WARN] o.s.w.s.m.m.a.ExceptionHandlerExceptionResolver - Resolved [java.lang.RuntimeException: 해당 유저를 찾을 수 없습니다.]
2025-06-27 14:31:10.234 [http-nio-8080-exec-9] [WARN] o.e.b.e.GlobalExceptionHandler - 런타임 예외 처리: 해당 유저를 찾을 수 없습니다.
2025-06-27 14:31:10.234 [http-nio-8080-exec-9] [ERROR] o.e.b.e.GlobalExceptionHandler - ❗에러라구용!!! 유저업따구요!
2025-06-27 14:31:10.235 [http-nio-8080-exec-9] [WARN] o.s.w.s.m.m.a.ExceptionHandlerExceptionResolver - Resolved [java.lang.RuntimeException: 해당 유저를 찾을 수 없습니다.]
2025-06-27 14:31:10.372 [http-nio-8080-exec-10] [WARN] o.e.b.e.GlobalExceptionHandler - 런타임 예외 처리: 해당 유저를 찾을 수 없습니다.
2025-06-27 14:31:10.372 [http-nio-8080-exec-10] [ERROR] o.e.b.e.GlobalExceptionHandler - ❗에러라구용!!! 유저업따구요!
2025-06-27 14:31:10.373 [http-nio-8080-exec-10] [WARN] o.s.w.s.m.m.a.ExceptionHandlerExceptionResolver - Resolved [java.lang.RuntimeException: 해당 유저를 찾을 수 없습니다.]
2025-06-27 14:31:10.522 [http-nio-8080-exec-1] [WARN] o.e.b.e.GlobalExceptionHandler - 런타임 예외 처리: 해당 유저를 찾을 수 없습니다.
2025-06-27 14:31:10.522 [http-nio-8080-exec-1] [ERROR] o.e.b.e.GlobalExceptionHandler - ❗에러라구용!!! 유저업따구요!
2025-06-27 14:31:10.524 [http-nio-8080-exec-1] [WARN] o.s.w.s.m.m.a.ExceptionHandlerExceptionResolver - Resolved [java.lang.RuntimeException: 해당 유저를 찾을 수 없습니다.]
2025-06-27 14:31:10.654 [http-nio-8080-exec-2] [INFO] o.e.b.s.j.JwtTokenFilter - ❌ 토큰 없음 또는 유효하지 않음: null
2025-06-27 14:31:15.653 [http-nio-8080-exec-3] [INFO] o.e.b.s.j.JwtTokenFilter - ❌ 토큰 없음 또는 유효하지 않음: null
2025-06-27 14:31:20.653 [http-nio-8080-exec-5] [INFO] o.e.b.s.j.JwtTokenFilter - ❌ 토큰 없음 또는 유효하지 않음: null
2025-06-27 14:31:25.653 [http-nio-8080-exec-4] [INFO] o.e.b.s.j.JwtTokenFilter - ❌ 토큰 없음 또는 유효하지 않음: null
2025-06-27 14:31:30.653 [http-nio-8080-exec-6] [INFO] o.e.b.s.j.JwtTokenFilter - ❌ 토큰 없음 또는 유효하지 않음: null
2025-06-27 14:31:35.651 [http-nio-8080-exec-7] [INFO] o.e.b.s.j.JwtTokenFilter - ❌ 토큰 없음 또는 유효하지 않음: null
2025-06-27 14:31:40.653 [http-nio-8080-exec-8] [INFO] o.e.b.s.j.JwtTokenFilter - ❌ 토큰 없음 또는 유효하지 않음: null
2025-06-27 14:31:45.653 [http-nio-8080-exec-9] [INFO] o.e.b.s.j.JwtTokenFilter - ❌ 토큰 없음 또는 유효하지 않음: null
2025-06-27 14:31:50.653 [http-nio-8080-exec-10] [INFO] o.e.b.s.j.JwtTokenFilter - ❌ 토큰 없음 또는 유효하지 않음: null
2025-06-27 14:31:53.739 [MessageBroker-1] [INFO] o.s.w.s.c.WebSocketMessageBrokerStats - WebSocketSession[0 current WS(0)-HttpStream(0)-HttpPoll(0), 0 total, 0 closed abnormally (0 connect failure, 0 send limit, 0 transport error)], stompSubProtocol[processed CONNECT(0)-CONNECTED(0)-DISCONNECT(0)], stompBrokerRelay[null], inboundChannel[pool size = 0, active threads = 0, queued tasks = 0, completed tasks = 0], outboundChannel[pool size = 0, active threads = 0, queued tasks = 0, completed tasks = 0], sockJsScheduler[pool size = 1, active threads = 1, queued tasks = 0, completed tasks = 0]
2025-06-27 14:31:55.651 [http-nio-8080-exec-1] [INFO] o.e.b.s.j.JwtTokenFilter - ❌ 토큰 없음 또는 유효하지 않음: null
2025-06-27 14:32:00.650 [http-nio-8080-exec-2] [INFO] o.e.b.s.j.JwtTokenFilter - ❌ 토큰 없음 또는 유효하지 않음: null
2025-06-27 14:32:05.653 [http-nio-8080-exec-3] [INFO] o.e.b.s.j.JwtTokenFilter - ❌ 토큰 없음 또는 유효하지 않음: null
2025-06-27 14:32:10.650 [http-nio-8080-exec-5] [INFO] o.e.b.s.j.JwtTokenFilter - ❌ 토큰 없음 또는 유효하지 않음: null
2025-06-27 14:32:11.116 [http-nio-8080-exec-4] [WARN] o.e.b.e.GlobalExceptionHandler - 런타임 예외 처리: 해당 유저를 찾을 수 없습니다.
2025-06-27 14:32:11.116 [http-nio-8080-exec-4] [ERROR] o.e.b.e.GlobalExceptionHandler - ❗에러라구용!!! 유저업따구요!
2025-06-27 14:32:11.117 [http-nio-8080-exec-4] [WARN] o.s.w.s.m.m.a.ExceptionHandlerExceptionResolver - Resolved [java.lang.RuntimeException: 해당 유저를 찾을 수 없습니다.]
2025-06-27 14:32:15.649 [http-nio-8080-exec-6] [INFO] o.e.b.s.j.JwtTokenFilter - ❌ 토큰 없음 또는 유효하지 않음: null
2025-06-27 14:32:20.647 [http-nio-8080-exec-7] [INFO] o.e.b.s.j.JwtTokenFilter - ❌ 토큰 없음 또는 유효하지 않음: null
2025-06-27 14:32:25.648 [http-nio-8080-exec-8] [INFO] o.e.b.s.j.JwtTokenFilter - ❌ 토큰 없음 또는 유효하지 않음: null
2025-06-27 14:32:30.648 [http-nio-8080-exec-9] [INFO] o.e.b.s.j.JwtTokenFilter - ❌ 토큰 없음 또는 유효하지 않음: null
2025-06-27 14:32:35.651 [http-nio-8080-exec-10] [INFO] o.e.b.s.j.JwtTokenFilter - ❌ 토큰 없음 또는 유효하지 않음: null
2025-06-27 14:32:40.648 [http-nio-8080-exec-1] [INFO] o.e.b.s.j.JwtTokenFilter - ❌ 토큰 없음 또는 유효하지 않음: null
2025-06-27 14:32:45.648 [http-nio-8080-exec-2] [INFO] o.e.b.s.j.JwtTokenFilter - ❌ 토큰 없음 또는 유효하지 않음: null
2025-06-27 14:32:50.644 [http-nio-8080-exec-3] [INFO] o.e.b.s.j.JwtTokenFilter - ❌ 토큰 없음 또는 유효하지 않음: null
2025-06-27 14:32:55.644 [http-nio-8080-exec-5] [INFO] o.e.b.s.j.JwtTokenFilter - ❌ 토큰 없음 또는 유효하지 않음: null
2025-06-27 14:33:00.645 [http-nio-8080-exec-4] [INFO] o.e.b.s.j.JwtTokenFilter - ❌ 토큰 없음 또는 유효하지 않음: null
2025-06-27 14:33:05.647 [http-nio-8080-exec-6] [INFO] o.e.b.s.j.JwtTokenFilter - ❌ 토큰 없음 또는 유효하지 않음: null
2025-06-27 14:33:10.646 [http-nio-8080-exec-7] [INFO] o.e.b.s.j.JwtTokenFilter - ❌ 토큰 없음 또는 유효하지 않음: null
2025-06-27 14:33:15.643 [http-nio-8080-exec-8] [INFO] o.e.b.s.j.JwtTokenFilter - ❌ 토큰 없음 또는 유효하지 않음: null
2025-06-27 14:33:20.644 [http-nio-8080-exec-9] [INFO] o.e.b.s.j.JwtTokenFilter - ❌ 토큰 없음 또는 유효하지 않음: null
2025-06-27 14:33:25.643 [http-nio-8080-exec-10] [INFO] o.e.b.s.j.JwtTokenFilter - ❌ 토큰 없음 또는 유효하지 않음: null
2025-06-27 14:33:30.643 [http-nio-8080-exec-1] [INFO] o.e.b.s.j.JwtTokenFilter - ❌ 토큰 없음 또는 유효하지 않음: null
2025-06-27 14:33:35.644 [http-nio-8080-exec-2] [INFO] o.e.b.s.j.JwtTokenFilter - ❌ 토큰 없음 또는 유효하지 않음: null
2025-06-27 14:33:40.644 [http-nio-8080-exec-3] [INFO] o.e.b.s.j.JwtTokenFilter - ❌ 토큰 없음 또는 유효하지 않음: null
2025-06-27 14:33:45.643 [http-nio-8080-exec-5] [INFO] o.e.b.s.j.JwtTokenFilter - ❌ 토큰 없음 또는 유효하지 않음: null
2025-06-27 14:33:50.640 [http-nio-8080-exec-4] [INFO] o.e.b.s.j.JwtTokenFilter - ❌ 토큰 없음 또는 유효하지 않음: null
2025-06-27 14:33:55.639 [http-nio-8080-exec-6] [INFO] o.e.b.s.j.JwtTokenFilter - ❌ 토큰 없음 또는 유효하지 않음: null
2025-06-27 14:34:00.639 [http-nio-8080-exec-7] [INFO] o.e.b.s.j.JwtTokenFilter - ❌ 토큰 없음 또는 유효하지 않음: null
2025-06-27 14:34:05.642 [http-nio-8080-exec-8] [INFO] o.e.b.s.j.JwtTokenFilter - ❌ 토큰 없음 또는 유효하지 않음: null
2025-06-27 14:34:10.640 [http-nio-8080-exec-9] [INFO] o.e.b.s.j.JwtTokenFilter - ❌ 토큰 없음 또는 유효하지 않음: null
2025-06-27 14:34:15.641 [http-nio-8080-exec-10] [INFO] o.e.b.s.j.JwtTokenFilter - ❌ 토큰 없음 또는 유효하지 않음: null
2025-06-27 14:34:20.640 [http-nio-8080-exec-1] [INFO] o.e.b.s.j.JwtTokenFilter - ❌ 토큰 없음 또는 유효하지 않음: null
2025-06-27 14:34:25.639 [http-nio-8080-exec-2] [INFO] o.e.b.s.j.JwtTokenFilter - ❌ 토큰 없음 또는 유효하지 않음: null
2025-06-27 14:34:30.639 [http-nio-8080-exec-3] [INFO] o.e.b.s.j.JwtTokenFilter - ❌ 토큰 없음 또는 유효하지 않음: null
2025-06-27 14:34:35.639 [http-nio-8080-exec-5] [INFO] o.e.b.s.j.JwtTokenFilter - ❌ 토큰 없음 또는 유효하지 않음: null
2025-06-27 14:34:40.639 [http-nio-8080-exec-4] [INFO] o.e.b.s.j.JwtTokenFilter - ❌ 토큰 없음 또는 유효하지 않음: null
2025-06-27 14:34:45.639 [http-nio-8080-exec-6] [INFO] o.e.b.s.j.JwtTokenFilter - ❌ 토큰 없음 또는 유효하지 않음: null
2025-06-27 14:34:50.638 [http-nio-8080-exec-7] [INFO] o.e.b.s.j.JwtTokenFilter - ❌ 토큰 없음 또는 유효하지 않음: null
2025-06-27 14:34:55.636 [http-nio-8080-exec-8] [INFO] o.e.b.s.j.JwtTokenFilter - ❌ 토큰 없음 또는 유효하지 않음: null
2025-06-27 14:35:00.635 [http-nio-8080-exec-9] [INFO] o.e.b.s.j.JwtTokenFilter - ❌ 토큰 없음 또는 유효하지 않음: null
2025-06-27 14:35:05.637 [http-nio-8080-exec-10] [INFO] o.e.b.s.j.JwtTokenFilter - ❌ 토큰 없음 또는 유효하지 않음: null
2025-06-27 14:35:10.636 [http-nio-8080-exec-1] [INFO] o.e.b.s.j.JwtTokenFilter - ❌ 토큰 없음 또는 유효하지 않음: null
2025-06-27 14:35:15.637 [http-nio-8080-exec-2] [INFO] o.e.b.s.j.JwtTokenFilter - ❌ 토큰 없음 또는 유효하지 않음: null
2025-06-27 14:35:20.634 [http-nio-8080-exec-3] [INFO] o.e.b.s.j.JwtTokenFilter - ❌ 토큰 없음 또는 유효하지 않음: null
2025-06-27 14:35:25.633 [http-nio-8080-exec-5] [INFO] o.e.b.s.j.JwtTokenFilter - ❌ 토큰 없음 또는 유효하지 않음: null
2025-06-27 14:35:30.632 [http-nio-8080-exec-4] [INFO] o.e.b.s.j.JwtTokenFilter - ❌ 토큰 없음 또는 유효하지 않음: null
2025-06-27 14:35:35.633 [http-nio-8080-exec-6] [INFO] o.e.b.s.j.JwtTokenFilter - ❌ 토큰 없음 또는 유효하지 않음: null
2025-06-27 14:35:40.631 [http-nio-8080-exec-7] [INFO] o.e.b.s.j.JwtTokenFilter - ❌ 토큰 없음 또는 유효하지 않음: null
2025-06-27 14:35:45.632 [http-nio-8080-exec-8] [INFO] o.e.b.s.j.JwtTokenFilter - ❌ 토큰 없음 또는 유효하지 않음: null
2025-06-27 14:35:50.632 [http-nio-8080-exec-9] [INFO] o.e.b.s.j.JwtTokenFilter - ❌ 토큰 없음 또는 유효하지 않음: null
2025-06-27 14:35:55.632 [http-nio-8080-exec-10] [INFO] o.e.b.s.j.JwtTokenFilter - ❌ 토큰 없음 또는 유효하지 않음: null
2025-06-27 14:36:00.633 [http-nio-8080-exec-1] [INFO] o.e.b.s.j.JwtTokenFilter - ❌ 토큰 없음 또는 유효하지 않음: null
2025-06-27 14:36:05.631 [http-nio-8080-exec-2] [INFO] o.e.b.s.j.JwtTokenFilter - ❌ 토큰 없음 또는 유효하지 않음: null
2025-06-27 14:36:10.629 [http-nio-8080-exec-3] [INFO] o.e.b.s.j.JwtTokenFilter - ❌ 토큰 없음 또는 유효하지 않음: null
2025-06-27 14:36:15.631 [http-nio-8080-exec-5] [INFO] o.e.b.s.j.JwtTokenFilter - ❌ 토큰 없음 또는 유효하지 않음: null
2025-06-27 14:36:20.629 [http-nio-8080-exec-4] [INFO] o.e.b.s.j.JwtTokenFilter - ❌ 토큰 없음 또는 유효하지 않음: null
2025-06-27 14:36:25.629 [http-nio-8080-exec-6] [INFO] o.e.b.s.j.JwtTokenFilter - ❌ 토큰 없음 또는 유효하지 않음: null
2025-06-27 14:36:30.628 [http-nio-8080-exec-7] [INFO] o.e.b.s.j.JwtTokenFilter - ❌ 토큰 없음 또는 유효하지 않음: null
2025-06-27 14:36:35.627 [http-nio-8080-exec-8] [INFO] o.e.b.s.j.JwtTokenFilter - ❌ 토큰 없음 또는 유효하지 않음: null
2025-06-27 14:36:40.627 [http-nio-8080-exec-9] [INFO] o.e.b.s.j.JwtTokenFilter - ❌ 토큰 없음 또는 유효하지 않음: null
2025-06-27 14:36:45.626 [http-nio-8080-exec-10] [INFO] o.e.b.s.j.JwtTokenFilter - ❌ 토큰 없음 또는 유효하지 않음: null
2025-06-27 14:36:50.627 [http-nio-8080-exec-1] [INFO] o.e.b.s.j.JwtTokenFilter - ❌ 토큰 없음 또는 유효하지 않음: null
2025-06-27 14:36:55.625 [http-nio-8080-exec-2] [INFO] o.e.b.s.j.JwtTokenFilter - ❌ 토큰 없음 또는 유효하지 않음: null
2025-06-27 14:37:00.626 [http-nio-8080-exec-3] [INFO] o.e.b.s.j.JwtTokenFilter - ❌ 토큰 없음 또는 유효하지 않음: null
2025-06-27 14:37:05.628 [http-nio-8080-exec-5] [INFO] o.e.b.s.j.JwtTokenFilter - ❌ 토큰 없음 또는 유효하지 않음: null
2025-06-27 14:37:10.625 [http-nio-8080-exec-4] [INFO] o.e.b.s.j.JwtTokenFilter - ❌ 토큰 없음 또는 유효하지 않음: null
2025-06-27 14:37:15.627 [http-nio-8080-exec-6] [INFO] o.e.b.s.j.JwtTokenFilter - ❌ 토큰 없음 또는 유효하지 않음: null
2025-06-27 14:37:20.625 [http-nio-8080-exec-7] [INFO] o.e.b.s.j.JwtTokenFilter - ❌ 토큰 없음 또는 유효하지 않음: null
2025-06-27 14:37:25.625 [http-nio-8080-exec-8] [INFO] o.e.b.s.j.JwtTokenFilter - ❌ 토큰 없음 또는 유효하지 않음: null
2025-06-27 14:37:30.624 [http-nio-8080-exec-9] [INFO] o.e.b.s.j.JwtTokenFilter - ❌ 토큰 없음 또는 유효하지 않음: null
2025-06-27 14:37:35.623 [http-nio-8080-exec-10] [INFO] o.e.b.s.j.JwtTokenFilter - ❌ 토큰 없음 또는 유효하지 않음: null
2025-06-27 14:37:40.622 [http-nio-8080-exec-1] [INFO] o.e.b.s.j.JwtTokenFilter - ❌ 토큰 없음 또는 유효하지 않음: null
2025-06-27 14:37:45.623 [http-nio-8080-exec-2] [INFO] o.e.b.s.j.JwtTokenFilter - ❌ 토큰 없음 또는 유효하지 않음: null
2025-06-27 14:37:50.625 [http-nio-8080-exec-3] [INFO] o.e.b.s.j.JwtTokenFilter - ❌ 토큰 없음 또는 유효하지 않음: null
2025-06-27 14:37:55.621 [http-nio-8080-exec-5] [INFO] o.e.b.s.j.JwtTokenFilter - ❌ 토큰 없음 또는 유효하지 않음: null
2025-06-27 14:38:00.623 [http-nio-8080-exec-4] [INFO] o.e.b.s.j.JwtTokenFilter - ❌ 토큰 없음 또는 유효하지 않음: null
2025-06-27 14:38:05.622 [http-nio-8080-exec-6] [INFO] o.e.b.s.j.JwtTokenFilter - ❌ 토큰 없음 또는 유효하지 않음: null
2025-06-27 14:38:10.620 [http-nio-8080-exec-7] [INFO] o.e.b.s.j.JwtTokenFilter - ❌ 토큰 없음 또는 유효하지 않음: null
2025-06-27 14:38:15.636 [http-nio-8080-exec-8] [INFO] o.e.b.s.j.JwtTokenFilter - ❌ 토큰 없음 또는 유효하지 않음: null
2025-06-27 14:38:20.619 [http-nio-8080-exec-9] [INFO] o.e.b.s.j.JwtTokenFilter - ❌ 토큰 없음 또는 유효하지 않음: null
2025-06-27 14:38:25.619 [http-nio-8080-exec-10] [INFO] o.e.b.s.j.JwtTokenFilter - ❌ 토큰 없음 또는 유효하지 않음: null
2025-06-27 14:38:30.620 [http-nio-8080-exec-1] [INFO] o.e.b.s.j.JwtTokenFilter - ❌ 토큰 없음 또는 유효하지 않음: null
2025-06-27 14:38:35.618 [http-nio-8080-exec-2] [INFO] o.e.b.s.j.JwtTokenFilter - ❌ 토큰 없음 또는 유효하지 않음: null
2025-06-27 14:38:40.618 [http-nio-8080-exec-3] [INFO] o.e.b.s.j.JwtTokenFilter - ❌ 토큰 없음 또는 유효하지 않음: null
2025-06-27 14:38:45.619 [http-nio-8080-exec-5] [INFO] o.e.b.s.j.JwtTokenFilter - ❌ 토큰 없음 또는 유효하지 않음: null
2025-06-27 14:38:50.617 [http-nio-8080-exec-4] [INFO] o.e.b.s.j.JwtTokenFilter - ❌ 토큰 없음 또는 유효하지 않음: null
2025-06-27 14:38:55.615 [http-nio-8080-exec-6] [INFO] o.e.b.s.j.JwtTokenFilter - ❌ 토큰 없음 또는 유효하지 않음: null
2025-06-27 14:39:00.618 [http-nio-8080-exec-7] [INFO] o.e.b.s.j.JwtTokenFilter - ❌ 토큰 없음 또는 유효하지 않음: null
2025-06-27 14:39:05.617 [http-nio-8080-exec-8] [INFO] o.e.b.s.j.JwtTokenFilter - ❌ 토큰 없음 또는 유효하지 않음: null
2025-06-27 14:39:10.616 [http-nio-8080-exec-9] [INFO] o.e.b.s.j.JwtTokenFilter - ❌ 토큰 없음 또는 유효하지 않음: null
2025-06-27 14:39:15.655 [http-nio-8080-exec-10] [INFO] o.e.b.s.j.JwtTokenFilter - ❌ 토큰 없음 또는 유효하지 않음: null
2025-06-27 14:39:20.615 [http-nio-8080-exec-1] [INFO] o.e.b.s.j.JwtTokenFilter - ❌ 토큰 없음 또는 유효하지 않음: null
2025-06-27 14:39:25.614 [http-nio-8080-exec-2] [INFO] o.e.b.s.j.JwtTokenFilter - ❌ 토큰 없음 또는 유효하지 않음: null
2025-06-27 14:39:30.615 [http-nio-8080-exec-3] [INFO] o.e.b.s.j.JwtTokenFilter - ❌ 토큰 없음 또는 유효하지 않음: null
2025-06-27 14:39:35.614 [http-nio-8080-exec-5] [INFO] o.e.b.s.j.JwtTokenFilter - ❌ 토큰 없음 또는 유효하지 않음: null
2025-06-27 14:39:40.616 [http-nio-8080-exec-4] [INFO] o.e.b.s.j.JwtTokenFilter - ❌ 토큰 없음 또는 유효하지 않음: null
2025-06-27 14:39:45.622 [http-nio-8080-exec-6] [INFO] o.e.b.s.j.JwtTokenFilter - ❌ 토큰 없음 또는 유효하지 않음: null
2025-06-27 14:39:50.612 [http-nio-8080-exec-7] [INFO] o.e.b.s.j.JwtTokenFilter - ❌ 토큰 없음 또는 유효하지 않음: null
2025-06-27 14:39:55.611 [http-nio-8080-exec-8] [INFO] o.e.b.s.j.JwtTokenFilter - ❌ 토큰 없음 또는 유효하지 않음: null
2025-06-27 14:40:00.612 [http-nio-8080-exec-9] [INFO] o.e.b.s.j.JwtTokenFilter - ❌ 토큰 없음 또는 유효하지 않음: null
2025-06-27 14:40:05.612 [http-nio-8080-exec-10] [INFO] o.e.b.s.j.JwtTokenFilter - ❌ 토큰 없음 또는 유효하지 않음: null
2025-06-27 14:40:10.612 [http-nio-8080-exec-1] [INFO] o.e.b.s.j.JwtTokenFilter - ❌ 토큰 없음 또는 유효하지 않음: null
2025-06-27 14:40:15.611 [http-nio-8080-exec-2] [INFO] o.e.b.s.j.JwtTokenFilter - ❌ 토큰 없음 또는 유효하지 않음: null
2025-06-27 14:40:20.611 [http-nio-8080-exec-3] [INFO] o.e.b.s.j.JwtTokenFilter - ❌ 토큰 없음 또는 유효하지 않음: null
2025-06-27 14:40:25.610 [http-nio-8080-exec-5] [INFO] o.e.b.s.j.JwtTokenFilter - ❌ 토큰 없음 또는 유효하지 않음: null
2025-06-27 14:40:30.610 [http-nio-8080-exec-4] [INFO] o.e.b.s.j.JwtTokenFilter - ❌ 토큰 없음 또는 유효하지 않음: null
2025-06-27 14:40:35.610 [http-nio-8080-exec-6] [INFO] o.e.b.s.j.JwtTokenFilter - ❌ 토큰 없음 또는 유효하지 않음: null
2025-06-27 14:40:40.609 [http-nio-8080-exec-7] [INFO] o.e.b.s.j.JwtTokenFilter - ❌ 토큰 없음 또는 유효하지 않음: null
2025-06-27 14:40:45.612 [http-nio-8080-exec-8] [INFO] o.e.b.s.j.JwtTokenFilter - ❌ 토큰 없음 또는 유효하지 않음: null
2025-06-27 14:40:50.608 [http-nio-8080-exec-9] [INFO] o.e.b.s.j.JwtTokenFilter - ❌ 토큰 없음 또는 유효하지 않음: null
2025-06-27 14:40:55.607 [http-nio-8080-exec-10] [INFO] o.e.b.s.j.JwtTokenFilter - ❌ 토큰 없음 또는 유효하지 않음: null
2025-06-27 14:41:00.609 [http-nio-8080-exec-1] [INFO] o.e.b.s.j.JwtTokenFilter - ❌ 토큰 없음 또는 유효하지 않음: null
2025-06-27 14:41:05.608 [http-nio-8080-exec-2] [INFO] o.e.b.s.j.JwtTokenFilter - ❌ 토큰 없음 또는 유효하지 않음: null
2025-06-27 14:41:10.607 [http-nio-8080-exec-3] [INFO] o.e.b.s.j.JwtTokenFilter - ❌ 토큰 없음 또는 유효하지 않음: null
2025-06-27 14:41:15.609 [http-nio-8080-exec-5] [INFO] o.e.b.s.j.JwtTokenFilter - ❌ 토큰 없음 또는 유효하지 않음: null
2025-06-27 14:41:20.605 [http-nio-8080-exec-4] [INFO] o.e.b.s.j.JwtTokenFilter - ❌ 토큰 없음 또는 유효하지 않음: null
2025-06-27 14:41:25.604 [http-nio-8080-exec-6] [INFO] o.e.b.s.j.JwtTokenFilter - ❌ 토큰 없음 또는 유효하지 않음: null
2025-06-27 14:41:30.607 [http-nio-8080-exec-7] [INFO] o.e.b.s.j.JwtTokenFilter - ❌ 토큰 없음 또는 유효하지 않음: null
2025-06-27 14:41:35.605 [http-nio-8080-exec-8] [INFO] o.e.b.s.j.JwtTokenFilter - ❌ 토큰 없음 또는 유효하지 않음: null
2025-06-27 14:41:40.622 [http-nio-8080-exec-9] [INFO] o.e.b.s.j.JwtTokenFilter - ❌ 토큰 없음 또는 유효하지 않음: null
2025-06-27 14:41:45.603 [http-nio-8080-exec-10] [INFO] o.e.b.s.j.JwtTokenFilter - ❌ 토큰 없음 또는 유효하지 않음: null
2025-06-27 14:41:50.603 [http-nio-8080-exec-1] [INFO] o.e.b.s.j.JwtTokenFilter - ❌ 토큰 없음 또는 유효하지 않음: null
2025-06-27 14:41:55.602 [http-nio-8080-exec-2] [INFO] o.e.b.s.j.JwtTokenFilter - ❌ 토큰 없음 또는 유효하지 않음: null
2025-06-27 14:42:00.603 [http-nio-8080-exec-3] [INFO] o.e.b.s.j.JwtTokenFilter - ❌ 토큰 없음 또는 유효하지 않음: null
2025-06-27 14:42:05.604 [http-nio-8080-exec-5] [INFO] o.e.b.s.j.JwtTokenFilter - ❌ 토큰 없음 또는 유효하지 않음: null
2025-06-27 14:42:10.603 [http-nio-8080-exec-4] [INFO] o.e.b.s.j.JwtTokenFilter - ❌ 토큰 없음 또는 유효하지 않음: null
2025-06-27 14:42:15.601 [http-nio-8080-exec-6] [INFO] o.e.b.s.j.JwtTokenFilter - ❌ 토큰 없음 또는 유효하지 않음: null
2025-06-27 14:42:20.601 [http-nio-8080-exec-7] [INFO] o.e.b.s.j.JwtTokenFilter - ❌ 토큰 없음 또는 유효하지 않음: null
2025-06-27 14:42:25.601 [http-nio-8080-exec-8] [INFO] o.e.b.s.j.JwtTokenFilter - ❌ 토큰 없음 또는 유효하지 않음: null
2025-06-27 14:42:30.601 [http-nio-8080-exec-9] [INFO] o.e.b.s.j.JwtTokenFilter - ❌ 토큰 없음 또는 유효하지 않음: null
2025-06-27 14:42:35.599 [http-nio-8080-exec-10] [INFO] o.e.b.s.j.JwtTokenFilter - ❌ 토큰 없음 또는 유효하지 않음: null
2025-06-27 14:42:40.601 [http-nio-8080-exec-1] [INFO] o.e.b.s.j.JwtTokenFilter - ❌ 토큰 없음 또는 유효하지 않음: null
2025-06-27 14:42:45.600 [http-nio-8080-exec-2] [INFO] o.e.b.s.j.JwtTokenFilter - ❌ 토큰 없음 또는 유효하지 않음: null
2025-06-27 14:42:50.602 [http-nio-8080-exec-3] [INFO] o.e.b.s.j.JwtTokenFilter - ❌ 토큰 없음 또는 유효하지 않음: null
2025-06-27 14:42:55.598 [http-nio-8080-exec-5] [INFO] o.e.b.s.j.JwtTokenFilter - ❌ 토큰 없음 또는 유효하지 않음: null
2025-06-27 14:43:00.598 [http-nio-8080-exec-4] [INFO] o.e.b.s.j.JwtTokenFilter - ❌ 토큰 없음 또는 유효하지 않음: null
2025-06-27 14:43:05.597 [http-nio-8080-exec-6] [INFO] o.e.b.s.j.JwtTokenFilter - ❌ 토큰 없음 또는 유효하지 않음: null
2025-06-27 14:43:10.598 [http-nio-8080-exec-7] [INFO] o.e.b.s.j.JwtTokenFilter - ❌ 토큰 없음 또는 유효하지 않음: null
2025-06-27 14:43:15.596 [http-nio-8080-exec-8] [INFO] o.e.b.s.j.JwtTokenFilter - ❌ 토큰 없음 또는 유효하지 않음: null
2025-06-27 14:43:20.596 [http-nio-8080-exec-9] [INFO] o.e.b.s.j.JwtTokenFilter - ❌ 토큰 없음 또는 유효하지 않음: null
2025-06-27 14:43:25.597 [http-nio-8080-exec-10] [INFO] o.e.b.s.j.JwtTokenFilter - ❌ 토큰 없음 또는 유효하지 않음: null
2025-06-27 14:43:30.599 [http-nio-8080-exec-1] [INFO] o.e.b.s.j.JwtTokenFilter - ❌ 토큰 없음 또는 유효하지 않음: null
2025-06-27 14:43:35.595 [http-nio-8080-exec-2] [INFO] o.e.b.s.j.JwtTokenFilter - ❌ 토큰 없음 또는 유효하지 않음: null
2025-06-27 14:43:40.595 [http-nio-8080-exec-3] [INFO] o.e.b.s.j.JwtTokenFilter - ❌ 토큰 없음 또는 유효하지 않음: null
2025-06-27 14:43:45.594 [http-nio-8080-exec-5] [INFO] o.e.b.s.j.JwtTokenFilter - ❌ 토큰 없음 또는 유효하지 않음: null
2025-06-27 14:43:50.593 [http-nio-8080-exec-4] [INFO] o.e.b.s.j.JwtTokenFilter - ❌ 토큰 없음 또는 유효하지 않음: null
2025-06-27 14:43:55.594 [http-nio-8080-exec-6] [INFO] o.e.b.s.j.JwtTokenFilter - ❌ 토큰 없음 또는 유효하지 않음: null
2025-06-27 14:44:00.592 [http-nio-8080-exec-7] [INFO] o.e.b.s.j.JwtTokenFilter - ❌ 토큰 없음 또는 유효하지 않음: null
2025-06-27 14:44:05.609 [http-nio-8080-exec-8] [INFO] o.e.b.s.j.JwtTokenFilter - ❌ 토큰 없음 또는 유효하지 않음: null
2025-06-27 14:44:10.594 [http-nio-8080-exec-9] [INFO] o.e.b.s.j.JwtTokenFilter - ❌ 토큰 없음 또는 유효하지 않음: null
2025-06-27 14:44:15.592 [http-nio-8080-exec-10] [INFO] o.e.b.s.j.JwtTokenFilter - ❌ 토큰 없음 또는 유효하지 않음: null
2025-06-27 14:44:20.592 [http-nio-8080-exec-1] [INFO] o.e.b.s.j.JwtTokenFilter - ❌ 토큰 없음 또는 유효하지 않음: null
2025-06-27 14:44:25.595 [http-nio-8080-exec-2] [INFO] o.e.b.s.j.JwtTokenFilter - ❌ 토큰 없음 또는 유효하지 않음: null
2025-06-27 14:44:30.593 [http-nio-8080-exec-3] [INFO] o.e.b.s.j.JwtTokenFilter - ❌ 토큰 없음 또는 유효하지 않음: null
2025-06-27 14:44:35.593 [http-nio-8080-exec-5] [INFO] o.e.b.s.j.JwtTokenFilter - ❌ 토큰 없음 또는 유효하지 않음: null
2025-06-27 14:44:40.591 [http-nio-8080-exec-4] [INFO] o.e.b.s.j.JwtTokenFilter - ❌ 토큰 없음 또는 유효하지 않음: null
2025-06-27 14:44:45.592 [http-nio-8080-exec-6] [INFO] o.e.b.s.j.JwtTokenFilter - ❌ 토큰 없음 또는 유효하지 않음: null
2025-06-27 14:44:50.589 [http-nio-8080-exec-7] [INFO] o.e.b.s.j.JwtTokenFilter - ❌ 토큰 없음 또는 유효하지 않음: null
2025-06-27 14:44:55.590 [http-nio-8080-exec-8] [INFO] o.e.b.s.j.JwtTokenFilter - ❌ 토큰 없음 또는 유효하지 않음: null
2025-06-27 14:45:00.591 [http-nio-8080-exec-9] [INFO] o.e.b.s.j.JwtTokenFilter - ❌ 토큰 없음 또는 유효하지 않음: null
2025-06-27 14:45:05.588 [http-nio-8080-exec-10] [INFO] o.e.b.s.j.JwtTokenFilter - ❌ 토큰 없음 또는 유효하지 않음: null
2025-06-27 14:45:10.589 [http-nio-8080-exec-1] [INFO] o.e.b.s.j.JwtTokenFilter - ❌ 토큰 없음 또는 유효하지 않음: null
2025-06-27 14:45:15.589 [http-nio-8080-exec-2] [INFO] o.e.b.s.j.JwtTokenFilter - ❌ 토큰 없음 또는 유효하지 않음: null
2025-06-27 14:45:20.587 [http-nio-8080-exec-3] [INFO] o.e.b.s.j.JwtTokenFilter - ❌ 토큰 없음 또는 유효하지 않음: null
2025-06-27 14:45:25.586 [http-nio-8080-exec-5] [INFO] o.e.b.s.j.JwtTokenFilter - ❌ 토큰 없음 또는 유효하지 않음: null
2025-06-27 14:45:30.589 [http-nio-8080-exec-4] [INFO] o.e.b.s.j.JwtTokenFilter - ❌ 토큰 없음 또는 유효하지 않음: null
2025-06-27 14:45:35.588 [http-nio-8080-exec-6] [INFO] o.e.b.s.j.JwtTokenFilter - ❌ 토큰 없음 또는 유효하지 않음: null
2025-06-27 14:45:40.586 [http-nio-8080-exec-7] [INFO] o.e.b.s.j.JwtTokenFilter - ❌ 토큰 없음 또는 유효하지 않음: null
2025-06-27 14:45:45.585 [http-nio-8080-exec-8] [INFO] o.e.b.s.j.JwtTokenFilter - ❌ 토큰 없음 또는 유효하지 않음: null
2025-06-27 14:45:50.586 [http-nio-8080-exec-9] [INFO] o.e.b.s.j.JwtTokenFilter - ❌ 토큰 없음 또는 유효하지 않음: null
2025-06-27 14:45:55.585 [http-nio-8080-exec-10] [INFO] o.e.b.s.j.JwtTokenFilter - ❌ 토큰 없음 또는 유효하지 않음: null
2025-06-27 14:46:00.585 [http-nio-8080-exec-1] [INFO] o.e.b.s.j.JwtTokenFilter - ❌ 토큰 없음 또는 유효하지 않음: null
2025-06-27 14:46:05.585 [http-nio-8080-exec-2] [INFO] o.e.b.s.j.JwtTokenFilter - ❌ 토큰 없음 또는 유효하지 않음: null
2025-06-27 14:46:10.584 [http-nio-8080-exec-3] [INFO] o.e.b.s.j.JwtTokenFilter - ❌ 토큰 없음 또는 유효하지 않음: null
2025-06-27 14:46:15.584 [http-nio-8080-exec-5] [INFO] o.e.b.s.j.JwtTokenFilter - ❌ 토큰 없음 또는 유효하지 않음: null
2025-06-27 14:46:20.583 [http-nio-8080-exec-4] [INFO] o.e.b.s.j.JwtTokenFilter - ❌ 토큰 없음 또는 유효하지 않음: null
2025-06-27 14:46:25.581 [http-nio-8080-exec-6] [INFO] o.e.b.s.j.JwtTokenFilter - ❌ 토큰 없음 또는 유효하지 않음: null
2025-06-27 14:46:30.581 [http-nio-8080-exec-7] [INFO] o.e.b.s.j.JwtTokenFilter - ❌ 토큰 없음 또는 유효하지 않음: null
2025-06-27 14:46:35.583 [http-nio-8080-exec-8] [INFO] o.e.b.s.j.JwtTokenFilter - ❌ 토큰 없음 또는 유효하지 않음: null
2025-06-27 14:46:40.582 [http-nio-8080-exec-9] [INFO] o.e.b.s.j.JwtTokenFilter - ❌ 토큰 없음 또는 유효하지 않음: null
2025-06-27 14:46:45.582 [http-nio-8080-exec-10] [INFO] o.e.b.s.j.JwtTokenFilter - ❌ 토큰 없음 또는 유효하지 않음: null
2025-06-27 14:46:50.581 [http-nio-8080-exec-1] [INFO] o.e.b.s.j.JwtTokenFilter - ❌ 토큰 없음 또는 유효하지 않음: null
2025-06-27 14:46:55.579 [http-nio-8080-exec-2] [INFO] o.e.b.s.j.JwtTokenFilter - ❌ 토큰 없음 또는 유효하지 않음: null
2025-06-27 14:47:00.581 [http-nio-8080-exec-3] [INFO] o.e.b.s.j.JwtTokenFilter - ❌ 토큰 없음 또는 유효하지 않음: null
2025-06-27 14:47:05.578 [http-nio-8080-exec-5] [INFO] o.e.b.s.j.JwtTokenFilter - ❌ 토큰 없음 또는 유효하지 않음: null
2025-06-27 14:47:10.580 [http-nio-8080-exec-4] [INFO] o.e.b.s.j.JwtTokenFilter - ❌ 토큰 없음 또는 유효하지 않음: null
2025-06-27 14:47:15.584 [http-nio-8080-exec-6] [INFO] o.e.b.s.j.JwtTokenFilter - ❌ 토큰 없음 또는 유효하지 않음: null
2025-06-27 14:47:20.579 [http-nio-8080-exec-7] [INFO] o.e.b.s.j.JwtTokenFilter - ❌ 토큰 없음 또는 유효하지 않음: null
2025-06-27 14:47:25.577 [http-nio-8080-exec-8] [INFO] o.e.b.s.j.JwtTokenFilter - ❌ 토큰 없음 또는 유효하지 않음: null
2025-06-27 14:47:30.577 [http-nio-8080-exec-9] [INFO] o.e.b.s.j.JwtTokenFilter - ❌ 토큰 없음 또는 유효하지 않음: null
2025-06-27 14:47:35.589 [http-nio-8080-exec-10] [INFO] o.e.b.s.j.JwtTokenFilter - ❌ 토큰 없음 또는 유효하지 않음: null
2025-06-27 14:47:40.577 [http-nio-8080-exec-1] [INFO] o.e.b.s.j.JwtTokenFilter - ❌ 토큰 없음 또는 유효하지 않음: null
2025-06-27 14:47:45.576 [http-nio-8080-exec-2] [INFO] o.e.b.s.j.JwtTokenFilter - ❌ 토큰 없음 또는 유효하지 않음: null
2025-06-27 14:47:50.576 [http-nio-8080-exec-3] [INFO] o.e.b.s.j.JwtTokenFilter - ❌ 토큰 없음 또는 유효하지 않음: null
2025-06-27 14:47:55.576 [http-nio-8080-exec-5] [INFO] o.e.b.s.j.JwtTokenFilter - ❌ 토큰 없음 또는 유효하지 않음: null
2025-06-27 14:48:00.575 [http-nio-8080-exec-4] [INFO] o.e.b.s.j.JwtTokenFilter - ❌ 토큰 없음 또는 유효하지 않음: null
2025-06-27 14:48:05.574 [http-nio-8080-exec-6] [INFO] o.e.b.s.j.JwtTokenFilter - ❌ 토큰 없음 또는 유효하지 않음: null
2025-06-27 14:48:10.574 [http-nio-8080-exec-7] [INFO] o.e.b.s.j.JwtTokenFilter - ❌ 토큰 없음 또는 유효하지 않음: null
2025-06-27 14:48:15.574 [http-nio-8080-exec-8] [INFO] o.e.b.s.j.JwtTokenFilter - ❌ 토큰 없음 또는 유효하지 않음: null
2025-06-27 14:48:20.572 [http-nio-8080-exec-9] [INFO] o.e.b.s.j.JwtTokenFilter - ❌ 토큰 없음 또는 유효하지 않음: null
2025-06-27 14:48:25.573 [http-nio-8080-exec-10] [INFO] o.e.b.s.j.JwtTokenFilter - ❌ 토큰 없음 또는 유효하지 않음: null
2025-06-27 14:48:30.573 [http-nio-8080-exec-1] [INFO] o.e.b.s.j.JwtTokenFilter - ❌ 토큰 없음 또는 유효하지 않음: null
2025-06-27 14:48:35.573 [http-nio-8080-exec-2] [INFO] o.e.b.s.j.JwtTokenFilter - ❌ 토큰 없음 또는 유효하지 않음: null
2025-06-27 14:48:40.575 [http-nio-8080-exec-3] [INFO] o.e.b.s.j.JwtTokenFilter - ❌ 토큰 없음 또는 유효하지 않음: null
2025-06-27 14:48:45.575 [http-nio-8080-exec-5] [INFO] o.e.b.s.j.JwtTokenFilter - ❌ 토큰 없음 또는 유효하지 않음: null
2025-06-27 14:48:50.571 [http-nio-8080-exec-4] [INFO] o.e.b.s.j.JwtTokenFilter - ❌ 토큰 없음 또는 유효하지 않음: null
2025-06-27 14:48:55.570 [http-nio-8080-exec-6] [INFO] o.e.b.s.j.JwtTokenFilter - ❌ 토큰 없음 또는 유효하지 않음: null
2025-06-27 14:49:00.573 [http-nio-8080-exec-7] [INFO] o.e.b.s.j.JwtTokenFilter - ❌ 토큰 없음 또는 유효하지 않음: null
2025-06-27 14:49:05.569 [http-nio-8080-exec-8] [INFO] o.e.b.s.j.JwtTokenFilter - ❌ 토큰 없음 또는 유효하지 않음: null
2025-06-27 14:49:10.571 [http-nio-8080-exec-9] [INFO] o.e.b.s.j.JwtTokenFilter - ❌ 토큰 없음 또는 유효하지 않음: null
2025-06-27 14:49:15.568 [http-nio-8080-exec-10] [INFO] o.e.b.s.j.JwtTokenFilter - ❌ 토큰 없음 또는 유효하지 않음: null
2025-06-27 14:49:20.569 [http-nio-8080-exec-1] [INFO] o.e.b.s.j.JwtTokenFilter - ❌ 토큰 없음 또는 유효하지 않음: null
2025-06-27 14:49:25.569 [http-nio-8080-exec-2] [INFO] o.e.b.s.j.JwtTokenFilter - ❌ 토큰 없음 또는 유효하지 않음: null
2025-06-27 14:49:30.570 [http-nio-8080-exec-3] [INFO] o.e.b.s.j.JwtTokenFilter - ❌ 토큰 없음 또는 유효하지 않음: null
2025-06-27 14:49:35.567 [http-nio-8080-exec-5] [INFO] o.e.b.s.j.JwtTokenFilter - ❌ 토큰 없음 또는 유효하지 않음: null
2025-06-27 14:49:40.566 [http-nio-8080-exec-4] [INFO] o.e.b.s.j.JwtTokenFilter - ❌ 토큰 없음 또는 유효하지 않음: null
2025-06-27 14:49:45.567 [http-nio-8080-exec-6] [INFO] o.e.b.s.j.JwtTokenFilter - ❌ 토큰 없음 또는 유효하지 않음: null
2025-06-27 14:49:50.569 [http-nio-8080-exec-7] [INFO] o.e.b.s.j.JwtTokenFilter - ❌ 토큰 없음 또는 유효하지 않음: null
2025-06-27 14:49:55.566 [http-nio-8080-exec-8] [INFO] o.e.b.s.j.JwtTokenFilter - ❌ 토큰 없음 또는 유효하지 않음: null
2025-06-27 14:50:00.566 [http-nio-8080-exec-9] [INFO] o.e.b.s.j.JwtTokenFilter - ❌ 토큰 없음 또는 유효하지 않음: null
2025-06-27 14:50:05.564 [http-nio-8080-exec-10] [INFO] o.e.b.s.j.JwtTokenFilter - ❌ 토큰 없음 또는 유효하지 않음: null
2025-06-27 14:50:10.565 [http-nio-8080-exec-1] [INFO] o.e.b.s.j.JwtTokenFilter - ❌ 토큰 없음 또는 유효하지 않음: null
2025-06-27 14:50:15.566 [http-nio-8080-exec-2] [INFO] o.e.b.s.j.JwtTokenFilter - ❌ 토큰 없음 또는 유효하지 않음: null
2025-06-27 14:50:20.565 [http-nio-8080-exec-3] [INFO] o.e.b.s.j.JwtTokenFilter - ❌ 토큰 없음 또는 유효하지 않음: null
2025-06-27 14:50:25.563 [http-nio-8080-exec-5] [INFO] o.e.b.s.j.JwtTokenFilter - ❌ 토큰 없음 또는 유효하지 않음: null
2025-06-27 14:50:30.567 [http-nio-8080-exec-4] [INFO] o.e.b.s.j.JwtTokenFilter - ❌ 토큰 없음 또는 유효하지 않음: null
2025-06-27 14:50:35.561 [http-nio-8080-exec-6] [INFO] o.e.b.s.j.JwtTokenFilter - ❌ 토큰 없음 또는 유효하지 않음: null
2025-06-27 14:50:40.564 [http-nio-8080-exec-7] [INFO] o.e.b.s.j.JwtTokenFilter - ❌ 토큰 없음 또는 유효하지 않음: null
2025-06-27 14:50:45.564 [http-nio-8080-exec-8] [INFO] o.e.b.s.j.JwtTokenFilter - ❌ 토큰 없음 또는 유효하지 않음: null
2025-06-27 14:50:50.564 [http-nio-8080-exec-9] [INFO] o.e.b.s.j.JwtTokenFilter - ❌ 토큰 없음 또는 유효하지 않음: null
2025-06-27 14:50:55.561 [http-nio-8080-exec-10] [INFO] o.e.b.s.j.JwtTokenFilter - ❌ 토큰 없음 또는 유효하지 않음: null
2025-06-27 14:51:00.562 [http-nio-8080-exec-1] [INFO] o.e.b.s.j.JwtTokenFilter - ❌ 토큰 없음 또는 유효하지 않음: null
2025-06-27 14:51:05.561 [http-nio-8080-exec-2] [INFO] o.e.b.s.j.JwtTokenFilter - ❌ 토큰 없음 또는 유효하지 않음: null
2025-06-27 14:51:10.560 [http-nio-8080-exec-3] [INFO] o.e.b.s.j.JwtTokenFilter - ❌ 토큰 없음 또는 유효하지 않음: null
2025-06-27 14:51:15.561 [http-nio-8080-exec-5] [INFO] o.e.b.s.j.JwtTokenFilter - ❌ 토큰 없음 또는 유효하지 않음: null
2025-06-27 14:51:20.561 [http-nio-8080-exec-4] [INFO] o.e.b.s.j.JwtTokenFilter - ❌ 토큰 없음 또는 유효하지 않음: null
2025-06-27 14:51:25.561 [http-nio-8080-exec-6] [INFO] o.e.b.s.j.JwtTokenFilter - ❌ 토큰 없음 또는 유효하지 않음: null
2025-06-27 14:51:30.563 [http-nio-8080-exec-7] [INFO] o.e.b.s.j.JwtTokenFilter - ❌ 토큰 없음 또는 유효하지 않음: null
2025-06-27 14:51:36.018 [lettuce-eventExecutorLoop-1-3] [INFO] i.l.c.p.ConnectionWatchdog - Reconnecting, last destination was localhost/127.0.0.1:6379
2025-06-27 14:51:36.018 [lettuce-eventExecutorLoop-1-2] [INFO] i.l.c.p.ConnectionWatchdog - Reconnecting, last destination was localhost/127.0.0.1:6379
2025-06-27 14:51:36.037 [lettuce-nioEventLoop-6-3] [WARN] i.l.c.p.ConnectionWatchdog - Cannot reconnect to [localhost/<unresolved>:6379]: Connection closed prematurely
io.lettuce.core.RedisConnectionException: Connection closed prematurely
	at io.lettuce.core.protocol.RedisHandshakeHandler.channelInactive(RedisHandshakeHandler.java:76)
	at io.netty.channel.AbstractChannelHandlerContext.invokeChannelInactive(AbstractChannelHandlerContext.java:303)
	at io.netty.channel.AbstractChannelHandlerContext.invokeChannelInactive(AbstractChannelHandlerContext.java:281)
	at io.netty.channel.AbstractChannelHandlerContext.fireChannelInactive(AbstractChannelHandlerContext.java:274)
	at io.netty.channel.ChannelInboundHandlerAdapter.channelInactive(ChannelInboundHandlerAdapter.java:81)
	at io.lettuce.core.ChannelGroupListener.channelInactive(ChannelGroupListener.java:54)
	at io.netty.channel.AbstractChannelHandlerContext.invokeChannelInactive(AbstractChannelHandlerContext.java:303)
	at io.netty.channel.AbstractChannelHandlerContext.invokeChannelInactive(AbstractChannelHandlerContext.java:281)
	at io.netty.channel.AbstractChannelHandlerContext.fireChannelInactive(AbstractChannelHandlerContext.java:274)
	at io.netty.channel.DefaultChannelPipeline$HeadContext.channelInactive(DefaultChannelPipeline.java:1352)
	at io.netty.channel.AbstractChannelHandlerContext.invokeChannelInactive(AbstractChannelHandlerContext.java:301)
	at io.netty.channel.AbstractChannelHandlerContext.invokeChannelInactive(AbstractChannelHandlerContext.java:281)
	at io.netty.channel.DefaultChannelPipeline.fireChannelInactive(DefaultChannelPipeline.java:850)
	at io.netty.channel.AbstractChannel$AbstractUnsafe$7.run(AbstractChannel.java:811)
	at io.netty.util.concurrent.AbstractEventExecutor.runTask(AbstractEventExecutor.java:173)
	at io.netty.util.concurrent.AbstractEventExecutor.safeExecute(AbstractEventExecutor.java:166)
	at io.netty.util.concurrent.SingleThreadEventExecutor.runAllTasks(SingleThreadEventExecutor.java:472)
	at io.netty.channel.nio.NioEventLoop.run(NioEventLoop.java:566)
	at io.netty.util.concurrent.SingleThreadEventExecutor$4.run(SingleThreadEventExecutor.java:998)
	at io.netty.util.internal.ThreadExecutorMap$2.run(ThreadExecutorMap.java:74)
	at io.netty.util.concurrent.FastThreadLocalRunnable.run(FastThreadLocalRunnable.java:30)
	at java.base/java.lang.Thread.run(Thread.java:840)
2025-06-27 14:51:36.037 [lettuce-nioEventLoop-6-4] [WARN] i.l.c.p.ConnectionWatchdog - Cannot reconnect to [localhost/<unresolved>:6379]: Connection closed prematurely
io.lettuce.core.RedisConnectionException: Connection closed prematurely
	at io.lettuce.core.protocol.RedisHandshakeHandler.channelInactive(RedisHandshakeHandler.java:76)
	at io.netty.channel.AbstractChannelHandlerContext.invokeChannelInactive(AbstractChannelHandlerContext.java:303)
	at io.netty.channel.AbstractChannelHandlerContext.invokeChannelInactive(AbstractChannelHandlerContext.java:281)
	at io.netty.channel.AbstractChannelHandlerContext.fireChannelInactive(AbstractChannelHandlerContext.java:274)
	at io.netty.channel.ChannelInboundHandlerAdapter.channelInactive(ChannelInboundHandlerAdapter.java:81)
	at io.lettuce.core.ChannelGroupListener.channelInactive(ChannelGroupListener.java:54)
	at io.netty.channel.AbstractChannelHandlerContext.invokeChannelInactive(AbstractChannelHandlerContext.java:303)
	at io.netty.channel.AbstractChannelHandlerContext.invokeChannelInactive(AbstractChannelHandlerContext.java:281)
	at io.netty.channel.AbstractChannelHandlerContext.fireChannelInactive(AbstractChannelHandlerContext.java:274)
	at io.netty.channel.DefaultChannelPipeline$HeadContext.channelInactive(DefaultChannelPipeline.java:1352)
	at io.netty.channel.AbstractChannelHandlerContext.invokeChannelInactive(AbstractChannelHandlerContext.java:301)
	at io.netty.channel.AbstractChannelHandlerContext.invokeChannelInactive(AbstractChannelHandlerContext.java:281)
	at io.netty.channel.DefaultChannelPipeline.fireChannelInactive(DefaultChannelPipeline.java:850)
	at io.netty.channel.AbstractChannel$AbstractUnsafe$7.run(AbstractChannel.java:811)
	at io.netty.util.concurrent.AbstractEventExecutor.runTask(AbstractEventExecutor.java:173)
	at io.netty.util.concurrent.AbstractEventExecutor.safeExecute(AbstractEventExecutor.java:166)
	at io.netty.util.concurrent.SingleThreadEventExecutor.runAllTasks(SingleThreadEventExecutor.java:472)
	at io.netty.channel.nio.NioEventLoop.run(NioEventLoop.java:566)
	at io.netty.util.concurrent.SingleThreadEventExecutor$4.run(SingleThreadEventExecutor.java:998)
	at io.netty.util.internal.ThreadExecutorMap$2.run(ThreadExecutorMap.java:74)
	at io.netty.util.concurrent.FastThreadLocalRunnable.run(FastThreadLocalRunnable.java:30)
	at java.base/java.lang.Thread.run(Thread.java:840)
2025-06-27 14:51:40.046 [HikariPool-1:housekeeper] [WARN] c.z.h.p.PoolBase - HikariPool-1 - Failed to validate connection com.mysql.cj.jdbc.ConnectionImpl@61fa8c00 (No operations allowed after connection closed.). Possibly consider using a shorter maxLifetime value.
2025-06-27 14:51:45.118 [lettuce-eventExecutorLoop-1-2] [INFO] i.l.c.p.ConnectionWatchdog - Reconnecting, last destination was localhost/<unresolved>:6379
2025-06-27 14:51:45.118 [lettuce-eventExecutorLoop-1-3] [INFO] i.l.c.p.ConnectionWatchdog - Reconnecting, last destination was localhost/<unresolved>:6379
2025-06-27 14:51:45.118 [lettuce-nioEventLoop-6-3] [WARN] i.l.c.p.ConnectionWatchdog - Cannot reconnect to [localhost/<unresolved>:6379]: Connection refused: getsockopt: localhost/127.0.0.1:6379
2025-06-27 14:51:45.119 [lettuce-nioEventLoop-6-4] [WARN] i.l.c.p.ConnectionWatchdog - Cannot reconnect to [localhost/<unresolved>:6379]: Connection refused: getsockopt: localhost/127.0.0.1:6379
2025-06-27 14:51:50.152 [HikariPool-1:housekeeper] [WARN] c.z.h.p.PoolBase - HikariPool-1 - Failed to validate connection com.mysql.cj.jdbc.ConnectionImpl@2e5671b2 (No operations allowed after connection closed.). Possibly consider using a shorter maxLifetime value.
2025-06-27 14:51:53.410 [lettuce-eventExecutorLoop-1-4] [INFO] i.l.c.p.ConnectionWatchdog - Reconnecting, last destination was localhost/<unresolved>:6379
2025-06-27 14:51:53.410 [lettuce-eventExecutorLoop-1-5] [INFO] i.l.c.p.ConnectionWatchdog - Reconnecting, last destination was localhost/<unresolved>:6379
2025-06-27 14:51:53.411 [lettuce-nioEventLoop-6-5] [WARN] i.l.c.p.ConnectionWatchdog - Cannot reconnect to [localhost/<unresolved>:6379]: Connection refused: getsockopt: localhost/127.0.0.1:6379
2025-06-27 14:51:53.411 [lettuce-nioEventLoop-6-6] [WARN] i.l.c.p.ConnectionWatchdog - Cannot reconnect to [localhost/<unresolved>:6379]: Connection refused: getsockopt: localhost/127.0.0.1:6379
2025-06-27 14:51:57.617 [HikariPool-1:housekeeper] [WARN] c.z.h.p.PoolBase - HikariPool-1 - Failed to validate connection com.mysql.cj.jdbc.ConnectionImpl@3574999f (No operations allowed after connection closed.). Possibly consider using a shorter maxLifetime value.
2025-06-27 14:52:01.887 [HikariPool-1:housekeeper] [WARN] c.z.h.p.PoolBase - HikariPool-1 - Failed to validate connection com.mysql.cj.jdbc.ConnectionImpl@78b98e70 (No operations allowed after connection closed.). Possibly consider using a shorter maxLifetime value.
2025-06-27 14:52:09.815 [lettuce-eventExecutorLoop-1-7] [INFO] i.l.c.p.ConnectionWatchdog - Reconnecting, last destination was localhost/<unresolved>:6379
2025-06-27 14:52:09.815 [lettuce-eventExecutorLoop-1-6] [INFO] i.l.c.p.ConnectionWatchdog - Reconnecting, last destination was localhost/<unresolved>:6379
2025-06-27 14:52:09.819 [lettuce-nioEventLoop-6-8] [WARN] i.l.c.p.ConnectionWatchdog - Cannot reconnect to [localhost/<unresolved>:6379]: Connection refused: getsockopt: localhost/127.0.0.1:6379
2025-06-27 14:52:09.819 [lettuce-nioEventLoop-6-7] [WARN] i.l.c.p.ConnectionWatchdog - Cannot reconnect to [localhost/<unresolved>:6379]: Connection refused: getsockopt: localhost/127.0.0.1:6379
2025-06-27 14:52:10.638 [HikariPool-1:housekeeper] [WARN] c.z.h.p.PoolBase - HikariPool-1 - Failed to validate connection com.mysql.cj.jdbc.ConnectionImpl@56f9194f (No operations allowed after connection closed.). Possibly consider using a shorter maxLifetime value.
2025-06-27 14:52:21.200 [HikariPool-1:housekeeper] [WARN] c.z.h.p.PoolBase - HikariPool-1 - Failed to validate connection com.mysql.cj.jdbc.ConnectionImpl@5f73b150 (No operations allowed after connection closed.). Possibly consider using a shorter maxLifetime value.
2025-06-27 14:52:39.911 [lettuce-eventExecutorLoop-1-7] [INFO] i.l.c.p.ConnectionWatchdog - Reconnecting, last destination was localhost/<unresolved>:6379
2025-06-27 14:52:39.911 [lettuce-eventExecutorLoop-1-6] [INFO] i.l.c.p.ConnectionWatchdog - Reconnecting, last destination was localhost/<unresolved>:6379
2025-06-27 14:52:39.913 [lettuce-nioEventLoop-6-10] [WARN] i.l.c.p.ConnectionWatchdog - Cannot reconnect to [localhost/<unresolved>:6379]: Connection refused: getsockopt: localhost/127.0.0.1:6379
2025-06-27 14:52:39.913 [lettuce-nioEventLoop-6-9] [WARN] i.l.c.p.ConnectionWatchdog - Cannot reconnect to [localhost/<unresolved>:6379]: Connection refused: getsockopt: localhost/127.0.0.1:6379
2025-06-27 14:52:51.914 [HikariPool-1:housekeeper] [WARN] c.z.h.p.PoolBase - HikariPool-1 - Failed to validate connection com.mysql.cj.jdbc.ConnectionImpl@75a0219f (No operations allowed after connection closed.). Possibly consider using a shorter maxLifetime value.
2025-06-27 14:52:54.599 [HikariPool-1:housekeeper] [WARN] c.z.h.p.PoolBase - HikariPool-1 - Failed to validate connection com.mysql.cj.jdbc.ConnectionImpl@76d95802 (No operations allowed after connection closed.). Possibly consider using a shorter maxLifetime value.
2025-06-27 14:53:10.009 [lettuce-eventExecutorLoop-1-5] [INFO] i.l.c.p.ConnectionWatchdog - Reconnecting, last destination was localhost/<unresolved>:6379
2025-06-27 14:53:10.009 [lettuce-eventExecutorLoop-1-4] [INFO] i.l.c.p.ConnectionWatchdog - Reconnecting, last destination was localhost/<unresolved>:6379
2025-06-27 14:53:10.011 [lettuce-nioEventLoop-6-11] [WARN] i.l.c.p.ConnectionWatchdog - Cannot reconnect to [localhost/<unresolved>:6379]: Connection refused: getsockopt: localhost/127.0.0.1:6379
2025-06-27 14:53:10.011 [lettuce-nioEventLoop-6-12] [WARN] i.l.c.p.ConnectionWatchdog - Cannot reconnect to [localhost/<unresolved>:6379]: Connection refused: getsockopt: localhost/127.0.0.1:6379
2025-06-27 14:53:10.727 [HikariPool-1:housekeeper] [WARN] c.z.h.p.PoolBase - HikariPool-1 - Failed to validate connection com.mysql.cj.jdbc.ConnectionImpl@76a2c377 (No operations allowed after connection closed.). Possibly consider using a shorter maxLifetime value.
2025-06-27 14:53:16.264 [HikariPool-1:housekeeper] [WARN] c.z.h.p.PoolBase - HikariPool-1 - Failed to validate connection com.mysql.cj.jdbc.ConnectionImpl@52f68005 (No operations allowed after connection closed.). Possibly consider using a shorter maxLifetime value.
2025-06-27 14:53:20.835 [HikariPool-1:connection-adder] [WARN] c.z.h.p.PoolBase - HikariPool-1 - Pool is empty, failed to create/setup connection (1c50de71-dca0-472b-96b5-eb1b2d5a5e9a)
com.mysql.cj.jdbc.exceptions.CommunicationsException: Communications link failure

The last packet sent successfully to the server was 0 milliseconds ago. The driver has not received any packets from the server.
	at com.mysql.cj.jdbc.exceptions.SQLError.createCommunicationsException(SQLError.java:165)
	at com.mysql.cj.jdbc.exceptions.SQLExceptionsMapping.translateException(SQLExceptionsMapping.java:55)
	at com.mysql.cj.jdbc.ConnectionImpl.createNewIO(ConnectionImpl.java:837)
	at com.mysql.cj.jdbc.ConnectionImpl.<init>(ConnectionImpl.java:420)
	at com.mysql.cj.jdbc.ConnectionImpl.getInstance(ConnectionImpl.java:238)
	at com.mysql.cj.jdbc.NonRegisteringDriver.connect(NonRegisteringDriver.java:180)
	at com.zaxxer.hikari.util.DriverDataSource.getConnection(DriverDataSource.java:139)
	at com.zaxxer.hikari.pool.PoolBase.newConnection(PoolBase.java:368)
	at com.zaxxer.hikari.pool.PoolBase.newPoolEntry(PoolBase.java:205)
	at com.zaxxer.hikari.pool.HikariPool.createPoolEntry(HikariPool.java:483)
	at com.zaxxer.hikari.pool.HikariPool$PoolEntryCreator.call(HikariPool.java:747)
	at com.zaxxer.hikari.pool.HikariPool$PoolEntryCreator.call(HikariPool.java:726)
	at java.base/java.util.concurrent.FutureTask.run(FutureTask.java:264)
	at java.base/java.util.concurrent.ThreadPoolExecutor.runWorker(ThreadPoolExecutor.java:1136)
	at java.base/java.util.concurrent.ThreadPoolExecutor$Worker.run(ThreadPoolExecutor.java:635)
	at java.base/java.lang.Thread.run(Thread.java:840)
Caused by: com.mysql.cj.exceptions.CJCommunicationsException: Communications link failure

The last packet sent successfully to the server was 0 milliseconds ago. The driver has not received any packets from the server.
	at jdk.internal.reflect.GeneratedConstructorAccessor68.newInstance(Unknown Source)
	at java.base/jdk.internal.reflect.DelegatingConstructorAccessorImpl.newInstance(DelegatingConstructorAccessorImpl.java:45)
	at java.base/java.lang.reflect.Constructor.newInstanceWithCaller(Constructor.java:500)
	at java.base/java.lang.reflect.Constructor.newInstance(Constructor.java:481)
	at com.mysql.cj.exceptions.ExceptionFactory.createException(ExceptionFactory.java:52)
	at com.mysql.cj.exceptions.ExceptionFactory.createException(ExceptionFactory.java:95)
	at com.mysql.cj.exceptions.ExceptionFactory.createException(ExceptionFactory.java:140)
	at com.mysql.cj.exceptions.ExceptionFactory.createCommunicationsException(ExceptionFactory.java:156)
	at com.mysql.cj.protocol.a.NativeSocketConnection.connect(NativeSocketConnection.java:79)
	at com.mysql.cj.NativeSession.connect(NativeSession.java:142)
	at com.mysql.cj.jdbc.ConnectionImpl.connectOneTryOnly(ConnectionImpl.java:961)
	at com.mysql.cj.jdbc.ConnectionImpl.createNewIO(ConnectionImpl.java:825)
	... 13 common frames omitted
Caused by: java.net.ConnectException: Connection refused: getsockopt
	at java.base/sun.nio.ch.Net.pollConnect(Native Method)
	at java.base/sun.nio.ch.Net.pollConnectNow(Net.java:672)
	at java.base/sun.nio.ch.NioSocketImpl.timedFinishConnect(NioSocketImpl.java:547)
	at java.base/sun.nio.ch.NioSocketImpl.connect(NioSocketImpl.java:602)
	at java.base/java.net.SocksSocketImpl.connect(SocksSocketImpl.java:327)
	at java.base/java.net.Socket.connect(Socket.java:633)
	at com.mysql.cj.protocol.StandardSocketFactory.connect(StandardSocketFactory.java:144)
	at com.mysql.cj.protocol.a.NativeSocketConnection.connect(NativeSocketConnection.java:53)
	... 16 common frames omitted
2025-06-27 14:53:40.112 [lettuce-eventExecutorLoop-1-9] [INFO] i.l.c.p.ConnectionWatchdog - Reconnecting, last destination was localhost/<unresolved>:6379
2025-06-27 14:53:40.112 [lettuce-eventExecutorLoop-1-8] [INFO] i.l.c.p.ConnectionWatchdog - Reconnecting, last destination was localhost/<unresolved>:6379
2025-06-27 14:53:40.114 [lettuce-nioEventLoop-6-1] [WARN] i.l.c.p.ConnectionWatchdog - Cannot reconnect to [localhost/<unresolved>:6379]: Connection refused: getsockopt: localhost/127.0.0.1:6379
2025-06-27 14:53:40.114 [lettuce-nioEventLoop-6-2] [WARN] i.l.c.p.ConnectionWatchdog - Cannot reconnect to [localhost/<unresolved>:6379]: Connection refused: getsockopt: localhost/127.0.0.1:6379
2025-06-27 14:54:10.209 [lettuce-eventExecutorLoop-1-1] [INFO] i.l.c.p.ConnectionWatchdog - Reconnecting, last destination was localhost/<unresolved>:6379
2025-06-27 14:54:10.209 [lettuce-eventExecutorLoop-1-12] [INFO] i.l.c.p.ConnectionWatchdog - Reconnecting, last destination was localhost/<unresolved>:6379
2025-06-27 14:54:10.213 [lettuce-nioEventLoop-6-3] [WARN] i.l.c.p.ConnectionWatchdog - Cannot reconnect to [localhost/<unresolved>:6379]: Connection refused: getsockopt: localhost/127.0.0.1:6379
2025-06-27 14:54:10.213 [lettuce-nioEventLoop-6-4] [WARN] i.l.c.p.ConnectionWatchdog - Cannot reconnect to [localhost/<unresolved>:6379]: Connection refused: getsockopt: localhost/127.0.0.1:6379
2025-06-27 14:54:26.135 [HikariPool-1:connection-adder] [WARN] c.z.h.p.PoolBase - HikariPool-1 - Pool is empty, failed to create/setup connection (18103712-502a-4449-b0b2-ec190e1b1870)
com.mysql.cj.jdbc.exceptions.CommunicationsException: Communications link failure

The last packet sent successfully to the server was 0 milliseconds ago. The driver has not received any packets from the server.
	at com.mysql.cj.jdbc.exceptions.SQLError.createCommunicationsException(SQLError.java:165)
	at com.mysql.cj.jdbc.exceptions.SQLExceptionsMapping.translateException(SQLExceptionsMapping.java:55)
	at com.mysql.cj.jdbc.ConnectionImpl.createNewIO(ConnectionImpl.java:837)
	at com.mysql.cj.jdbc.ConnectionImpl.<init>(ConnectionImpl.java:420)
	at com.mysql.cj.jdbc.ConnectionImpl.getInstance(ConnectionImpl.java:238)
	at com.mysql.cj.jdbc.NonRegisteringDriver.connect(NonRegisteringDriver.java:180)
	at com.zaxxer.hikari.util.DriverDataSource.getConnection(DriverDataSource.java:139)
	at com.zaxxer.hikari.pool.PoolBase.newConnection(PoolBase.java:368)
	at com.zaxxer.hikari.pool.PoolBase.newPoolEntry(PoolBase.java:205)
	at com.zaxxer.hikari.pool.HikariPool.createPoolEntry(HikariPool.java:483)
	at com.zaxxer.hikari.pool.HikariPool$PoolEntryCreator.call(HikariPool.java:747)
	at com.zaxxer.hikari.pool.HikariPool$PoolEntryCreator.call(HikariPool.java:726)
	at java.base/java.util.concurrent.FutureTask.run(FutureTask.java:264)
	at java.base/java.util.concurrent.ThreadPoolExecutor.runWorker(ThreadPoolExecutor.java:1136)
	at java.base/java.util.concurrent.ThreadPoolExecutor$Worker.run(ThreadPoolExecutor.java:635)
	at java.base/java.lang.Thread.run(Thread.java:840)
Caused by: com.mysql.cj.exceptions.CJCommunicationsException: Communications link failure

The last packet sent successfully to the server was 0 milliseconds ago. The driver has not received any packets from the server.
	at jdk.internal.reflect.GeneratedConstructorAccessor68.newInstance(Unknown Source)
	at java.base/jdk.internal.reflect.DelegatingConstructorAccessorImpl.newInstance(DelegatingConstructorAccessorImpl.java:45)
	at java.base/java.lang.reflect.Constructor.newInstanceWithCaller(Constructor.java:500)
	at java.base/java.lang.reflect.Constructor.newInstance(Constructor.java:481)
	at com.mysql.cj.exceptions.ExceptionFactory.createException(ExceptionFactory.java:52)
	at com.mysql.cj.exceptions.ExceptionFactory.createException(ExceptionFactory.java:95)
	at com.mysql.cj.exceptions.ExceptionFactory.createException(ExceptionFactory.java:140)
	at com.mysql.cj.exceptions.ExceptionFactory.createCommunicationsException(ExceptionFactory.java:156)
	at com.mysql.cj.protocol.a.NativeSocketConnection.connect(NativeSocketConnection.java:79)
	at com.mysql.cj.NativeSession.connect(NativeSession.java:142)
	at com.mysql.cj.jdbc.ConnectionImpl.connectOneTryOnly(ConnectionImpl.java:961)
	at com.mysql.cj.jdbc.ConnectionImpl.createNewIO(ConnectionImpl.java:825)
	... 13 common frames omitted
Caused by: java.net.ConnectException: Connection refused: getsockopt
	at java.base/sun.nio.ch.Net.pollConnect(Native Method)
	at java.base/sun.nio.ch.Net.pollConnectNow(Net.java:672)
	at java.base/sun.nio.ch.NioSocketImpl.timedFinishConnect(NioSocketImpl.java:547)
	at java.base/sun.nio.ch.NioSocketImpl.connect(NioSocketImpl.java:602)
	at java.base/java.net.SocksSocketImpl.connect(SocksSocketImpl.java:327)
	at java.base/java.net.Socket.connect(Socket.java:633)
	at com.mysql.cj.protocol.StandardSocketFactory.connect(StandardSocketFactory.java:144)
	at com.mysql.cj.protocol.a.NativeSocketConnection.connect(NativeSocketConnection.java:53)
	... 16 common frames omitted
2025-06-27 14:54:40.317 [lettuce-eventExecutorLoop-1-5] [INFO] i.l.c.p.ConnectionWatchdog - Reconnecting, last destination was localhost/<unresolved>:6379
2025-06-27 14:54:40.317 [lettuce-eventExecutorLoop-1-4] [INFO] i.l.c.p.ConnectionWatchdog - Reconnecting, last destination was localhost/<unresolved>:6379
2025-06-27 14:54:40.320 [lettuce-nioEventLoop-6-5] [WARN] i.l.c.p.ConnectionWatchdog - Cannot reconnect to [localhost/<unresolved>:6379]: Connection refused: getsockopt: localhost/127.0.0.1:6379
2025-06-27 14:54:40.321 [lettuce-nioEventLoop-6-6] [WARN] i.l.c.p.ConnectionWatchdog - Cannot reconnect to [localhost/<unresolved>:6379]: Connection refused: getsockopt: localhost/127.0.0.1:6379
2025-06-27 14:55:10.410 [lettuce-eventExecutorLoop-1-8] [INFO] i.l.c.p.ConnectionWatchdog - Reconnecting, last destination was localhost/<unresolved>:6379
2025-06-27 14:55:10.410 [lettuce-eventExecutorLoop-1-9] [INFO] i.l.c.p.ConnectionWatchdog - Reconnecting, last destination was localhost/<unresolved>:6379
2025-06-27 14:55:10.413 [lettuce-nioEventLoop-6-7] [WARN] i.l.c.p.ConnectionWatchdog - Cannot reconnect to [localhost/<unresolved>:6379]: Connection refused: getsockopt: localhost/127.0.0.1:6379
2025-06-27 14:55:10.413 [lettuce-nioEventLoop-6-8] [WARN] i.l.c.p.ConnectionWatchdog - Cannot reconnect to [localhost/<unresolved>:6379]: Connection refused: getsockopt: localhost/127.0.0.1:6379
2025-06-27 14:55:31.389 [HikariPool-1:connection-adder] [WARN] c.z.h.p.PoolBase - HikariPool-1 - Pool is empty, failed to create/setup connection (f19a5955-4b28-408c-ae38-0d0b6feca415)
com.mysql.cj.jdbc.exceptions.CommunicationsException: Communications link failure

The last packet sent successfully to the server was 0 milliseconds ago. The driver has not received any packets from the server.
	at com.mysql.cj.jdbc.exceptions.SQLError.createCommunicationsException(SQLError.java:165)
	at com.mysql.cj.jdbc.exceptions.SQLExceptionsMapping.translateException(SQLExceptionsMapping.java:55)
	at com.mysql.cj.jdbc.ConnectionImpl.createNewIO(ConnectionImpl.java:837)
	at com.mysql.cj.jdbc.ConnectionImpl.<init>(ConnectionImpl.java:420)
	at com.mysql.cj.jdbc.ConnectionImpl.getInstance(ConnectionImpl.java:238)
	at com.mysql.cj.jdbc.NonRegisteringDriver.connect(NonRegisteringDriver.java:180)
	at com.zaxxer.hikari.util.DriverDataSource.getConnection(DriverDataSource.java:139)
	at com.zaxxer.hikari.pool.PoolBase.newConnection(PoolBase.java:368)
	at com.zaxxer.hikari.pool.PoolBase.newPoolEntry(PoolBase.java:205)
	at com.zaxxer.hikari.pool.HikariPool.createPoolEntry(HikariPool.java:483)
	at com.zaxxer.hikari.pool.HikariPool$PoolEntryCreator.call(HikariPool.java:747)
	at com.zaxxer.hikari.pool.HikariPool$PoolEntryCreator.call(HikariPool.java:726)
	at java.base/java.util.concurrent.FutureTask.run(FutureTask.java:264)
	at java.base/java.util.concurrent.ThreadPoolExecutor.runWorker(ThreadPoolExecutor.java:1136)
	at java.base/java.util.concurrent.ThreadPoolExecutor$Worker.run(ThreadPoolExecutor.java:635)
	at java.base/java.lang.Thread.run(Thread.java:840)
Caused by: com.mysql.cj.exceptions.CJCommunicationsException: Communications link failure

The last packet sent successfully to the server was 0 milliseconds ago. The driver has not received any packets from the server.
	at jdk.internal.reflect.GeneratedConstructorAccessor68.newInstance(Unknown Source)
	at java.base/jdk.internal.reflect.DelegatingConstructorAccessorImpl.newInstance(DelegatingConstructorAccessorImpl.java:45)
	at java.base/java.lang.reflect.Constructor.newInstanceWithCaller(Constructor.java:500)
	at java.base/java.lang.reflect.Constructor.newInstance(Constructor.java:481)
	at com.mysql.cj.exceptions.ExceptionFactory.createException(ExceptionFactory.java:52)
	at com.mysql.cj.exceptions.ExceptionFactory.createException(ExceptionFactory.java:95)
	at com.mysql.cj.exceptions.ExceptionFactory.createException(ExceptionFactory.java:140)
	at com.mysql.cj.exceptions.ExceptionFactory.createCommunicationsException(ExceptionFactory.java:156)
	at com.mysql.cj.protocol.a.NativeSocketConnection.connect(NativeSocketConnection.java:79)
	at com.mysql.cj.NativeSession.connect(NativeSession.java:142)
	at com.mysql.cj.jdbc.ConnectionImpl.connectOneTryOnly(ConnectionImpl.java:961)
	at com.mysql.cj.jdbc.ConnectionImpl.createNewIO(ConnectionImpl.java:825)
	... 13 common frames omitted
Caused by: java.net.ConnectException: Connection refused: getsockopt
	at java.base/sun.nio.ch.Net.pollConnect(Native Method)
	at java.base/sun.nio.ch.Net.pollConnectNow(Net.java:672)
	at java.base/sun.nio.ch.NioSocketImpl.timedFinishConnect(NioSocketImpl.java:547)
	at java.base/sun.nio.ch.NioSocketImpl.connect(NioSocketImpl.java:602)
	at java.base/java.net.SocksSocketImpl.connect(SocksSocketImpl.java:327)
	at java.base/java.net.Socket.connect(Socket.java:633)
	at com.mysql.cj.protocol.StandardSocketFactory.connect(StandardSocketFactory.java:144)
	at com.mysql.cj.protocol.a.NativeSocketConnection.connect(NativeSocketConnection.java:53)
	... 16 common frames omitted
2025-06-27 14:55:40.510 [lettuce-eventExecutorLoop-1-1] [INFO] i.l.c.p.ConnectionWatchdog - Reconnecting, last destination was localhost/<unresolved>:6379
2025-06-27 14:55:40.510 [lettuce-eventExecutorLoop-1-12] [INFO] i.l.c.p.ConnectionWatchdog - Reconnecting, last destination was localhost/<unresolved>:6379
2025-06-27 14:55:40.515 [lettuce-nioEventLoop-6-10] [WARN] i.l.c.p.ConnectionWatchdog - Cannot reconnect to [localhost/<unresolved>:6379]: Connection refused: getsockopt: localhost/127.0.0.1:6379
2025-06-27 14:55:40.515 [lettuce-nioEventLoop-6-9] [WARN] i.l.c.p.ConnectionWatchdog - Cannot reconnect to [localhost/<unresolved>:6379]: Connection refused: getsockopt: localhost/127.0.0.1:6379
2025-06-27 14:56:10.611 [lettuce-eventExecutorLoop-1-4] [INFO] i.l.c.p.ConnectionWatchdog - Reconnecting, last destination was localhost/<unresolved>:6379
2025-06-27 14:56:10.611 [lettuce-eventExecutorLoop-1-5] [INFO] i.l.c.p.ConnectionWatchdog - Reconnecting, last destination was localhost/<unresolved>:6379
2025-06-27 14:56:10.614 [lettuce-nioEventLoop-6-11] [WARN] i.l.c.p.ConnectionWatchdog - Cannot reconnect to [localhost/<unresolved>:6379]: Connection refused: getsockopt: localhost/127.0.0.1:6379
2025-06-27 14:56:10.614 [lettuce-nioEventLoop-6-12] [WARN] i.l.c.p.ConnectionWatchdog - Cannot reconnect to [localhost/<unresolved>:6379]: Connection refused: getsockopt: localhost/127.0.0.1:6379
2025-06-27 14:56:36.688 [HikariPool-1:connection-adder] [WARN] c.z.h.p.PoolBase - HikariPool-1 - Pool is empty, failed to create/setup connection (d0f2e695-3dea-400d-b0e0-194da739e71e)
com.mysql.cj.jdbc.exceptions.CommunicationsException: Communications link failure

The last packet sent successfully to the server was 0 milliseconds ago. The driver has not received any packets from the server.
	at com.mysql.cj.jdbc.exceptions.SQLError.createCommunicationsException(SQLError.java:165)
	at com.mysql.cj.jdbc.exceptions.SQLExceptionsMapping.translateException(SQLExceptionsMapping.java:55)
	at com.mysql.cj.jdbc.ConnectionImpl.createNewIO(ConnectionImpl.java:837)
	at com.mysql.cj.jdbc.ConnectionImpl.<init>(ConnectionImpl.java:420)
	at com.mysql.cj.jdbc.ConnectionImpl.getInstance(ConnectionImpl.java:238)
	at com.mysql.cj.jdbc.NonRegisteringDriver.connect(NonRegisteringDriver.java:180)
	at com.zaxxer.hikari.util.DriverDataSource.getConnection(DriverDataSource.java:139)
	at com.zaxxer.hikari.pool.PoolBase.newConnection(PoolBase.java:368)
	at com.zaxxer.hikari.pool.PoolBase.newPoolEntry(PoolBase.java:205)
	at com.zaxxer.hikari.pool.HikariPool.createPoolEntry(HikariPool.java:483)
	at com.zaxxer.hikari.pool.HikariPool$PoolEntryCreator.call(HikariPool.java:747)
	at com.zaxxer.hikari.pool.HikariPool$PoolEntryCreator.call(HikariPool.java:726)
	at java.base/java.util.concurrent.FutureTask.run(FutureTask.java:264)
	at java.base/java.util.concurrent.ThreadPoolExecutor.runWorker(ThreadPoolExecutor.java:1136)
	at java.base/java.util.concurrent.ThreadPoolExecutor$Worker.run(ThreadPoolExecutor.java:635)
	at java.base/java.lang.Thread.run(Thread.java:840)
Caused by: com.mysql.cj.exceptions.CJCommunicationsException: Communications link failure

The last packet sent successfully to the server was 0 milliseconds ago. The driver has not received any packets from the server.
	at jdk.internal.reflect.GeneratedConstructorAccessor68.newInstance(Unknown Source)
	at java.base/jdk.internal.reflect.DelegatingConstructorAccessorImpl.newInstance(DelegatingConstructorAccessorImpl.java:45)
	at java.base/java.lang.reflect.Constructor.newInstanceWithCaller(Constructor.java:500)
	at java.base/java.lang.reflect.Constructor.newInstance(Constructor.java:481)
	at com.mysql.cj.exceptions.ExceptionFactory.createException(ExceptionFactory.java:52)
	at com.mysql.cj.exceptions.ExceptionFactory.createException(ExceptionFactory.java:95)
	at com.mysql.cj.exceptions.ExceptionFactory.createException(ExceptionFactory.java:140)
	at com.mysql.cj.exceptions.ExceptionFactory.createCommunicationsException(ExceptionFactory.java:156)
	at com.mysql.cj.protocol.a.NativeSocketConnection.connect(NativeSocketConnection.java:79)
	at com.mysql.cj.NativeSession.connect(NativeSession.java:142)
	at com.mysql.cj.jdbc.ConnectionImpl.connectOneTryOnly(ConnectionImpl.java:961)
	at com.mysql.cj.jdbc.ConnectionImpl.createNewIO(ConnectionImpl.java:825)
	... 13 common frames omitted
Caused by: java.net.ConnectException: Connection refused: getsockopt
	at java.base/sun.nio.ch.Net.pollConnect(Native Method)
	at java.base/sun.nio.ch.Net.pollConnectNow(Net.java:672)
	at java.base/sun.nio.ch.NioSocketImpl.timedFinishConnect(NioSocketImpl.java:547)
	at java.base/sun.nio.ch.NioSocketImpl.connect(NioSocketImpl.java:602)
	at java.base/java.net.SocksSocketImpl.connect(SocksSocketImpl.java:327)
	at java.base/java.net.Socket.connect(Socket.java:633)
	at com.mysql.cj.protocol.StandardSocketFactory.connect(StandardSocketFactory.java:144)
	at com.mysql.cj.protocol.a.NativeSocketConnection.connect(NativeSocketConnection.java:53)
	... 16 common frames omitted
2025-06-27 14:56:40.711 [lettuce-eventExecutorLoop-1-9] [INFO] i.l.c.p.ConnectionWatchdog - Reconnecting, last destination was localhost/<unresolved>:6379
2025-06-27 14:56:40.711 [lettuce-eventExecutorLoop-1-8] [INFO] i.l.c.p.ConnectionWatchdog - Reconnecting, last destination was localhost/<unresolved>:6379
2025-06-27 14:56:40.715 [lettuce-nioEventLoop-6-1] [WARN] i.l.c.p.ConnectionWatchdog - Cannot reconnect to [localhost/<unresolved>:6379]: Connection refused: getsockopt: localhost/127.0.0.1:6379
2025-06-27 14:56:40.715 [lettuce-nioEventLoop-6-2] [WARN] i.l.c.p.ConnectionWatchdog - Cannot reconnect to [localhost/<unresolved>:6379]: Connection refused: getsockopt: localhost/127.0.0.1:6379
2025-06-27 14:57:10.809 [lettuce-eventExecutorLoop-1-12] [INFO] i.l.c.p.ConnectionWatchdog - Reconnecting, last destination was localhost/<unresolved>:6379
2025-06-27 14:57:10.809 [lettuce-eventExecutorLoop-1-1] [INFO] i.l.c.p.ConnectionWatchdog - Reconnecting, last destination was localhost/<unresolved>:6379
2025-06-27 14:57:10.824 [lettuce-nioEventLoop-6-3] [WARN] i.l.c.p.ConnectionWatchdog - Cannot reconnect to [localhost/<unresolved>:6379]: Connection refused: getsockopt: localhost/127.0.0.1:6379
2025-06-27 14:57:10.824 [lettuce-nioEventLoop-6-4] [WARN] i.l.c.p.ConnectionWatchdog - Cannot reconnect to [localhost/<unresolved>:6379]: Connection refused: getsockopt: localhost/127.0.0.1:6379
2025-06-27 14:57:40.910 [lettuce-eventExecutorLoop-1-4] [INFO] i.l.c.p.ConnectionWatchdog - Reconnecting, last destination was localhost/<unresolved>:6379
2025-06-27 14:57:40.910 [lettuce-eventExecutorLoop-1-5] [INFO] i.l.c.p.ConnectionWatchdog - Reconnecting, last destination was localhost/<unresolved>:6379
2025-06-27 14:57:40.914 [lettuce-nioEventLoop-6-6] [WARN] i.l.c.p.ConnectionWatchdog - Cannot reconnect to [localhost/<unresolved>:6379]: Connection refused: getsockopt: localhost/127.0.0.1:6379
2025-06-27 14:57:40.914 [lettuce-nioEventLoop-6-5] [WARN] i.l.c.p.ConnectionWatchdog - Cannot reconnect to [localhost/<unresolved>:6379]: Connection refused: getsockopt: localhost/127.0.0.1:6379
2025-06-27 14:57:42.005 [HikariPool-1:connection-adder] [WARN] c.z.h.p.PoolBase - HikariPool-1 - Pool is empty, failed to create/setup connection (820c47c6-e2af-496f-8e8a-6c6f10096606)
com.mysql.cj.jdbc.exceptions.CommunicationsException: Communications link failure

The last packet sent successfully to the server was 0 milliseconds ago. The driver has not received any packets from the server.
	at com.mysql.cj.jdbc.exceptions.SQLError.createCommunicationsException(SQLError.java:165)
	at com.mysql.cj.jdbc.exceptions.SQLExceptionsMapping.translateException(SQLExceptionsMapping.java:55)
	at com.mysql.cj.jdbc.ConnectionImpl.createNewIO(ConnectionImpl.java:837)
	at com.mysql.cj.jdbc.ConnectionImpl.<init>(ConnectionImpl.java:420)
	at com.mysql.cj.jdbc.ConnectionImpl.getInstance(ConnectionImpl.java:238)
	at com.mysql.cj.jdbc.NonRegisteringDriver.connect(NonRegisteringDriver.java:180)
	at com.zaxxer.hikari.util.DriverDataSource.getConnection(DriverDataSource.java:139)
	at com.zaxxer.hikari.pool.PoolBase.newConnection(PoolBase.java:368)
	at com.zaxxer.hikari.pool.PoolBase.newPoolEntry(PoolBase.java:205)
	at com.zaxxer.hikari.pool.HikariPool.createPoolEntry(HikariPool.java:483)
	at com.zaxxer.hikari.pool.HikariPool$PoolEntryCreator.call(HikariPool.java:747)
	at com.zaxxer.hikari.pool.HikariPool$PoolEntryCreator.call(HikariPool.java:726)
	at java.base/java.util.concurrent.FutureTask.run(FutureTask.java:264)
	at java.base/java.util.concurrent.ThreadPoolExecutor.runWorker(ThreadPoolExecutor.java:1136)
	at java.base/java.util.concurrent.ThreadPoolExecutor$Worker.run(ThreadPoolExecutor.java:635)
	at java.base/java.lang.Thread.run(Thread.java:840)
Caused by: com.mysql.cj.exceptions.CJCommunicationsException: Communications link failure

The last packet sent successfully to the server was 0 milliseconds ago. The driver has not received any packets from the server.
	at jdk.internal.reflect.GeneratedConstructorAccessor68.newInstance(Unknown Source)
	at java.base/jdk.internal.reflect.DelegatingConstructorAccessorImpl.newInstance(DelegatingConstructorAccessorImpl.java:45)
	at java.base/java.lang.reflect.Constructor.newInstanceWithCaller(Constructor.java:500)
	at java.base/java.lang.reflect.Constructor.newInstance(Constructor.java:481)
	at com.mysql.cj.exceptions.ExceptionFactory.createException(ExceptionFactory.java:52)
	at com.mysql.cj.exceptions.ExceptionFactory.createException(ExceptionFactory.java:95)
	at com.mysql.cj.exceptions.ExceptionFactory.createException(ExceptionFactory.java:140)
	at com.mysql.cj.exceptions.ExceptionFactory.createCommunicationsException(ExceptionFactory.java:156)
	at com.mysql.cj.protocol.a.NativeSocketConnection.connect(NativeSocketConnection.java:79)
	at com.mysql.cj.NativeSession.connect(NativeSession.java:142)
	at com.mysql.cj.jdbc.ConnectionImpl.connectOneTryOnly(ConnectionImpl.java:961)
	at com.mysql.cj.jdbc.ConnectionImpl.createNewIO(ConnectionImpl.java:825)
	... 13 common frames omitted
Caused by: java.net.ConnectException: Connection refused: getsockopt
	at java.base/sun.nio.ch.Net.pollConnect(Native Method)
	at java.base/sun.nio.ch.Net.pollConnectNow(Net.java:672)
	at java.base/sun.nio.ch.NioSocketImpl.timedFinishConnect(NioSocketImpl.java:547)
	at java.base/sun.nio.ch.NioSocketImpl.connect(NioSocketImpl.java:602)
	at java.base/java.net.SocksSocketImpl.connect(SocksSocketImpl.java:327)
	at java.base/java.net.Socket.connect(Socket.java:633)
	at com.mysql.cj.protocol.StandardSocketFactory.connect(StandardSocketFactory.java:144)
	at com.mysql.cj.protocol.a.NativeSocketConnection.connect(NativeSocketConnection.java:53)
	... 16 common frames omitted
2025-06-27 14:58:11.015 [lettuce-eventExecutorLoop-1-9] [INFO] i.l.c.p.ConnectionWatchdog - Reconnecting, last destination was localhost/<unresolved>:6379
2025-06-27 14:58:11.015 [lettuce-eventExecutorLoop-1-8] [INFO] i.l.c.p.ConnectionWatchdog - Reconnecting, last destination was localhost/<unresolved>:6379
2025-06-27 14:58:11.017 [lettuce-nioEventLoop-6-7] [WARN] i.l.c.p.ConnectionWatchdog - Cannot reconnect to [localhost/<unresolved>:6379]: Connection refused: getsockopt: localhost/127.0.0.1:6379
2025-06-27 14:58:11.017 [lettuce-nioEventLoop-6-8] [WARN] i.l.c.p.ConnectionWatchdog - Cannot reconnect to [localhost/<unresolved>:6379]: Connection refused: getsockopt: localhost/127.0.0.1:6379
2025-06-27 14:58:41.115 [lettuce-eventExecutorLoop-1-1] [INFO] i.l.c.p.ConnectionWatchdog - Reconnecting, last destination was localhost/<unresolved>:6379
2025-06-27 14:58:41.115 [lettuce-eventExecutorLoop-1-12] [INFO] i.l.c.p.ConnectionWatchdog - Reconnecting, last destination was localhost/<unresolved>:6379
2025-06-27 14:58:41.119 [lettuce-nioEventLoop-6-9] [WARN] i.l.c.p.ConnectionWatchdog - Cannot reconnect to [localhost/<unresolved>:6379]: Connection refused: getsockopt: localhost/127.0.0.1:6379
2025-06-27 14:58:41.119 [lettuce-nioEventLoop-6-10] [WARN] i.l.c.p.ConnectionWatchdog - Cannot reconnect to [localhost/<unresolved>:6379]: Connection refused: getsockopt: localhost/127.0.0.1:6379
2025-06-27 14:58:47.253 [HikariPool-1:connection-adder] [WARN] c.z.h.p.PoolBase - HikariPool-1 - Pool is empty, failed to create/setup connection (da5a943f-3dae-49e1-acbe-7ab19fef23d3)
com.mysql.cj.jdbc.exceptions.CommunicationsException: Communications link failure

The last packet sent successfully to the server was 0 milliseconds ago. The driver has not received any packets from the server.
	at com.mysql.cj.jdbc.exceptions.SQLError.createCommunicationsException(SQLError.java:165)
	at com.mysql.cj.jdbc.exceptions.SQLExceptionsMapping.translateException(SQLExceptionsMapping.java:55)
	at com.mysql.cj.jdbc.ConnectionImpl.createNewIO(ConnectionImpl.java:837)
	at com.mysql.cj.jdbc.ConnectionImpl.<init>(ConnectionImpl.java:420)
	at com.mysql.cj.jdbc.ConnectionImpl.getInstance(ConnectionImpl.java:238)
	at com.mysql.cj.jdbc.NonRegisteringDriver.connect(NonRegisteringDriver.java:180)
	at com.zaxxer.hikari.util.DriverDataSource.getConnection(DriverDataSource.java:139)
	at com.zaxxer.hikari.pool.PoolBase.newConnection(PoolBase.java:368)
	at com.zaxxer.hikari.pool.PoolBase.newPoolEntry(PoolBase.java:205)
	at com.zaxxer.hikari.pool.HikariPool.createPoolEntry(HikariPool.java:483)
	at com.zaxxer.hikari.pool.HikariPool$PoolEntryCreator.call(HikariPool.java:747)
	at com.zaxxer.hikari.pool.HikariPool$PoolEntryCreator.call(HikariPool.java:726)
	at java.base/java.util.concurrent.FutureTask.run(FutureTask.java:264)
	at java.base/java.util.concurrent.ThreadPoolExecutor.runWorker(ThreadPoolExecutor.java:1136)
	at java.base/java.util.concurrent.ThreadPoolExecutor$Worker.run(ThreadPoolExecutor.java:635)
	at java.base/java.lang.Thread.run(Thread.java:840)
Caused by: com.mysql.cj.exceptions.CJCommunicationsException: Communications link failure

The last packet sent successfully to the server was 0 milliseconds ago. The driver has not received any packets from the server.
	at jdk.internal.reflect.GeneratedConstructorAccessor68.newInstance(Unknown Source)
	at java.base/jdk.internal.reflect.DelegatingConstructorAccessorImpl.newInstance(DelegatingConstructorAccessorImpl.java:45)
	at java.base/java.lang.reflect.Constructor.newInstanceWithCaller(Constructor.java:500)
	at java.base/java.lang.reflect.Constructor.newInstance(Constructor.java:481)
	at com.mysql.cj.exceptions.ExceptionFactory.createException(ExceptionFactory.java:52)
	at com.mysql.cj.exceptions.ExceptionFactory.createException(ExceptionFactory.java:95)
	at com.mysql.cj.exceptions.ExceptionFactory.createException(ExceptionFactory.java:140)
	at com.mysql.cj.exceptions.ExceptionFactory.createCommunicationsException(ExceptionFactory.java:156)
	at com.mysql.cj.protocol.a.NativeSocketConnection.connect(NativeSocketConnection.java:79)
	at com.mysql.cj.NativeSession.connect(NativeSession.java:142)
	at com.mysql.cj.jdbc.ConnectionImpl.connectOneTryOnly(ConnectionImpl.java:961)
	at com.mysql.cj.jdbc.ConnectionImpl.createNewIO(ConnectionImpl.java:825)
	... 13 common frames omitted
Caused by: java.net.ConnectException: Connection refused: getsockopt
	at java.base/sun.nio.ch.Net.pollConnect(Native Method)
	at java.base/sun.nio.ch.Net.pollConnectNow(Net.java:672)
	at java.base/sun.nio.ch.NioSocketImpl.timedFinishConnect(NioSocketImpl.java:547)
	at java.base/sun.nio.ch.NioSocketImpl.connect(NioSocketImpl.java:602)
	at java.base/java.net.SocksSocketImpl.connect(SocksSocketImpl.java:327)
	at java.base/java.net.Socket.connect(Socket.java:633)
	at com.mysql.cj.protocol.StandardSocketFactory.connect(StandardSocketFactory.java:144)
	at com.mysql.cj.protocol.a.NativeSocketConnection.connect(NativeSocketConnection.java:53)
	... 16 common frames omitted
2025-06-27 14:59:11.214 [lettuce-eventExecutorLoop-1-4] [INFO] i.l.c.p.ConnectionWatchdog - Reconnecting, last destination was localhost/<unresolved>:6379
2025-06-27 14:59:11.215 [lettuce-eventExecutorLoop-1-5] [INFO] i.l.c.p.ConnectionWatchdog - Reconnecting, last destination was localhost/<unresolved>:6379
2025-06-27 14:59:11.218 [lettuce-nioEventLoop-6-11] [WARN] i.l.c.p.ConnectionWatchdog - Cannot reconnect to [localhost/<unresolved>:6379]: Connection refused: getsockopt: localhost/127.0.0.1:6379
2025-06-27 14:59:11.219 [lettuce-nioEventLoop-6-12] [WARN] i.l.c.p.ConnectionWatchdog - Cannot reconnect to [localhost/<unresolved>:6379]: Connection refused: getsockopt: localhost/127.0.0.1:6379
2025-06-27 14:59:41.315 [lettuce-eventExecutorLoop-1-9] [INFO] i.l.c.p.ConnectionWatchdog - Reconnecting, last destination was localhost/<unresolved>:6379
2025-06-27 14:59:41.315 [lettuce-eventExecutorLoop-1-8] [INFO] i.l.c.p.ConnectionWatchdog - Reconnecting, last destination was localhost/<unresolved>:6379
2025-06-27 14:59:41.318 [lettuce-nioEventLoop-6-2] [WARN] i.l.c.p.ConnectionWatchdog - Cannot reconnect to [localhost/<unresolved>:6379]: Connection refused: getsockopt: localhost/127.0.0.1:6379
2025-06-27 14:59:41.319 [lettuce-nioEventLoop-6-1] [WARN] i.l.c.p.ConnectionWatchdog - Cannot reconnect to [localhost/<unresolved>:6379]: Connection refused: getsockopt: localhost/127.0.0.1:6379
2025-06-27 14:59:52.485 [HikariPool-1:connection-adder] [WARN] c.z.h.p.PoolBase - HikariPool-1 - Pool is empty, failed to create/setup connection (7367e795-41d2-4315-b6c0-30e85192c112)
com.mysql.cj.jdbc.exceptions.CommunicationsException: Communications link failure

The last packet sent successfully to the server was 0 milliseconds ago. The driver has not received any packets from the server.
	at com.mysql.cj.jdbc.exceptions.SQLError.createCommunicationsException(SQLError.java:165)
	at com.mysql.cj.jdbc.exceptions.SQLExceptionsMapping.translateException(SQLExceptionsMapping.java:55)
	at com.mysql.cj.jdbc.ConnectionImpl.createNewIO(ConnectionImpl.java:837)
	at com.mysql.cj.jdbc.ConnectionImpl.<init>(ConnectionImpl.java:420)
	at com.mysql.cj.jdbc.ConnectionImpl.getInstance(ConnectionImpl.java:238)
	at com.mysql.cj.jdbc.NonRegisteringDriver.connect(NonRegisteringDriver.java:180)
	at com.zaxxer.hikari.util.DriverDataSource.getConnection(DriverDataSource.java:139)
	at com.zaxxer.hikari.pool.PoolBase.newConnection(PoolBase.java:368)
	at com.zaxxer.hikari.pool.PoolBase.newPoolEntry(PoolBase.java:205)
	at com.zaxxer.hikari.pool.HikariPool.createPoolEntry(HikariPool.java:483)
	at com.zaxxer.hikari.pool.HikariPool$PoolEntryCreator.call(HikariPool.java:747)
	at com.zaxxer.hikari.pool.HikariPool$PoolEntryCreator.call(HikariPool.java:726)
	at java.base/java.util.concurrent.FutureTask.run(FutureTask.java:264)
	at java.base/java.util.concurrent.ThreadPoolExecutor.runWorker(ThreadPoolExecutor.java:1136)
	at java.base/java.util.concurrent.ThreadPoolExecutor$Worker.run(ThreadPoolExecutor.java:635)
	at java.base/java.lang.Thread.run(Thread.java:840)
Caused by: com.mysql.cj.exceptions.CJCommunicationsException: Communications link failure

The last packet sent successfully to the server was 0 milliseconds ago. The driver has not received any packets from the server.
	at jdk.internal.reflect.GeneratedConstructorAccessor68.newInstance(Unknown Source)
	at java.base/jdk.internal.reflect.DelegatingConstructorAccessorImpl.newInstance(DelegatingConstructorAccessorImpl.java:45)
	at java.base/java.lang.reflect.Constructor.newInstanceWithCaller(Constructor.java:500)
	at java.base/java.lang.reflect.Constructor.newInstance(Constructor.java:481)
	at com.mysql.cj.exceptions.ExceptionFactory.createException(ExceptionFactory.java:52)
	at com.mysql.cj.exceptions.ExceptionFactory.createException(ExceptionFactory.java:95)
	at com.mysql.cj.exceptions.ExceptionFactory.createException(ExceptionFactory.java:140)
	at com.mysql.cj.exceptions.ExceptionFactory.createCommunicationsException(ExceptionFactory.java:156)
	at com.mysql.cj.protocol.a.NativeSocketConnection.connect(NativeSocketConnection.java:79)
	at com.mysql.cj.NativeSession.connect(NativeSession.java:142)
	at com.mysql.cj.jdbc.ConnectionImpl.connectOneTryOnly(ConnectionImpl.java:961)
	at com.mysql.cj.jdbc.ConnectionImpl.createNewIO(ConnectionImpl.java:825)
	... 13 common frames omitted
Caused by: java.net.ConnectException: Connection refused: getsockopt
	at java.base/sun.nio.ch.Net.pollConnect(Native Method)
	at java.base/sun.nio.ch.Net.pollConnectNow(Net.java:672)
	at java.base/sun.nio.ch.NioSocketImpl.timedFinishConnect(NioSocketImpl.java:547)
	at java.base/sun.nio.ch.NioSocketImpl.connect(NioSocketImpl.java:602)
	at java.base/java.net.SocksSocketImpl.connect(SocksSocketImpl.java:327)
	at java.base/java.net.Socket.connect(Socket.java:633)
	at com.mysql.cj.protocol.StandardSocketFactory.connect(StandardSocketFactory.java:144)
	at com.mysql.cj.protocol.a.NativeSocketConnection.connect(NativeSocketConnection.java:53)
	... 16 common frames omitted
2025-06-27 15:00:11.410 [lettuce-eventExecutorLoop-1-1] [INFO] i.l.c.p.ConnectionWatchdog - Reconnecting, last destination was localhost/<unresolved>:6379
2025-06-27 15:00:11.410 [lettuce-eventExecutorLoop-1-12] [INFO] i.l.c.p.ConnectionWatchdog - Reconnecting, last destination was localhost/<unresolved>:6379
2025-06-27 15:00:11.413 [lettuce-nioEventLoop-6-4] [WARN] i.l.c.p.ConnectionWatchdog - Cannot reconnect to [localhost/<unresolved>:6379]: Connection refused: getsockopt: localhost/127.0.0.1:6379
2025-06-27 15:00:11.413 [lettuce-nioEventLoop-6-3] [WARN] i.l.c.p.ConnectionWatchdog - Cannot reconnect to [localhost/<unresolved>:6379]: Connection refused: getsockopt: localhost/127.0.0.1:6379
2025-06-27 15:00:41.514 [lettuce-eventExecutorLoop-1-4] [INFO] i.l.c.p.ConnectionWatchdog - Reconnecting, last destination was localhost/<unresolved>:6379
2025-06-27 15:00:41.514 [lettuce-eventExecutorLoop-1-5] [INFO] i.l.c.p.ConnectionWatchdog - Reconnecting, last destination was localhost/<unresolved>:6379
2025-06-27 15:00:41.518 [lettuce-nioEventLoop-6-6] [WARN] i.l.c.p.ConnectionWatchdog - Cannot reconnect to [localhost/<unresolved>:6379]: Connection refused: getsockopt: localhost/127.0.0.1:6379
2025-06-27 15:00:41.518 [lettuce-nioEventLoop-6-5] [WARN] i.l.c.p.ConnectionWatchdog - Cannot reconnect to [localhost/<unresolved>:6379]: Connection refused: getsockopt: localhost/127.0.0.1:6379
2025-06-27 15:00:57.768 [HikariPool-1:connection-adder] [WARN] c.z.h.p.PoolBase - HikariPool-1 - Pool is empty, failed to create/setup connection (5beaa509-9f89-4c84-bc5c-b2365c963409)
com.mysql.cj.jdbc.exceptions.CommunicationsException: Communications link failure

The last packet sent successfully to the server was 0 milliseconds ago. The driver has not received any packets from the server.
	at com.mysql.cj.jdbc.exceptions.SQLError.createCommunicationsException(SQLError.java:165)
	at com.mysql.cj.jdbc.exceptions.SQLExceptionsMapping.translateException(SQLExceptionsMapping.java:55)
	at com.mysql.cj.jdbc.ConnectionImpl.createNewIO(ConnectionImpl.java:837)
	at com.mysql.cj.jdbc.ConnectionImpl.<init>(ConnectionImpl.java:420)
	at com.mysql.cj.jdbc.ConnectionImpl.getInstance(ConnectionImpl.java:238)
	at com.mysql.cj.jdbc.NonRegisteringDriver.connect(NonRegisteringDriver.java:180)
	at com.zaxxer.hikari.util.DriverDataSource.getConnection(DriverDataSource.java:139)
	at com.zaxxer.hikari.pool.PoolBase.newConnection(PoolBase.java:368)
	at com.zaxxer.hikari.pool.PoolBase.newPoolEntry(PoolBase.java:205)
	at com.zaxxer.hikari.pool.HikariPool.createPoolEntry(HikariPool.java:483)
	at com.zaxxer.hikari.pool.HikariPool$PoolEntryCreator.call(HikariPool.java:747)
	at com.zaxxer.hikari.pool.HikariPool$PoolEntryCreator.call(HikariPool.java:726)
	at java.base/java.util.concurrent.FutureTask.run(FutureTask.java:264)
	at java.base/java.util.concurrent.ThreadPoolExecutor.runWorker(ThreadPoolExecutor.java:1136)
	at java.base/java.util.concurrent.ThreadPoolExecutor$Worker.run(ThreadPoolExecutor.java:635)
	at java.base/java.lang.Thread.run(Thread.java:840)
Caused by: com.mysql.cj.exceptions.CJCommunicationsException: Communications link failure

The last packet sent successfully to the server was 0 milliseconds ago. The driver has not received any packets from the server.
	at jdk.internal.reflect.GeneratedConstructorAccessor68.newInstance(Unknown Source)
	at java.base/jdk.internal.reflect.DelegatingConstructorAccessorImpl.newInstance(DelegatingConstructorAccessorImpl.java:45)
	at java.base/java.lang.reflect.Constructor.newInstanceWithCaller(Constructor.java:500)
	at java.base/java.lang.reflect.Constructor.newInstance(Constructor.java:481)
	at com.mysql.cj.exceptions.ExceptionFactory.createException(ExceptionFactory.java:52)
	at com.mysql.cj.exceptions.ExceptionFactory.createException(ExceptionFactory.java:95)
	at com.mysql.cj.exceptions.ExceptionFactory.createException(ExceptionFactory.java:140)
	at com.mysql.cj.exceptions.ExceptionFactory.createCommunicationsException(ExceptionFactory.java:156)
	at com.mysql.cj.protocol.a.NativeSocketConnection.connect(NativeSocketConnection.java:79)
	at com.mysql.cj.NativeSession.connect(NativeSession.java:142)
	at com.mysql.cj.jdbc.ConnectionImpl.connectOneTryOnly(ConnectionImpl.java:961)
	at com.mysql.cj.jdbc.ConnectionImpl.createNewIO(ConnectionImpl.java:825)
	... 13 common frames omitted
Caused by: java.net.ConnectException: Connection refused: getsockopt
	at java.base/sun.nio.ch.Net.pollConnect(Native Method)
	at java.base/sun.nio.ch.Net.pollConnectNow(Net.java:672)
	at java.base/sun.nio.ch.NioSocketImpl.timedFinishConnect(NioSocketImpl.java:547)
	at java.base/sun.nio.ch.NioSocketImpl.connect(NioSocketImpl.java:602)
	at java.base/java.net.SocksSocketImpl.connect(SocksSocketImpl.java:327)
	at java.base/java.net.Socket.connect(Socket.java:633)
	at com.mysql.cj.protocol.StandardSocketFactory.connect(StandardSocketFactory.java:144)
	at com.mysql.cj.protocol.a.NativeSocketConnection.connect(NativeSocketConnection.java:53)
	... 16 common frames omitted
2025-06-27 15:01:11.612 [lettuce-eventExecutorLoop-1-8] [INFO] i.l.c.p.ConnectionWatchdog - Reconnecting, last destination was localhost/<unresolved>:6379
2025-06-27 15:01:11.612 [lettuce-eventExecutorLoop-1-9] [INFO] i.l.c.p.ConnectionWatchdog - Reconnecting, last destination was localhost/<unresolved>:6379
2025-06-27 15:01:11.616 [lettuce-nioEventLoop-6-8] [WARN] i.l.c.p.ConnectionWatchdog - Cannot reconnect to [localhost/<unresolved>:6379]: Connection refused: getsockopt: localhost/127.0.0.1:6379
2025-06-27 15:01:11.618 [lettuce-nioEventLoop-6-7] [WARN] i.l.c.p.ConnectionWatchdog - Cannot reconnect to [localhost/<unresolved>:6379]: Connection refused: getsockopt: localhost/127.0.0.1:6379
2025-06-27 15:01:41.710 [lettuce-eventExecutorLoop-1-12] [INFO] i.l.c.p.ConnectionWatchdog - Reconnecting, last destination was localhost/<unresolved>:6379
2025-06-27 15:01:41.710 [lettuce-eventExecutorLoop-1-1] [INFO] i.l.c.p.ConnectionWatchdog - Reconnecting, last destination was localhost/<unresolved>:6379
2025-06-27 15:01:41.713 [lettuce-nioEventLoop-6-10] [WARN] i.l.c.p.ConnectionWatchdog - Cannot reconnect to [localhost/<unresolved>:6379]: Connection refused: getsockopt: localhost/127.0.0.1:6379
2025-06-27 15:01:41.713 [lettuce-nioEventLoop-6-9] [WARN] i.l.c.p.ConnectionWatchdog - Cannot reconnect to [localhost/<unresolved>:6379]: Connection refused: getsockopt: localhost/127.0.0.1:6379
2025-06-27 15:01:53.743 [MessageBroker-1] [INFO] o.s.w.s.c.WebSocketMessageBrokerStats - WebSocketSession[0 current WS(0)-HttpStream(0)-HttpPoll(0), 0 total, 0 closed abnormally (0 connect failure, 0 send limit, 0 transport error)], stompSubProtocol[processed CONNECT(0)-CONNECTED(0)-DISCONNECT(0)], stompBrokerRelay[null], inboundChannel[pool size = 0, active threads = 0, queued tasks = 0, completed tasks = 0], outboundChannel[pool size = 0, active threads = 0, queued tasks = 0, completed tasks = 0], sockJsScheduler[pool size = 2, active threads = 1, queued tasks = 0, completed tasks = 1]
2025-06-27 15:02:03.011 [HikariPool-1:connection-adder] [WARN] c.z.h.p.PoolBase - HikariPool-1 - Pool is empty, failed to create/setup connection (fa33858e-cfa1-4050-88b3-1a121633689e)
com.mysql.cj.jdbc.exceptions.CommunicationsException: Communications link failure

The last packet sent successfully to the server was 0 milliseconds ago. The driver has not received any packets from the server.
	at com.mysql.cj.jdbc.exceptions.SQLError.createCommunicationsException(SQLError.java:165)
	at com.mysql.cj.jdbc.exceptions.SQLExceptionsMapping.translateException(SQLExceptionsMapping.java:55)
	at com.mysql.cj.jdbc.ConnectionImpl.createNewIO(ConnectionImpl.java:837)
	at com.mysql.cj.jdbc.ConnectionImpl.<init>(ConnectionImpl.java:420)
	at com.mysql.cj.jdbc.ConnectionImpl.getInstance(ConnectionImpl.java:238)
	at com.mysql.cj.jdbc.NonRegisteringDriver.connect(NonRegisteringDriver.java:180)
	at com.zaxxer.hikari.util.DriverDataSource.getConnection(DriverDataSource.java:139)
	at com.zaxxer.hikari.pool.PoolBase.newConnection(PoolBase.java:368)
	at com.zaxxer.hikari.pool.PoolBase.newPoolEntry(PoolBase.java:205)
	at com.zaxxer.hikari.pool.HikariPool.createPoolEntry(HikariPool.java:483)
	at com.zaxxer.hikari.pool.HikariPool$PoolEntryCreator.call(HikariPool.java:747)
	at com.zaxxer.hikari.pool.HikariPool$PoolEntryCreator.call(HikariPool.java:726)
	at java.base/java.util.concurrent.FutureTask.run(FutureTask.java:264)
	at java.base/java.util.concurrent.ThreadPoolExecutor.runWorker(ThreadPoolExecutor.java:1136)
	at java.base/java.util.concurrent.ThreadPoolExecutor$Worker.run(ThreadPoolExecutor.java:635)
	at java.base/java.lang.Thread.run(Thread.java:840)
Caused by: com.mysql.cj.exceptions.CJCommunicationsException: Communications link failure

The last packet sent successfully to the server was 0 milliseconds ago. The driver has not received any packets from the server.
	at jdk.internal.reflect.GeneratedConstructorAccessor68.newInstance(Unknown Source)
	at java.base/jdk.internal.reflect.DelegatingConstructorAccessorImpl.newInstance(DelegatingConstructorAccessorImpl.java:45)
	at java.base/java.lang.reflect.Constructor.newInstanceWithCaller(Constructor.java:500)
	at java.base/java.lang.reflect.Constructor.newInstance(Constructor.java:481)
	at com.mysql.cj.exceptions.ExceptionFactory.createException(ExceptionFactory.java:52)
	at com.mysql.cj.exceptions.ExceptionFactory.createException(ExceptionFactory.java:95)
	at com.mysql.cj.exceptions.ExceptionFactory.createException(ExceptionFactory.java:140)
	at com.mysql.cj.exceptions.ExceptionFactory.createCommunicationsException(ExceptionFactory.java:156)
	at com.mysql.cj.protocol.a.NativeSocketConnection.connect(NativeSocketConnection.java:79)
	at com.mysql.cj.NativeSession.connect(NativeSession.java:142)
	at com.mysql.cj.jdbc.ConnectionImpl.connectOneTryOnly(ConnectionImpl.java:961)
	at com.mysql.cj.jdbc.ConnectionImpl.createNewIO(ConnectionImpl.java:825)
	... 13 common frames omitted
Caused by: java.net.ConnectException: Connection refused: getsockopt
	at java.base/sun.nio.ch.Net.pollConnect(Native Method)
	at java.base/sun.nio.ch.Net.pollConnectNow(Net.java:672)
	at java.base/sun.nio.ch.NioSocketImpl.timedFinishConnect(NioSocketImpl.java:547)
	at java.base/sun.nio.ch.NioSocketImpl.connect(NioSocketImpl.java:602)
	at java.base/java.net.SocksSocketImpl.connect(SocksSocketImpl.java:327)
	at java.base/java.net.Socket.connect(Socket.java:633)
	at com.mysql.cj.protocol.StandardSocketFactory.connect(StandardSocketFactory.java:144)
	at com.mysql.cj.protocol.a.NativeSocketConnection.connect(NativeSocketConnection.java:53)
	... 16 common frames omitted
2025-06-27 15:02:11.812 [lettuce-eventExecutorLoop-1-4] [INFO] i.l.c.p.ConnectionWatchdog - Reconnecting, last destination was localhost/<unresolved>:6379
2025-06-27 15:02:11.815 [lettuce-eventExecutorLoop-1-5] [INFO] i.l.c.p.ConnectionWatchdog - Reconnecting, last destination was localhost/<unresolved>:6379
2025-06-27 15:02:11.815 [lettuce-nioEventLoop-6-11] [WARN] i.l.c.p.ConnectionWatchdog - Cannot reconnect to [localhost/<unresolved>:6379]: Connection refused: getsockopt: localhost/127.0.0.1:6379
2025-06-27 15:02:11.817 [lettuce-nioEventLoop-6-12] [WARN] i.l.c.p.ConnectionWatchdog - Cannot reconnect to [localhost/<unresolved>:6379]: Connection refused: getsockopt: localhost/127.0.0.1:6379
2025-06-27 15:02:41.911 [lettuce-eventExecutorLoop-1-8] [INFO] i.l.c.p.ConnectionWatchdog - Reconnecting, last destination was localhost/<unresolved>:6379
2025-06-27 15:02:41.913 [lettuce-eventExecutorLoop-1-9] [INFO] i.l.c.p.ConnectionWatchdog - Reconnecting, last destination was localhost/<unresolved>:6379
2025-06-27 15:02:41.915 [lettuce-nioEventLoop-6-2] [WARN] i.l.c.p.ConnectionWatchdog - Cannot reconnect to [localhost/<unresolved>:6379]: Connection refused: getsockopt: localhost/127.0.0.1:6379
2025-06-27 15:02:41.915 [lettuce-nioEventLoop-6-1] [WARN] i.l.c.p.ConnectionWatchdog - Cannot reconnect to [localhost/<unresolved>:6379]: Connection refused: getsockopt: localhost/127.0.0.1:6379
2025-06-27 15:03:08.279 [HikariPool-1:connection-adder] [WARN] c.z.h.p.PoolBase - HikariPool-1 - Pool is empty, failed to create/setup connection (0b585f90-202f-4a12-8d97-aff3d15619da)
com.mysql.cj.jdbc.exceptions.CommunicationsException: Communications link failure

The last packet sent successfully to the server was 0 milliseconds ago. The driver has not received any packets from the server.
	at com.mysql.cj.jdbc.exceptions.SQLError.createCommunicationsException(SQLError.java:165)
	at com.mysql.cj.jdbc.exceptions.SQLExceptionsMapping.translateException(SQLExceptionsMapping.java:55)
	at com.mysql.cj.jdbc.ConnectionImpl.createNewIO(ConnectionImpl.java:837)
	at com.mysql.cj.jdbc.ConnectionImpl.<init>(ConnectionImpl.java:420)
	at com.mysql.cj.jdbc.ConnectionImpl.getInstance(ConnectionImpl.java:238)
	at com.mysql.cj.jdbc.NonRegisteringDriver.connect(NonRegisteringDriver.java:180)
	at com.zaxxer.hikari.util.DriverDataSource.getConnection(DriverDataSource.java:139)
	at com.zaxxer.hikari.pool.PoolBase.newConnection(PoolBase.java:368)
	at com.zaxxer.hikari.pool.PoolBase.newPoolEntry(PoolBase.java:205)
	at com.zaxxer.hikari.pool.HikariPool.createPoolEntry(HikariPool.java:483)
	at com.zaxxer.hikari.pool.HikariPool$PoolEntryCreator.call(HikariPool.java:747)
	at com.zaxxer.hikari.pool.HikariPool$PoolEntryCreator.call(HikariPool.java:726)
	at java.base/java.util.concurrent.FutureTask.run(FutureTask.java:264)
	at java.base/java.util.concurrent.ThreadPoolExecutor.runWorker(ThreadPoolExecutor.java:1136)
	at java.base/java.util.concurrent.ThreadPoolExecutor$Worker.run(ThreadPoolExecutor.java:635)
	at java.base/java.lang.Thread.run(Thread.java:840)
Caused by: com.mysql.cj.exceptions.CJCommunicationsException: Communications link failure

The last packet sent successfully to the server was 0 milliseconds ago. The driver has not received any packets from the server.
	at jdk.internal.reflect.GeneratedConstructorAccessor68.newInstance(Unknown Source)
	at java.base/jdk.internal.reflect.DelegatingConstructorAccessorImpl.newInstance(DelegatingConstructorAccessorImpl.java:45)
	at java.base/java.lang.reflect.Constructor.newInstanceWithCaller(Constructor.java:500)
	at java.base/java.lang.reflect.Constructor.newInstance(Constructor.java:481)
	at com.mysql.cj.exceptions.ExceptionFactory.createException(ExceptionFactory.java:52)
	at com.mysql.cj.exceptions.ExceptionFactory.createException(ExceptionFactory.java:95)
	at com.mysql.cj.exceptions.ExceptionFactory.createException(ExceptionFactory.java:140)
	at com.mysql.cj.exceptions.ExceptionFactory.createCommunicationsException(ExceptionFactory.java:156)
	at com.mysql.cj.protocol.a.NativeSocketConnection.connect(NativeSocketConnection.java:79)
	at com.mysql.cj.NativeSession.connect(NativeSession.java:142)
	at com.mysql.cj.jdbc.ConnectionImpl.connectOneTryOnly(ConnectionImpl.java:961)
	at com.mysql.cj.jdbc.ConnectionImpl.createNewIO(ConnectionImpl.java:825)
	... 13 common frames omitted
Caused by: java.net.ConnectException: Connection refused: getsockopt
	at java.base/sun.nio.ch.Net.pollConnect(Native Method)
	at java.base/sun.nio.ch.Net.pollConnectNow(Net.java:672)
	at java.base/sun.nio.ch.NioSocketImpl.timedFinishConnect(NioSocketImpl.java:547)
	at java.base/sun.nio.ch.NioSocketImpl.connect(NioSocketImpl.java:602)
	at java.base/java.net.SocksSocketImpl.connect(SocksSocketImpl.java:327)
	at java.base/java.net.Socket.connect(Socket.java:633)
	at com.mysql.cj.protocol.StandardSocketFactory.connect(StandardSocketFactory.java:144)
	at com.mysql.cj.protocol.a.NativeSocketConnection.connect(NativeSocketConnection.java:53)
	... 16 common frames omitted
2025-06-27 15:03:12.011 [lettuce-eventExecutorLoop-1-12] [INFO] i.l.c.p.ConnectionWatchdog - Reconnecting, last destination was localhost/<unresolved>:6379
2025-06-27 15:03:12.011 [lettuce-eventExecutorLoop-1-1] [INFO] i.l.c.p.ConnectionWatchdog - Reconnecting, last destination was localhost/<unresolved>:6379
2025-06-27 15:03:12.015 [lettuce-nioEventLoop-6-3] [WARN] i.l.c.p.ConnectionWatchdog - Cannot reconnect to [localhost/<unresolved>:6379]: Connection refused: getsockopt: localhost/127.0.0.1:6379
2025-06-27 15:03:12.015 [lettuce-nioEventLoop-6-4] [WARN] i.l.c.p.ConnectionWatchdog - Cannot reconnect to [localhost/<unresolved>:6379]: Connection refused: getsockopt: localhost/127.0.0.1:6379
2025-06-27 15:03:42.109 [lettuce-eventExecutorLoop-1-4] [INFO] i.l.c.p.ConnectionWatchdog - Reconnecting, last destination was localhost/<unresolved>:6379
2025-06-27 15:03:42.109 [lettuce-eventExecutorLoop-1-5] [INFO] i.l.c.p.ConnectionWatchdog - Reconnecting, last destination was localhost/<unresolved>:6379
2025-06-27 15:03:42.112 [lettuce-nioEventLoop-6-6] [WARN] i.l.c.p.ConnectionWatchdog - Cannot reconnect to [localhost/<unresolved>:6379]: Connection refused: getsockopt: localhost/127.0.0.1:6379
2025-06-27 15:03:42.112 [lettuce-nioEventLoop-6-5] [WARN] i.l.c.p.ConnectionWatchdog - Cannot reconnect to [localhost/<unresolved>:6379]: Connection refused: getsockopt: localhost/127.0.0.1:6379
2025-06-27 15:04:12.211 [lettuce-eventExecutorLoop-1-8] [INFO] i.l.c.p.ConnectionWatchdog - Reconnecting, last destination was localhost/<unresolved>:6379
2025-06-27 15:04:12.211 [lettuce-eventExecutorLoop-1-9] [INFO] i.l.c.p.ConnectionWatchdog - Reconnecting, last destination was localhost/<unresolved>:6379
2025-06-27 15:04:12.215 [lettuce-nioEventLoop-6-8] [WARN] i.l.c.p.ConnectionWatchdog - Cannot reconnect to [localhost/<unresolved>:6379]: Connection refused: getsockopt: localhost/127.0.0.1:6379
2025-06-27 15:04:12.215 [lettuce-nioEventLoop-6-7] [WARN] i.l.c.p.ConnectionWatchdog - Cannot reconnect to [localhost/<unresolved>:6379]: Connection refused: getsockopt: localhost/127.0.0.1:6379
2025-06-27 15:04:13.591 [HikariPool-1:connection-adder] [WARN] c.z.h.p.PoolBase - HikariPool-1 - Pool is empty, failed to create/setup connection (2d1c6ccf-8e06-4187-8099-3550192fd33e)
com.mysql.cj.jdbc.exceptions.CommunicationsException: Communications link failure

The last packet sent successfully to the server was 0 milliseconds ago. The driver has not received any packets from the server.
	at com.mysql.cj.jdbc.exceptions.SQLError.createCommunicationsException(SQLError.java:165)
	at com.mysql.cj.jdbc.exceptions.SQLExceptionsMapping.translateException(SQLExceptionsMapping.java:55)
	at com.mysql.cj.jdbc.ConnectionImpl.createNewIO(ConnectionImpl.java:837)
	at com.mysql.cj.jdbc.ConnectionImpl.<init>(ConnectionImpl.java:420)
	at com.mysql.cj.jdbc.ConnectionImpl.getInstance(ConnectionImpl.java:238)
	at com.mysql.cj.jdbc.NonRegisteringDriver.connect(NonRegisteringDriver.java:180)
	at com.zaxxer.hikari.util.DriverDataSource.getConnection(DriverDataSource.java:139)
	at com.zaxxer.hikari.pool.PoolBase.newConnection(PoolBase.java:368)
	at com.zaxxer.hikari.pool.PoolBase.newPoolEntry(PoolBase.java:205)
	at com.zaxxer.hikari.pool.HikariPool.createPoolEntry(HikariPool.java:483)
	at com.zaxxer.hikari.pool.HikariPool$PoolEntryCreator.call(HikariPool.java:747)
	at com.zaxxer.hikari.pool.HikariPool$PoolEntryCreator.call(HikariPool.java:726)
	at java.base/java.util.concurrent.FutureTask.run(FutureTask.java:264)
	at java.base/java.util.concurrent.ThreadPoolExecutor.runWorker(ThreadPoolExecutor.java:1136)
	at java.base/java.util.concurrent.ThreadPoolExecutor$Worker.run(ThreadPoolExecutor.java:635)
	at java.base/java.lang.Thread.run(Thread.java:840)
Caused by: com.mysql.cj.exceptions.CJCommunicationsException: Communications link failure

The last packet sent successfully to the server was 0 milliseconds ago. The driver has not received any packets from the server.
	at jdk.internal.reflect.GeneratedConstructorAccessor68.newInstance(Unknown Source)
	at java.base/jdk.internal.reflect.DelegatingConstructorAccessorImpl.newInstance(DelegatingConstructorAccessorImpl.java:45)
	at java.base/java.lang.reflect.Constructor.newInstanceWithCaller(Constructor.java:500)
	at java.base/java.lang.reflect.Constructor.newInstance(Constructor.java:481)
	at com.mysql.cj.exceptions.ExceptionFactory.createException(ExceptionFactory.java:52)
	at com.mysql.cj.exceptions.ExceptionFactory.createException(ExceptionFactory.java:95)
	at com.mysql.cj.exceptions.ExceptionFactory.createException(ExceptionFactory.java:140)
	at com.mysql.cj.exceptions.ExceptionFactory.createCommunicationsException(ExceptionFactory.java:156)
	at com.mysql.cj.protocol.a.NativeSocketConnection.connect(NativeSocketConnection.java:79)
	at com.mysql.cj.NativeSession.connect(NativeSession.java:142)
	at com.mysql.cj.jdbc.ConnectionImpl.connectOneTryOnly(ConnectionImpl.java:961)
	at com.mysql.cj.jdbc.ConnectionImpl.createNewIO(ConnectionImpl.java:825)
	... 13 common frames omitted
Caused by: java.net.ConnectException: Connection refused: getsockopt
	at java.base/sun.nio.ch.Net.pollConnect(Native Method)
	at java.base/sun.nio.ch.Net.pollConnectNow(Net.java:672)
	at java.base/sun.nio.ch.NioSocketImpl.timedFinishConnect(NioSocketImpl.java:547)
	at java.base/sun.nio.ch.NioSocketImpl.connect(NioSocketImpl.java:602)
	at java.base/java.net.SocksSocketImpl.connect(SocksSocketImpl.java:327)
	at java.base/java.net.Socket.connect(Socket.java:633)
	at com.mysql.cj.protocol.StandardSocketFactory.connect(StandardSocketFactory.java:144)
	at com.mysql.cj.protocol.a.NativeSocketConnection.connect(NativeSocketConnection.java:53)
	... 16 common frames omitted
2025-06-27 15:04:42.309 [lettuce-eventExecutorLoop-1-12] [INFO] i.l.c.p.ConnectionWatchdog - Reconnecting, last destination was localhost/<unresolved>:6379
2025-06-27 15:04:42.309 [lettuce-eventExecutorLoop-1-1] [INFO] i.l.c.p.ConnectionWatchdog - Reconnecting, last destination was localhost/<unresolved>:6379
2025-06-27 15:04:42.313 [lettuce-nioEventLoop-6-10] [WARN] i.l.c.p.ConnectionWatchdog - Cannot reconnect to [localhost/<unresolved>:6379]: Connection refused: getsockopt: localhost/127.0.0.1:6379
2025-06-27 15:04:42.314 [lettuce-nioEventLoop-6-9] [WARN] i.l.c.p.ConnectionWatchdog - Cannot reconnect to [localhost/<unresolved>:6379]: Connection refused: getsockopt: localhost/127.0.0.1:6379
2025-06-27 15:05:12.414 [lettuce-eventExecutorLoop-1-4] [INFO] i.l.c.p.ConnectionWatchdog - Reconnecting, last destination was localhost/<unresolved>:6379
2025-06-27 15:05:12.414 [lettuce-eventExecutorLoop-1-5] [INFO] i.l.c.p.ConnectionWatchdog - Reconnecting, last destination was localhost/<unresolved>:6379
2025-06-27 15:05:12.418 [lettuce-nioEventLoop-6-12] [WARN] i.l.c.p.ConnectionWatchdog - Cannot reconnect to [localhost/<unresolved>:6379]: Connection refused: getsockopt: localhost/127.0.0.1:6379
2025-06-27 15:05:12.418 [lettuce-nioEventLoop-6-11] [WARN] i.l.c.p.ConnectionWatchdog - Cannot reconnect to [localhost/<unresolved>:6379]: Connection refused: getsockopt: localhost/127.0.0.1:6379
2025-06-27 15:05:18.879 [HikariPool-1:connection-adder] [WARN] c.z.h.p.PoolBase - HikariPool-1 - Pool is empty, failed to create/setup connection (1f15d394-fdd9-4675-8f48-02ec0d0f0a2e)
com.mysql.cj.jdbc.exceptions.CommunicationsException: Communications link failure

The last packet sent successfully to the server was 0 milliseconds ago. The driver has not received any packets from the server.
	at com.mysql.cj.jdbc.exceptions.SQLError.createCommunicationsException(SQLError.java:165)
	at com.mysql.cj.jdbc.exceptions.SQLExceptionsMapping.translateException(SQLExceptionsMapping.java:55)
	at com.mysql.cj.jdbc.ConnectionImpl.createNewIO(ConnectionImpl.java:837)
	at com.mysql.cj.jdbc.ConnectionImpl.<init>(ConnectionImpl.java:420)
	at com.mysql.cj.jdbc.ConnectionImpl.getInstance(ConnectionImpl.java:238)
	at com.mysql.cj.jdbc.NonRegisteringDriver.connect(NonRegisteringDriver.java:180)
	at com.zaxxer.hikari.util.DriverDataSource.getConnection(DriverDataSource.java:139)
	at com.zaxxer.hikari.pool.PoolBase.newConnection(PoolBase.java:368)
	at com.zaxxer.hikari.pool.PoolBase.newPoolEntry(PoolBase.java:205)
	at com.zaxxer.hikari.pool.HikariPool.createPoolEntry(HikariPool.java:483)
	at com.zaxxer.hikari.pool.HikariPool$PoolEntryCreator.call(HikariPool.java:747)
	at com.zaxxer.hikari.pool.HikariPool$PoolEntryCreator.call(HikariPool.java:726)
	at java.base/java.util.concurrent.FutureTask.run(FutureTask.java:264)
	at java.base/java.util.concurrent.ThreadPoolExecutor.runWorker(ThreadPoolExecutor.java:1136)
	at java.base/java.util.concurrent.ThreadPoolExecutor$Worker.run(ThreadPoolExecutor.java:635)
	at java.base/java.lang.Thread.run(Thread.java:840)
Caused by: com.mysql.cj.exceptions.CJCommunicationsException: Communications link failure

The last packet sent successfully to the server was 0 milliseconds ago. The driver has not received any packets from the server.
	at jdk.internal.reflect.GeneratedConstructorAccessor68.newInstance(Unknown Source)
	at java.base/jdk.internal.reflect.DelegatingConstructorAccessorImpl.newInstance(DelegatingConstructorAccessorImpl.java:45)
	at java.base/java.lang.reflect.Constructor.newInstanceWithCaller(Constructor.java:500)
	at java.base/java.lang.reflect.Constructor.newInstance(Constructor.java:481)
	at com.mysql.cj.exceptions.ExceptionFactory.createException(ExceptionFactory.java:52)
	at com.mysql.cj.exceptions.ExceptionFactory.createException(ExceptionFactory.java:95)
	at com.mysql.cj.exceptions.ExceptionFactory.createException(ExceptionFactory.java:140)
	at com.mysql.cj.exceptions.ExceptionFactory.createCommunicationsException(ExceptionFactory.java:156)
	at com.mysql.cj.protocol.a.NativeSocketConnection.connect(NativeSocketConnection.java:79)
	at com.mysql.cj.NativeSession.connect(NativeSession.java:142)
	at com.mysql.cj.jdbc.ConnectionImpl.connectOneTryOnly(ConnectionImpl.java:961)
	at com.mysql.cj.jdbc.ConnectionImpl.createNewIO(ConnectionImpl.java:825)
	... 13 common frames omitted
Caused by: java.net.ConnectException: Connection refused: getsockopt
	at java.base/sun.nio.ch.Net.pollConnect(Native Method)
	at java.base/sun.nio.ch.Net.pollConnectNow(Net.java:672)
	at java.base/sun.nio.ch.NioSocketImpl.timedFinishConnect(NioSocketImpl.java:547)
	at java.base/sun.nio.ch.NioSocketImpl.connect(NioSocketImpl.java:602)
	at java.base/java.net.SocksSocketImpl.connect(SocksSocketImpl.java:327)
	at java.base/java.net.Socket.connect(Socket.java:633)
	at com.mysql.cj.protocol.StandardSocketFactory.connect(StandardSocketFactory.java:144)
	at com.mysql.cj.protocol.a.NativeSocketConnection.connect(NativeSocketConnection.java:53)
	... 16 common frames omitted
2025-06-27 15:05:42.510 [lettuce-eventExecutorLoop-1-9] [INFO] i.l.c.p.ConnectionWatchdog - Reconnecting, last destination was localhost/<unresolved>:6379
2025-06-27 15:05:42.510 [lettuce-eventExecutorLoop-1-8] [INFO] i.l.c.p.ConnectionWatchdog - Reconnecting, last destination was localhost/<unresolved>:6379
2025-06-27 15:05:42.514 [lettuce-nioEventLoop-6-1] [WARN] i.l.c.p.ConnectionWatchdog - Cannot reconnect to [localhost/<unresolved>:6379]: Connection refused: getsockopt: localhost/127.0.0.1:6379
2025-06-27 15:05:42.514 [lettuce-nioEventLoop-6-2] [WARN] i.l.c.p.ConnectionWatchdog - Cannot reconnect to [localhost/<unresolved>:6379]: Connection refused: getsockopt: localhost/127.0.0.1:6379
2025-06-27 15:06:12.618 [lettuce-eventExecutorLoop-1-1] [INFO] i.l.c.p.ConnectionWatchdog - Reconnecting, last destination was localhost/<unresolved>:6379
2025-06-27 15:06:12.621 [lettuce-eventExecutorLoop-1-12] [INFO] i.l.c.p.ConnectionWatchdog - Reconnecting, last destination was localhost/<unresolved>:6379
2025-06-27 15:06:12.621 [lettuce-nioEventLoop-6-3] [WARN] i.l.c.p.ConnectionWatchdog - Cannot reconnect to [localhost/<unresolved>:6379]: Connection refused: getsockopt: localhost/127.0.0.1:6379
2025-06-27 15:06:12.623 [lettuce-nioEventLoop-6-4] [WARN] i.l.c.p.ConnectionWatchdog - Cannot reconnect to [localhost/<unresolved>:6379]: Connection refused: getsockopt: localhost/127.0.0.1:6379
2025-06-27 15:06:24.070 [HikariPool-1:connection-adder] [WARN] c.z.h.p.PoolBase - HikariPool-1 - Pool is empty, failed to create/setup connection (3772bc6d-249f-4405-90b6-7d0eca31e379)
com.mysql.cj.jdbc.exceptions.CommunicationsException: Communications link failure

The last packet sent successfully to the server was 0 milliseconds ago. The driver has not received any packets from the server.
	at com.mysql.cj.jdbc.exceptions.SQLError.createCommunicationsException(SQLError.java:165)
	at com.mysql.cj.jdbc.exceptions.SQLExceptionsMapping.translateException(SQLExceptionsMapping.java:55)
	at com.mysql.cj.jdbc.ConnectionImpl.createNewIO(ConnectionImpl.java:837)
	at com.mysql.cj.jdbc.ConnectionImpl.<init>(ConnectionImpl.java:420)
	at com.mysql.cj.jdbc.ConnectionImpl.getInstance(ConnectionImpl.java:238)
	at com.mysql.cj.jdbc.NonRegisteringDriver.connect(NonRegisteringDriver.java:180)
	at com.zaxxer.hikari.util.DriverDataSource.getConnection(DriverDataSource.java:139)
	at com.zaxxer.hikari.pool.PoolBase.newConnection(PoolBase.java:368)
	at com.zaxxer.hikari.pool.PoolBase.newPoolEntry(PoolBase.java:205)
	at com.zaxxer.hikari.pool.HikariPool.createPoolEntry(HikariPool.java:483)
	at com.zaxxer.hikari.pool.HikariPool$PoolEntryCreator.call(HikariPool.java:747)
	at com.zaxxer.hikari.pool.HikariPool$PoolEntryCreator.call(HikariPool.java:726)
	at java.base/java.util.concurrent.FutureTask.run(FutureTask.java:264)
	at java.base/java.util.concurrent.ThreadPoolExecutor.runWorker(ThreadPoolExecutor.java:1136)
	at java.base/java.util.concurrent.ThreadPoolExecutor$Worker.run(ThreadPoolExecutor.java:635)
	at java.base/java.lang.Thread.run(Thread.java:840)
Caused by: com.mysql.cj.exceptions.CJCommunicationsException: Communications link failure

The last packet sent successfully to the server was 0 milliseconds ago. The driver has not received any packets from the server.
	at jdk.internal.reflect.GeneratedConstructorAccessor68.newInstance(Unknown Source)
	at java.base/jdk.internal.reflect.DelegatingConstructorAccessorImpl.newInstance(DelegatingConstructorAccessorImpl.java:45)
	at java.base/java.lang.reflect.Constructor.newInstanceWithCaller(Constructor.java:500)
	at java.base/java.lang.reflect.Constructor.newInstance(Constructor.java:481)
	at com.mysql.cj.exceptions.ExceptionFactory.createException(ExceptionFactory.java:52)
	at com.mysql.cj.exceptions.ExceptionFactory.createException(ExceptionFactory.java:95)
	at com.mysql.cj.exceptions.ExceptionFactory.createException(ExceptionFactory.java:140)
	at com.mysql.cj.exceptions.ExceptionFactory.createCommunicationsException(ExceptionFactory.java:156)
	at com.mysql.cj.protocol.a.NativeSocketConnection.connect(NativeSocketConnection.java:79)
	at com.mysql.cj.NativeSession.connect(NativeSession.java:142)
	at com.mysql.cj.jdbc.ConnectionImpl.connectOneTryOnly(ConnectionImpl.java:961)
	at com.mysql.cj.jdbc.ConnectionImpl.createNewIO(ConnectionImpl.java:825)
	... 13 common frames omitted
Caused by: java.net.ConnectException: Connection refused: getsockopt
	at java.base/sun.nio.ch.Net.pollConnect(Native Method)
	at java.base/sun.nio.ch.Net.pollConnectNow(Net.java:672)
	at java.base/sun.nio.ch.NioSocketImpl.timedFinishConnect(NioSocketImpl.java:547)
	at java.base/sun.nio.ch.NioSocketImpl.connect(NioSocketImpl.java:602)
	at java.base/java.net.SocksSocketImpl.connect(SocksSocketImpl.java:327)
	at java.base/java.net.Socket.connect(Socket.java:633)
	at com.mysql.cj.protocol.StandardSocketFactory.connect(StandardSocketFactory.java:144)
	at com.mysql.cj.protocol.a.NativeSocketConnection.connect(NativeSocketConnection.java:53)
	... 16 common frames omitted
2025-06-27 15:06:42.712 [lettuce-eventExecutorLoop-1-5] [INFO] i.l.c.p.ConnectionWatchdog - Reconnecting, last destination was localhost/<unresolved>:6379
2025-06-27 15:06:42.712 [lettuce-eventExecutorLoop-1-4] [INFO] i.l.c.p.ConnectionWatchdog - Reconnecting, last destination was localhost/<unresolved>:6379
2025-06-27 15:06:42.716 [lettuce-nioEventLoop-6-5] [WARN] i.l.c.p.ConnectionWatchdog - Cannot reconnect to [localhost/<unresolved>:6379]: Connection refused: getsockopt: localhost/127.0.0.1:6379
2025-06-27 15:06:42.716 [lettuce-nioEventLoop-6-6] [WARN] i.l.c.p.ConnectionWatchdog - Cannot reconnect to [localhost/<unresolved>:6379]: Connection refused: getsockopt: localhost/127.0.0.1:6379
2025-06-27 15:07:12.811 [lettuce-eventExecutorLoop-1-8] [INFO] i.l.c.p.ConnectionWatchdog - Reconnecting, last destination was localhost/<unresolved>:6379
2025-06-27 15:07:12.813 [lettuce-eventExecutorLoop-1-9] [INFO] i.l.c.p.ConnectionWatchdog - Reconnecting, last destination was localhost/<unresolved>:6379
2025-06-27 15:07:12.816 [lettuce-nioEventLoop-6-7] [WARN] i.l.c.p.ConnectionWatchdog - Cannot reconnect to [localhost/<unresolved>:6379]: Connection refused: getsockopt: localhost/127.0.0.1:6379
2025-06-27 15:07:12.817 [lettuce-eventExecutorLoop-1-9] [WARN] i.l.c.p.ConnectionWatchdog - Cannot reconnect to [localhost/<unresolved>:6379]: Connection refused: getsockopt: localhost/127.0.0.1:6379
2025-06-27 15:07:29.376 [HikariPool-1:connection-adder] [WARN] c.z.h.p.PoolBase - HikariPool-1 - Pool is empty, failed to create/setup connection (7a84db68-219d-4f06-82db-f4a59da499fa)
com.mysql.cj.jdbc.exceptions.CommunicationsException: Communications link failure

The last packet sent successfully to the server was 0 milliseconds ago. The driver has not received any packets from the server.
	at com.mysql.cj.jdbc.exceptions.SQLError.createCommunicationsException(SQLError.java:165)
	at com.mysql.cj.jdbc.exceptions.SQLExceptionsMapping.translateException(SQLExceptionsMapping.java:55)
	at com.mysql.cj.jdbc.ConnectionImpl.createNewIO(ConnectionImpl.java:837)
	at com.mysql.cj.jdbc.ConnectionImpl.<init>(ConnectionImpl.java:420)
	at com.mysql.cj.jdbc.ConnectionImpl.getInstance(ConnectionImpl.java:238)
	at com.mysql.cj.jdbc.NonRegisteringDriver.connect(NonRegisteringDriver.java:180)
	at com.zaxxer.hikari.util.DriverDataSource.getConnection(DriverDataSource.java:139)
	at com.zaxxer.hikari.pool.PoolBase.newConnection(PoolBase.java:368)
	at com.zaxxer.hikari.pool.PoolBase.newPoolEntry(PoolBase.java:205)
	at com.zaxxer.hikari.pool.HikariPool.createPoolEntry(HikariPool.java:483)
	at com.zaxxer.hikari.pool.HikariPool$PoolEntryCreator.call(HikariPool.java:747)
	at com.zaxxer.hikari.pool.HikariPool$PoolEntryCreator.call(HikariPool.java:726)
	at java.base/java.util.concurrent.FutureTask.run(FutureTask.java:264)
	at java.base/java.util.concurrent.ThreadPoolExecutor.runWorker(ThreadPoolExecutor.java:1136)
	at java.base/java.util.concurrent.ThreadPoolExecutor$Worker.run(ThreadPoolExecutor.java:635)
	at java.base/java.lang.Thread.run(Thread.java:840)
Caused by: com.mysql.cj.exceptions.CJCommunicationsException: Communications link failure

The last packet sent successfully to the server was 0 milliseconds ago. The driver has not received any packets from the server.
	at jdk.internal.reflect.GeneratedConstructorAccessor68.newInstance(Unknown Source)
	at java.base/jdk.internal.reflect.DelegatingConstructorAccessorImpl.newInstance(DelegatingConstructorAccessorImpl.java:45)
	at java.base/java.lang.reflect.Constructor.newInstanceWithCaller(Constructor.java:500)
	at java.base/java.lang.reflect.Constructor.newInstance(Constructor.java:481)
	at com.mysql.cj.exceptions.ExceptionFactory.createException(ExceptionFactory.java:52)
	at com.mysql.cj.exceptions.ExceptionFactory.createException(ExceptionFactory.java:95)
	at com.mysql.cj.exceptions.ExceptionFactory.createException(ExceptionFactory.java:140)
	at com.mysql.cj.exceptions.ExceptionFactory.createCommunicationsException(ExceptionFactory.java:156)
	at com.mysql.cj.protocol.a.NativeSocketConnection.connect(NativeSocketConnection.java:79)
	at com.mysql.cj.NativeSession.connect(NativeSession.java:142)
	at com.mysql.cj.jdbc.ConnectionImpl.connectOneTryOnly(ConnectionImpl.java:961)
	at com.mysql.cj.jdbc.ConnectionImpl.createNewIO(ConnectionImpl.java:825)
	... 13 common frames omitted
Caused by: java.net.ConnectException: Connection refused: getsockopt
	at java.base/sun.nio.ch.Net.pollConnect(Native Method)
	at java.base/sun.nio.ch.Net.pollConnectNow(Net.java:672)
	at java.base/sun.nio.ch.NioSocketImpl.timedFinishConnect(NioSocketImpl.java:547)
	at java.base/sun.nio.ch.NioSocketImpl.connect(NioSocketImpl.java:602)
	at java.base/java.net.SocksSocketImpl.connect(SocksSocketImpl.java:327)
	at java.base/java.net.Socket.connect(Socket.java:633)
	at com.mysql.cj.protocol.StandardSocketFactory.connect(StandardSocketFactory.java:144)
	at com.mysql.cj.protocol.a.NativeSocketConnection.connect(NativeSocketConnection.java:53)
	... 16 common frames omitted
2025-06-27 15:07:42.913 [lettuce-eventExecutorLoop-1-12] [INFO] i.l.c.p.ConnectionWatchdog - Reconnecting, last destination was localhost/<unresolved>:6379
2025-06-27 15:07:42.913 [lettuce-eventExecutorLoop-1-1] [INFO] i.l.c.p.ConnectionWatchdog - Reconnecting, last destination was localhost/<unresolved>:6379
2025-06-27 15:07:42.916 [lettuce-nioEventLoop-6-10] [WARN] i.l.c.p.ConnectionWatchdog - Cannot reconnect to [localhost/<unresolved>:6379]: Connection refused: getsockopt: localhost/127.0.0.1:6379
2025-06-27 15:07:42.928 [lettuce-nioEventLoop-6-9] [WARN] i.l.c.p.ConnectionWatchdog - Cannot reconnect to [localhost/<unresolved>:6379]: Connection refused: getsockopt: localhost/127.0.0.1:6379
2025-06-27 15:08:13.011 [lettuce-eventExecutorLoop-1-4] [INFO] i.l.c.p.ConnectionWatchdog - Reconnecting, last destination was localhost/<unresolved>:6379
2025-06-27 15:08:13.011 [lettuce-eventExecutorLoop-1-5] [INFO] i.l.c.p.ConnectionWatchdog - Reconnecting, last destination was localhost/<unresolved>:6379
2025-06-27 15:08:13.015 [lettuce-nioEventLoop-6-12] [WARN] i.l.c.p.ConnectionWatchdog - Cannot reconnect to [localhost/<unresolved>:6379]: Connection refused: getsockopt: localhost/127.0.0.1:6379
2025-06-27 15:08:13.015 [lettuce-nioEventLoop-6-11] [WARN] i.l.c.p.ConnectionWatchdog - Cannot reconnect to [localhost/<unresolved>:6379]: Connection refused: getsockopt: localhost/127.0.0.1:6379
2025-06-27 15:08:34.696 [HikariPool-1:connection-adder] [WARN] c.z.h.p.PoolBase - HikariPool-1 - Pool is empty, failed to create/setup connection (20b99e7c-ee20-4b21-ba9d-218cf25842eb)
com.mysql.cj.jdbc.exceptions.CommunicationsException: Communications link failure

The last packet sent successfully to the server was 0 milliseconds ago. The driver has not received any packets from the server.
	at com.mysql.cj.jdbc.exceptions.SQLError.createCommunicationsException(SQLError.java:165)
	at com.mysql.cj.jdbc.exceptions.SQLExceptionsMapping.translateException(SQLExceptionsMapping.java:55)
	at com.mysql.cj.jdbc.ConnectionImpl.createNewIO(ConnectionImpl.java:837)
	at com.mysql.cj.jdbc.ConnectionImpl.<init>(ConnectionImpl.java:420)
	at com.mysql.cj.jdbc.ConnectionImpl.getInstance(ConnectionImpl.java:238)
	at com.mysql.cj.jdbc.NonRegisteringDriver.connect(NonRegisteringDriver.java:180)
	at com.zaxxer.hikari.util.DriverDataSource.getConnection(DriverDataSource.java:139)
	at com.zaxxer.hikari.pool.PoolBase.newConnection(PoolBase.java:368)
	at com.zaxxer.hikari.pool.PoolBase.newPoolEntry(PoolBase.java:205)
	at com.zaxxer.hikari.pool.HikariPool.createPoolEntry(HikariPool.java:483)
	at com.zaxxer.hikari.pool.HikariPool$PoolEntryCreator.call(HikariPool.java:747)
	at com.zaxxer.hikari.pool.HikariPool$PoolEntryCreator.call(HikariPool.java:726)
	at java.base/java.util.concurrent.FutureTask.run(FutureTask.java:264)
	at java.base/java.util.concurrent.ThreadPoolExecutor.runWorker(ThreadPoolExecutor.java:1136)
	at java.base/java.util.concurrent.ThreadPoolExecutor$Worker.run(ThreadPoolExecutor.java:635)
	at java.base/java.lang.Thread.run(Thread.java:840)
Caused by: com.mysql.cj.exceptions.CJCommunicationsException: Communications link failure

The last packet sent successfully to the server was 0 milliseconds ago. The driver has not received any packets from the server.
	at jdk.internal.reflect.GeneratedConstructorAccessor68.newInstance(Unknown Source)
	at java.base/jdk.internal.reflect.DelegatingConstructorAccessorImpl.newInstance(DelegatingConstructorAccessorImpl.java:45)
	at java.base/java.lang.reflect.Constructor.newInstanceWithCaller(Constructor.java:500)
	at java.base/java.lang.reflect.Constructor.newInstance(Constructor.java:481)
	at com.mysql.cj.exceptions.ExceptionFactory.createException(ExceptionFactory.java:52)
	at com.mysql.cj.exceptions.ExceptionFactory.createException(ExceptionFactory.java:95)
	at com.mysql.cj.exceptions.ExceptionFactory.createException(ExceptionFactory.java:140)
	at com.mysql.cj.exceptions.ExceptionFactory.createCommunicationsException(ExceptionFactory.java:156)
	at com.mysql.cj.protocol.a.NativeSocketConnection.connect(NativeSocketConnection.java:79)
	at com.mysql.cj.NativeSession.connect(NativeSession.java:142)
	at com.mysql.cj.jdbc.ConnectionImpl.connectOneTryOnly(ConnectionImpl.java:961)
	at com.mysql.cj.jdbc.ConnectionImpl.createNewIO(ConnectionImpl.java:825)
	... 13 common frames omitted
Caused by: java.net.ConnectException: Connection refused: getsockopt
	at java.base/sun.nio.ch.Net.pollConnect(Native Method)
	at java.base/sun.nio.ch.Net.pollConnectNow(Net.java:672)
	at java.base/sun.nio.ch.NioSocketImpl.timedFinishConnect(NioSocketImpl.java:547)
	at java.base/sun.nio.ch.NioSocketImpl.connect(NioSocketImpl.java:602)
	at java.base/java.net.SocksSocketImpl.connect(SocksSocketImpl.java:327)
	at java.base/java.net.Socket.connect(Socket.java:633)
	at com.mysql.cj.protocol.StandardSocketFactory.connect(StandardSocketFactory.java:144)
	at com.mysql.cj.protocol.a.NativeSocketConnection.connect(NativeSocketConnection.java:53)
	... 16 common frames omitted
2025-06-27 15:08:43.121 [lettuce-eventExecutorLoop-1-9] [INFO] i.l.c.p.ConnectionWatchdog - Reconnecting, last destination was localhost/<unresolved>:6379
2025-06-27 15:08:43.121 [lettuce-eventExecutorLoop-1-8] [INFO] i.l.c.p.ConnectionWatchdog - Reconnecting, last destination was localhost/<unresolved>:6379
2025-06-27 15:08:43.124 [lettuce-nioEventLoop-6-1] [WARN] i.l.c.p.ConnectionWatchdog - Cannot reconnect to [localhost/<unresolved>:6379]: Connection refused: getsockopt: localhost/127.0.0.1:6379
2025-06-27 15:08:43.125 [lettuce-nioEventLoop-6-2] [WARN] i.l.c.p.ConnectionWatchdog - Cannot reconnect to [localhost/<unresolved>:6379]: Connection refused: getsockopt: localhost/127.0.0.1:6379
2025-06-27 15:09:13.217 [lettuce-eventExecutorLoop-1-1] [INFO] i.l.c.p.ConnectionWatchdog - Reconnecting, last destination was localhost/<unresolved>:6379
2025-06-27 15:09:13.218 [lettuce-eventExecutorLoop-1-12] [INFO] i.l.c.p.ConnectionWatchdog - Reconnecting, last destination was localhost/<unresolved>:6379
2025-06-27 15:09:13.221 [lettuce-nioEventLoop-6-4] [WARN] i.l.c.p.ConnectionWatchdog - Cannot reconnect to [localhost/<unresolved>:6379]: Connection refused: getsockopt: localhost/127.0.0.1:6379
2025-06-27 15:09:13.222 [lettuce-nioEventLoop-6-3] [WARN] i.l.c.p.ConnectionWatchdog - Cannot reconnect to [localhost/<unresolved>:6379]: Connection refused: getsockopt: localhost/127.0.0.1:6379
2025-06-27 15:09:39.997 [HikariPool-1:connection-adder] [WARN] c.z.h.p.PoolBase - HikariPool-1 - Pool is empty, failed to create/setup connection (209a9dad-f44e-478f-8c3e-373a9d3b4fc1)
com.mysql.cj.jdbc.exceptions.CommunicationsException: Communications link failure

The last packet sent successfully to the server was 0 milliseconds ago. The driver has not received any packets from the server.
	at com.mysql.cj.jdbc.exceptions.SQLError.createCommunicationsException(SQLError.java:165)
	at com.mysql.cj.jdbc.exceptions.SQLExceptionsMapping.translateException(SQLExceptionsMapping.java:55)
	at com.mysql.cj.jdbc.ConnectionImpl.createNewIO(ConnectionImpl.java:837)
	at com.mysql.cj.jdbc.ConnectionImpl.<init>(ConnectionImpl.java:420)
	at com.mysql.cj.jdbc.ConnectionImpl.getInstance(ConnectionImpl.java:238)
	at com.mysql.cj.jdbc.NonRegisteringDriver.connect(NonRegisteringDriver.java:180)
	at com.zaxxer.hikari.util.DriverDataSource.getConnection(DriverDataSource.java:139)
	at com.zaxxer.hikari.pool.PoolBase.newConnection(PoolBase.java:368)
	at com.zaxxer.hikari.pool.PoolBase.newPoolEntry(PoolBase.java:205)
	at com.zaxxer.hikari.pool.HikariPool.createPoolEntry(HikariPool.java:483)
	at com.zaxxer.hikari.pool.HikariPool$PoolEntryCreator.call(HikariPool.java:747)
	at com.zaxxer.hikari.pool.HikariPool$PoolEntryCreator.call(HikariPool.java:726)
	at java.base/java.util.concurrent.FutureTask.run(FutureTask.java:264)
	at java.base/java.util.concurrent.ThreadPoolExecutor.runWorker(ThreadPoolExecutor.java:1136)
	at java.base/java.util.concurrent.ThreadPoolExecutor$Worker.run(ThreadPoolExecutor.java:635)
	at java.base/java.lang.Thread.run(Thread.java:840)
Caused by: com.mysql.cj.exceptions.CJCommunicationsException: Communications link failure

The last packet sent successfully to the server was 0 milliseconds ago. The driver has not received any packets from the server.
	at jdk.internal.reflect.GeneratedConstructorAccessor68.newInstance(Unknown Source)
	at java.base/jdk.internal.reflect.DelegatingConstructorAccessorImpl.newInstance(DelegatingConstructorAccessorImpl.java:45)
	at java.base/java.lang.reflect.Constructor.newInstanceWithCaller(Constructor.java:500)
	at java.base/java.lang.reflect.Constructor.newInstance(Constructor.java:481)
	at com.mysql.cj.exceptions.ExceptionFactory.createException(ExceptionFactory.java:52)
	at com.mysql.cj.exceptions.ExceptionFactory.createException(ExceptionFactory.java:95)
	at com.mysql.cj.exceptions.ExceptionFactory.createException(ExceptionFactory.java:140)
	at com.mysql.cj.exceptions.ExceptionFactory.createCommunicationsException(ExceptionFactory.java:156)
	at com.mysql.cj.protocol.a.NativeSocketConnection.connect(NativeSocketConnection.java:79)
	at com.mysql.cj.NativeSession.connect(NativeSession.java:142)
	at com.mysql.cj.jdbc.ConnectionImpl.connectOneTryOnly(ConnectionImpl.java:961)
	at com.mysql.cj.jdbc.ConnectionImpl.createNewIO(ConnectionImpl.java:825)
	... 13 common frames omitted
Caused by: java.net.ConnectException: Connection refused: getsockopt
	at java.base/sun.nio.ch.Net.pollConnect(Native Method)
	at java.base/sun.nio.ch.Net.pollConnectNow(Net.java:672)
	at java.base/sun.nio.ch.NioSocketImpl.timedFinishConnect(NioSocketImpl.java:547)
	at java.base/sun.nio.ch.NioSocketImpl.connect(NioSocketImpl.java:602)
	at java.base/java.net.SocksSocketImpl.connect(SocksSocketImpl.java:327)
	at java.base/java.net.Socket.connect(Socket.java:633)
	at com.mysql.cj.protocol.StandardSocketFactory.connect(StandardSocketFactory.java:144)
	at com.mysql.cj.protocol.a.NativeSocketConnection.connect(NativeSocketConnection.java:53)
	... 16 common frames omitted
2025-06-27 15:09:43.323 [lettuce-eventExecutorLoop-1-4] [INFO] i.l.c.p.ConnectionWatchdog - Reconnecting, last destination was localhost/<unresolved>:6379
2025-06-27 15:09:43.323 [lettuce-eventExecutorLoop-1-5] [INFO] i.l.c.p.ConnectionWatchdog - Reconnecting, last destination was localhost/<unresolved>:6379
2025-06-27 15:09:43.325 [lettuce-nioEventLoop-6-5] [WARN] i.l.c.p.ConnectionWatchdog - Cannot reconnect to [localhost/<unresolved>:6379]: Connection refused: getsockopt: localhost/127.0.0.1:6379
2025-06-27 15:09:43.327 [lettuce-nioEventLoop-6-6] [WARN] i.l.c.p.ConnectionWatchdog - Cannot reconnect to [localhost/<unresolved>:6379]: Connection refused: getsockopt: localhost/127.0.0.1:6379
2025-06-27 15:10:13.410 [lettuce-eventExecutorLoop-1-8] [INFO] i.l.c.p.ConnectionWatchdog - Reconnecting, last destination was localhost/<unresolved>:6379
2025-06-27 15:10:13.410 [lettuce-eventExecutorLoop-1-9] [INFO] i.l.c.p.ConnectionWatchdog - Reconnecting, last destination was localhost/<unresolved>:6379
2025-06-27 15:10:13.414 [lettuce-nioEventLoop-6-7] [WARN] i.l.c.p.ConnectionWatchdog - Cannot reconnect to [localhost/<unresolved>:6379]: Connection refused: getsockopt: localhost/127.0.0.1:6379
2025-06-27 15:10:13.414 [lettuce-nioEventLoop-6-8] [WARN] i.l.c.p.ConnectionWatchdog - Cannot reconnect to [localhost/<unresolved>:6379]: Connection refused: getsockopt: localhost/127.0.0.1:6379
2025-06-27 15:10:43.513 [lettuce-eventExecutorLoop-1-1] [INFO] i.l.c.p.ConnectionWatchdog - Reconnecting, last destination was localhost/<unresolved>:6379
2025-06-27 15:10:43.513 [lettuce-eventExecutorLoop-1-12] [INFO] i.l.c.p.ConnectionWatchdog - Reconnecting, last destination was localhost/<unresolved>:6379
2025-06-27 15:10:43.515 [lettuce-nioEventLoop-6-9] [WARN] i.l.c.p.ConnectionWatchdog - Cannot reconnect to [localhost/<unresolved>:6379]: Connection refused: getsockopt: localhost/127.0.0.1:6379
2025-06-27 15:10:43.516 [lettuce-nioEventLoop-6-10] [WARN] i.l.c.p.ConnectionWatchdog - Cannot reconnect to [localhost/<unresolved>:6379]: Connection refused: getsockopt: localhost/127.0.0.1:6379
2025-06-27 15:10:45.240 [HikariPool-1:connection-adder] [WARN] c.z.h.p.PoolBase - HikariPool-1 - Pool is empty, failed to create/setup connection (db8e0d19-cb0a-468b-998d-bc6d00692f9b)
com.mysql.cj.jdbc.exceptions.CommunicationsException: Communications link failure

The last packet sent successfully to the server was 0 milliseconds ago. The driver has not received any packets from the server.
	at com.mysql.cj.jdbc.exceptions.SQLError.createCommunicationsException(SQLError.java:165)
	at com.mysql.cj.jdbc.exceptions.SQLExceptionsMapping.translateException(SQLExceptionsMapping.java:55)
	at com.mysql.cj.jdbc.ConnectionImpl.createNewIO(ConnectionImpl.java:837)
	at com.mysql.cj.jdbc.ConnectionImpl.<init>(ConnectionImpl.java:420)
	at com.mysql.cj.jdbc.ConnectionImpl.getInstance(ConnectionImpl.java:238)
	at com.mysql.cj.jdbc.NonRegisteringDriver.connect(NonRegisteringDriver.java:180)
	at com.zaxxer.hikari.util.DriverDataSource.getConnection(DriverDataSource.java:139)
	at com.zaxxer.hikari.pool.PoolBase.newConnection(PoolBase.java:368)
	at com.zaxxer.hikari.pool.PoolBase.newPoolEntry(PoolBase.java:205)
	at com.zaxxer.hikari.pool.HikariPool.createPoolEntry(HikariPool.java:483)
	at com.zaxxer.hikari.pool.HikariPool$PoolEntryCreator.call(HikariPool.java:747)
	at com.zaxxer.hikari.pool.HikariPool$PoolEntryCreator.call(HikariPool.java:726)
	at java.base/java.util.concurrent.FutureTask.run(FutureTask.java:264)
	at java.base/java.util.concurrent.ThreadPoolExecutor.runWorker(ThreadPoolExecutor.java:1136)
	at java.base/java.util.concurrent.ThreadPoolExecutor$Worker.run(ThreadPoolExecutor.java:635)
	at java.base/java.lang.Thread.run(Thread.java:840)
Caused by: com.mysql.cj.exceptions.CJCommunicationsException: Communications link failure

The last packet sent successfully to the server was 0 milliseconds ago. The driver has not received any packets from the server.
	at jdk.internal.reflect.GeneratedConstructorAccessor68.newInstance(Unknown Source)
	at java.base/jdk.internal.reflect.DelegatingConstructorAccessorImpl.newInstance(DelegatingConstructorAccessorImpl.java:45)
	at java.base/java.lang.reflect.Constructor.newInstanceWithCaller(Constructor.java:500)
	at java.base/java.lang.reflect.Constructor.newInstance(Constructor.java:481)
	at com.mysql.cj.exceptions.ExceptionFactory.createException(ExceptionFactory.java:52)
	at com.mysql.cj.exceptions.ExceptionFactory.createException(ExceptionFactory.java:95)
	at com.mysql.cj.exceptions.ExceptionFactory.createException(ExceptionFactory.java:140)
	at com.mysql.cj.exceptions.ExceptionFactory.createCommunicationsException(ExceptionFactory.java:156)
	at com.mysql.cj.protocol.a.NativeSocketConnection.connect(NativeSocketConnection.java:79)
	at com.mysql.cj.NativeSession.connect(NativeSession.java:142)
	at com.mysql.cj.jdbc.ConnectionImpl.connectOneTryOnly(ConnectionImpl.java:961)
	at com.mysql.cj.jdbc.ConnectionImpl.createNewIO(ConnectionImpl.java:825)
	... 13 common frames omitted
Caused by: java.net.ConnectException: Connection refused: getsockopt
	at java.base/sun.nio.ch.Net.pollConnect(Native Method)
	at java.base/sun.nio.ch.Net.pollConnectNow(Net.java:672)
	at java.base/sun.nio.ch.NioSocketImpl.timedFinishConnect(NioSocketImpl.java:547)
	at java.base/sun.nio.ch.NioSocketImpl.connect(NioSocketImpl.java:602)
	at java.base/java.net.SocksSocketImpl.connect(SocksSocketImpl.java:327)
	at java.base/java.net.Socket.connect(Socket.java:633)
	at com.mysql.cj.protocol.StandardSocketFactory.connect(StandardSocketFactory.java:144)
	at com.mysql.cj.protocol.a.NativeSocketConnection.connect(NativeSocketConnection.java:53)
	... 16 common frames omitted
2025-06-27 15:11:13.623 [lettuce-eventExecutorLoop-1-4] [INFO] i.l.c.p.ConnectionWatchdog - Reconnecting, last destination was localhost/<unresolved>:6379
2025-06-27 15:11:13.623 [lettuce-eventExecutorLoop-1-5] [INFO] i.l.c.p.ConnectionWatchdog - Reconnecting, last destination was localhost/<unresolved>:6379
2025-06-27 15:11:13.626 [lettuce-nioEventLoop-6-12] [WARN] i.l.c.p.ConnectionWatchdog - Cannot reconnect to [localhost/<unresolved>:6379]: Connection refused: getsockopt: localhost/127.0.0.1:6379
2025-06-27 15:11:13.626 [lettuce-nioEventLoop-6-11] [WARN] i.l.c.p.ConnectionWatchdog - Cannot reconnect to [localhost/<unresolved>:6379]: Connection refused: getsockopt: localhost/127.0.0.1:6379
2025-06-27 15:11:43.710 [lettuce-eventExecutorLoop-1-9] [INFO] i.l.c.p.ConnectionWatchdog - Reconnecting, last destination was localhost/<unresolved>:6379
2025-06-27 15:11:43.710 [lettuce-eventExecutorLoop-1-8] [INFO] i.l.c.p.ConnectionWatchdog - Reconnecting, last destination was localhost/<unresolved>:6379
2025-06-27 15:11:43.711 [lettuce-nioEventLoop-6-1] [WARN] i.l.c.p.ConnectionWatchdog - Cannot reconnect to [localhost/<unresolved>:6379]: Connection refused: getsockopt: localhost/127.0.0.1:6379
2025-06-27 15:11:43.712 [lettuce-nioEventLoop-6-2] [WARN] i.l.c.p.ConnectionWatchdog - Cannot reconnect to [localhost/<unresolved>:6379]: Connection refused: getsockopt: localhost/127.0.0.1:6379
2025-06-27 15:11:50.551 [HikariPool-1:connection-adder] [WARN] c.z.h.p.PoolBase - HikariPool-1 - Pool is empty, failed to create/setup connection (54c4322a-4037-419a-a7a3-909dca5df34f)
com.mysql.cj.jdbc.exceptions.CommunicationsException: Communications link failure

The last packet sent successfully to the server was 0 milliseconds ago. The driver has not received any packets from the server.
	at com.mysql.cj.jdbc.exceptions.SQLError.createCommunicationsException(SQLError.java:165)
	at com.mysql.cj.jdbc.exceptions.SQLExceptionsMapping.translateException(SQLExceptionsMapping.java:55)
	at com.mysql.cj.jdbc.ConnectionImpl.createNewIO(ConnectionImpl.java:837)
	at com.mysql.cj.jdbc.ConnectionImpl.<init>(ConnectionImpl.java:420)
	at com.mysql.cj.jdbc.ConnectionImpl.getInstance(ConnectionImpl.java:238)
	at com.mysql.cj.jdbc.NonRegisteringDriver.connect(NonRegisteringDriver.java:180)
	at com.zaxxer.hikari.util.DriverDataSource.getConnection(DriverDataSource.java:139)
	at com.zaxxer.hikari.pool.PoolBase.newConnection(PoolBase.java:368)
	at com.zaxxer.hikari.pool.PoolBase.newPoolEntry(PoolBase.java:205)
	at com.zaxxer.hikari.pool.HikariPool.createPoolEntry(HikariPool.java:483)
	at com.zaxxer.hikari.pool.HikariPool$PoolEntryCreator.call(HikariPool.java:747)
	at com.zaxxer.hikari.pool.HikariPool$PoolEntryCreator.call(HikariPool.java:726)
	at java.base/java.util.concurrent.FutureTask.run(FutureTask.java:264)
	at java.base/java.util.concurrent.ThreadPoolExecutor.runWorker(ThreadPoolExecutor.java:1136)
	at java.base/java.util.concurrent.ThreadPoolExecutor$Worker.run(ThreadPoolExecutor.java:635)
	at java.base/java.lang.Thread.run(Thread.java:840)
Caused by: com.mysql.cj.exceptions.CJCommunicationsException: Communications link failure

The last packet sent successfully to the server was 0 milliseconds ago. The driver has not received any packets from the server.
	at jdk.internal.reflect.GeneratedConstructorAccessor68.newInstance(Unknown Source)
	at java.base/jdk.internal.reflect.DelegatingConstructorAccessorImpl.newInstance(DelegatingConstructorAccessorImpl.java:45)
	at java.base/java.lang.reflect.Constructor.newInstanceWithCaller(Constructor.java:500)
	at java.base/java.lang.reflect.Constructor.newInstance(Constructor.java:481)
	at com.mysql.cj.exceptions.ExceptionFactory.createException(ExceptionFactory.java:52)
	at com.mysql.cj.exceptions.ExceptionFactory.createException(ExceptionFactory.java:95)
	at com.mysql.cj.exceptions.ExceptionFactory.createException(ExceptionFactory.java:140)
	at com.mysql.cj.exceptions.ExceptionFactory.createCommunicationsException(ExceptionFactory.java:156)
	at com.mysql.cj.protocol.a.NativeSocketConnection.connect(NativeSocketConnection.java:79)
	at com.mysql.cj.NativeSession.connect(NativeSession.java:142)
	at com.mysql.cj.jdbc.ConnectionImpl.connectOneTryOnly(ConnectionImpl.java:961)
	at com.mysql.cj.jdbc.ConnectionImpl.createNewIO(ConnectionImpl.java:825)
	... 13 common frames omitted
Caused by: java.net.ConnectException: Connection refused: getsockopt
	at java.base/sun.nio.ch.Net.pollConnect(Native Method)
	at java.base/sun.nio.ch.Net.pollConnectNow(Net.java:672)
	at java.base/sun.nio.ch.NioSocketImpl.timedFinishConnect(NioSocketImpl.java:547)
	at java.base/sun.nio.ch.NioSocketImpl.connect(NioSocketImpl.java:602)
	at java.base/java.net.SocksSocketImpl.connect(SocksSocketImpl.java:327)
	at java.base/java.net.Socket.connect(Socket.java:633)
	at com.mysql.cj.protocol.StandardSocketFactory.connect(StandardSocketFactory.java:144)
	at com.mysql.cj.protocol.a.NativeSocketConnection.connect(NativeSocketConnection.java:53)
	... 16 common frames omitted
2025-06-27 15:12:13.815 [lettuce-eventExecutorLoop-1-12] [INFO] i.l.c.p.ConnectionWatchdog - Reconnecting, last destination was localhost/<unresolved>:6379
2025-06-27 15:12:13.815 [lettuce-eventExecutorLoop-1-1] [INFO] i.l.c.p.ConnectionWatchdog - Reconnecting, last destination was localhost/<unresolved>:6379
2025-06-27 15:12:13.818 [lettuce-nioEventLoop-6-3] [WARN] i.l.c.p.ConnectionWatchdog - Cannot reconnect to [localhost/<unresolved>:6379]: Connection refused: getsockopt: localhost/127.0.0.1:6379
2025-06-27 15:12:13.818 [lettuce-eventExecutorLoop-1-1] [WARN] i.l.c.p.ConnectionWatchdog - Cannot reconnect to [localhost/<unresolved>:6379]: Connection refused: getsockopt: localhost/127.0.0.1:6379
2025-06-27 15:12:43.911 [lettuce-eventExecutorLoop-1-5] [INFO] i.l.c.p.ConnectionWatchdog - Reconnecting, last destination was localhost/<unresolved>:6379
2025-06-27 15:12:43.911 [lettuce-eventExecutorLoop-1-4] [INFO] i.l.c.p.ConnectionWatchdog - Reconnecting, last destination was localhost/<unresolved>:6379
2025-06-27 15:12:43.915 [lettuce-nioEventLoop-6-5] [WARN] i.l.c.p.ConnectionWatchdog - Cannot reconnect to [localhost/<unresolved>:6379]: Connection refused: getsockopt: localhost/127.0.0.1:6379
2025-06-27 15:12:43.915 [lettuce-nioEventLoop-6-6] [WARN] i.l.c.p.ConnectionWatchdog - Cannot reconnect to [localhost/<unresolved>:6379]: Connection refused: getsockopt: localhost/127.0.0.1:6379
2025-06-27 15:12:55.857 [HikariPool-1:connection-adder] [WARN] c.z.h.p.PoolBase - HikariPool-1 - Pool is empty, failed to create/setup connection (ff721aab-4257-4289-913b-3dd0b54f804c)
com.mysql.cj.jdbc.exceptions.CommunicationsException: Communications link failure

The last packet sent successfully to the server was 0 milliseconds ago. The driver has not received any packets from the server.
	at com.mysql.cj.jdbc.exceptions.SQLError.createCommunicationsException(SQLError.java:165)
	at com.mysql.cj.jdbc.exceptions.SQLExceptionsMapping.translateException(SQLExceptionsMapping.java:55)
	at com.mysql.cj.jdbc.ConnectionImpl.createNewIO(ConnectionImpl.java:837)
	at com.mysql.cj.jdbc.ConnectionImpl.<init>(ConnectionImpl.java:420)
	at com.mysql.cj.jdbc.ConnectionImpl.getInstance(ConnectionImpl.java:238)
	at com.mysql.cj.jdbc.NonRegisteringDriver.connect(NonRegisteringDriver.java:180)
	at com.zaxxer.hikari.util.DriverDataSource.getConnection(DriverDataSource.java:139)
	at com.zaxxer.hikari.pool.PoolBase.newConnection(PoolBase.java:368)
	at com.zaxxer.hikari.pool.PoolBase.newPoolEntry(PoolBase.java:205)
	at com.zaxxer.hikari.pool.HikariPool.createPoolEntry(HikariPool.java:483)
	at com.zaxxer.hikari.pool.HikariPool$PoolEntryCreator.call(HikariPool.java:747)
	at com.zaxxer.hikari.pool.HikariPool$PoolEntryCreator.call(HikariPool.java:726)
	at java.base/java.util.concurrent.FutureTask.run(FutureTask.java:264)
	at java.base/java.util.concurrent.ThreadPoolExecutor.runWorker(ThreadPoolExecutor.java:1136)
	at java.base/java.util.concurrent.ThreadPoolExecutor$Worker.run(ThreadPoolExecutor.java:635)
	at java.base/java.lang.Thread.run(Thread.java:840)
Caused by: com.mysql.cj.exceptions.CJCommunicationsException: Communications link failure

The last packet sent successfully to the server was 0 milliseconds ago. The driver has not received any packets from the server.
	at jdk.internal.reflect.GeneratedConstructorAccessor68.newInstance(Unknown Source)
	at java.base/jdk.internal.reflect.DelegatingConstructorAccessorImpl.newInstance(DelegatingConstructorAccessorImpl.java:45)
	at java.base/java.lang.reflect.Constructor.newInstanceWithCaller(Constructor.java:500)
	at java.base/java.lang.reflect.Constructor.newInstance(Constructor.java:481)
	at com.mysql.cj.exceptions.ExceptionFactory.createException(ExceptionFactory.java:52)
	at com.mysql.cj.exceptions.ExceptionFactory.createException(ExceptionFactory.java:95)
	at com.mysql.cj.exceptions.ExceptionFactory.createException(ExceptionFactory.java:140)
	at com.mysql.cj.exceptions.ExceptionFactory.createCommunicationsException(ExceptionFactory.java:156)
	at com.mysql.cj.protocol.a.NativeSocketConnection.connect(NativeSocketConnection.java:79)
	at com.mysql.cj.NativeSession.connect(NativeSession.java:142)
	at com.mysql.cj.jdbc.ConnectionImpl.connectOneTryOnly(ConnectionImpl.java:961)
	at com.mysql.cj.jdbc.ConnectionImpl.createNewIO(ConnectionImpl.java:825)
	... 13 common frames omitted
Caused by: java.net.ConnectException: Connection refused: getsockopt
	at java.base/sun.nio.ch.Net.pollConnect(Native Method)
	at java.base/sun.nio.ch.Net.pollConnectNow(Net.java:672)
	at java.base/sun.nio.ch.NioSocketImpl.timedFinishConnect(NioSocketImpl.java:547)
	at java.base/sun.nio.ch.NioSocketImpl.connect(NioSocketImpl.java:602)
	at java.base/java.net.SocksSocketImpl.connect(SocksSocketImpl.java:327)
	at java.base/java.net.Socket.connect(Socket.java:633)
	at com.mysql.cj.protocol.StandardSocketFactory.connect(StandardSocketFactory.java:144)
	at com.mysql.cj.protocol.a.NativeSocketConnection.connect(NativeSocketConnection.java:53)
	... 16 common frames omitted
2025-06-27 15:12:56.877 [SpringApplicationShutdownHook] [INFO] o.s.b.w.e.t.GracefulShutdown - Commencing graceful shutdown. Waiting for active requests to complete
2025-06-27 15:12:57.200 [tomcat-shutdown] [INFO] o.s.b.w.e.t.GracefulShutdown - Graceful shutdown complete
2025-06-27 15:12:57.220 [SpringApplicationShutdownHook] [INFO] o.s.m.s.b.SimpleBrokerMessageHandler - Stopping...
2025-06-27 15:12:57.220 [SpringApplicationShutdownHook] [INFO] o.s.m.s.b.SimpleBrokerMessageHandler - BrokerAvailabilityEvent[available=false, SimpleBrokerMessageHandler [org.springframework.messaging.simp.broker.DefaultSubscriptionRegistry@125c3d0]]
2025-06-27 15:12:57.220 [SpringApplicationShutdownHook] [INFO] o.s.m.s.b.SimpleBrokerMessageHandler - Stopped.
2025-06-27 15:12:57.354 [SpringApplicationShutdownHook] [INFO] o.s.o.j.LocalContainerEntityManagerFactoryBean - Closing JPA EntityManagerFactory for persistence unit 'default'
2025-06-27 15:12:57.360 [SpringApplicationShutdownHook] [INFO] c.z.h.HikariDataSource - HikariPool-1 - Shutdown initiated...
2025-06-27 15:13:00.870 [SpringApplicationShutdownHook] [INFO] c.z.h.HikariDataSource - HikariPool-1 - Shutdown completed.
2025-06-27 15:46:00.904 [restartedMain] [INFO] o.e.b.BackendProjectApplication - Starting BackendProjectApplication using Java 17.0.12 with PID 14324 (C:\backend5\backendProject\build\classes\java\main started by win11 in C:\backend5)
2025-06-27 15:46:00.905 [restartedMain] [INFO] o.e.b.BackendProjectApplication - The following 1 profile is active: "dev"
2025-06-27 15:46:00.953 [restartedMain] [INFO] o.s.b.d.e.DevToolsPropertyDefaultsPostProcessor - Devtools property defaults active! Set 'spring.devtools.add-properties' to 'false' to disable
2025-06-27 15:46:00.953 [restartedMain] [INFO] o.s.b.d.e.DevToolsPropertyDefaultsPostProcessor - For additional web related logging consider setting the 'logging.level.web' property to 'DEBUG'
2025-06-27 15:46:02.540 [restartedMain] [INFO] o.s.d.r.c.RepositoryConfigurationDelegate - Multiple Spring Data modules found, entering strict repository configuration mode
2025-06-27 15:46:02.541 [restartedMain] [INFO] o.s.d.r.c.RepositoryConfigurationDelegate - Bootstrapping Spring Data JPA repositories in DEFAULT mode.
2025-06-27 15:46:02.727 [restartedMain] [INFO] o.s.d.r.c.RepositoryConfigurationDelegate - Finished Spring Data repository scanning in 176 ms. Found 5 JPA repository interfaces.
2025-06-27 15:46:02.745 [restartedMain] [INFO] o.s.d.r.c.RepositoryConfigurationDelegate - Multiple Spring Data modules found, entering strict repository configuration mode
2025-06-27 15:46:02.747 [restartedMain] [INFO] o.s.d.r.c.RepositoryConfigurationDelegate - Bootstrapping Spring Data Redis repositories in DEFAULT mode.
2025-06-27 15:46:02.774 [restartedMain] [INFO] o.s.d.r.c.RepositoryConfigurationExtensionSupport - Spring Data Redis - Could not safely identify store assignment for repository candidate interface org.example.backendproject.Auth.repository.AuthRepository; If you want this repository to be a Redis repository, consider annotating your entities with one of these annotations: org.springframework.data.redis.core.RedisHash (preferred), or consider extending one of the following types with your repository: org.springframework.data.keyvalue.repository.KeyValueRepository
2025-06-27 15:46:02.776 [restartedMain] [INFO] o.s.d.r.c.RepositoryConfigurationExtensionSupport - Spring Data Redis - Could not safely identify store assignment for repository candidate interface org.example.backendproject.board.repository.BoardRepository; If you want this repository to be a Redis repository, consider annotating your entities with one of these annotations: org.springframework.data.redis.core.RedisHash (preferred), or consider extending one of the following types with your repository: org.springframework.data.keyvalue.repository.KeyValueRepository
2025-06-27 15:46:02.776 [restartedMain] [INFO] o.s.d.r.c.RepositoryConfigurationExtensionSupport - Spring Data Redis - Could not safely identify store assignment for repository candidate interface org.example.backendproject.comment.repository.CommentRepository; If you want this repository to be a Redis repository, consider annotating your entities with one of these annotations: org.springframework.data.redis.core.RedisHash (preferred), or consider extending one of the following types with your repository: org.springframework.data.keyvalue.repository.KeyValueRepository
2025-06-27 15:46:02.777 [restartedMain] [INFO] o.s.d.r.c.RepositoryConfigurationExtensionSupport - Spring Data Redis - Could not safely identify store assignment for repository candidate interface org.example.backendproject.purewebsocket.room.repository.RoomRepository; If you want this repository to be a Redis repository, consider annotating your entities with one of these annotations: org.springframework.data.redis.core.RedisHash (preferred), or consider extending one of the following types with your repository: org.springframework.data.keyvalue.repository.KeyValueRepository
2025-06-27 15:46:02.777 [restartedMain] [INFO] o.s.d.r.c.RepositoryConfigurationExtensionSupport - Spring Data Redis - Could not safely identify store assignment for repository candidate interface org.example.backendproject.user.repository.UserRepository; If you want this repository to be a Redis repository, consider annotating your entities with one of these annotations: org.springframework.data.redis.core.RedisHash (preferred), or consider extending one of the following types with your repository: org.springframework.data.keyvalue.repository.KeyValueRepository
2025-06-27 15:46:02.777 [restartedMain] [INFO] o.s.d.r.c.RepositoryConfigurationDelegate - Finished Spring Data repository scanning in 19 ms. Found 0 Redis repository interfaces.
2025-06-27 15:46:03.474 [restartedMain] [INFO] o.s.b.w.e.t.TomcatWebServer - Tomcat initialized with port 8080 (http)
2025-06-27 15:46:03.490 [restartedMain] [INFO] o.a.c.h.Http11NioProtocol - Initializing ProtocolHandler ["http-nio-8080"]
2025-06-27 15:46:03.493 [restartedMain] [INFO] o.a.c.c.StandardService - Starting service [Tomcat]
2025-06-27 15:46:03.493 [restartedMain] [INFO] o.a.c.c.StandardEngine - Starting Servlet engine: [Apache Tomcat/10.1.41]
2025-06-27 15:46:03.557 [restartedMain] [INFO] o.a.c.c.C.[.[.[/] - Initializing Spring embedded WebApplicationContext
2025-06-27 15:46:03.558 [restartedMain] [INFO] o.s.b.w.s.c.ServletWebServerApplicationContext - Root WebApplicationContext: initialization completed in 2603 ms
2025-06-27 15:46:03.834 [restartedMain] [INFO] o.h.j.i.u.LogHelper - HHH000204: Processing PersistenceUnitInfo [name: default]
2025-06-27 15:46:03.914 [restartedMain] [INFO] o.h.Version - HHH000412: Hibernate ORM core version 6.6.15.Final
2025-06-27 15:46:03.952 [restartedMain] [INFO] o.h.c.i.RegionFactoryInitiator - HHH000026: Second-level cache disabled
2025-06-27 15:46:04.241 [restartedMain] [INFO] o.s.o.j.p.SpringPersistenceUnitInfo - No LoadTimeWeaver setup: ignoring JPA class transformer
2025-06-27 15:46:04.283 [restartedMain] [INFO] c.z.h.HikariDataSource - HikariPool-1 - Starting...
2025-06-27 15:46:05.454 [restartedMain] [WARN] o.h.e.j.s.SqlExceptionHelper - SQL Error: 0, SQLState: 08S01
2025-06-27 15:46:05.454 [restartedMain] [ERROR] o.h.e.j.s.SqlExceptionHelper - Communications link failure

The last packet sent successfully to the server was 0 milliseconds ago. The driver has not received any packets from the server.
2025-06-27 15:46:05.455 [restartedMain] [WARN] o.h.e.j.e.i.JdbcEnvironmentInitiator - HHH000342: Could not obtain connection to query metadata
org.hibernate.exception.JDBCConnectionException: unable to obtain isolated JDBC connection [Communications link failure

The last packet sent successfully to the server was 0 milliseconds ago. The driver has not received any packets from the server.] [n/a]
	at org.hibernate.exception.internal.SQLStateConversionDelegate.convert(SQLStateConversionDelegate.java:100)
	at org.hibernate.exception.internal.StandardSQLExceptionConverter.convert(StandardSQLExceptionConverter.java:58)
	at org.hibernate.engine.jdbc.spi.SqlExceptionHelper.convert(SqlExceptionHelper.java:108)
	at org.hibernate.engine.jdbc.spi.SqlExceptionHelper.convert(SqlExceptionHelper.java:94)
	at org.hibernate.resource.transaction.backend.jdbc.internal.JdbcIsolationDelegate.delegateWork(JdbcIsolationDelegate.java:116)
	at org.hibernate.engine.jdbc.env.internal.JdbcEnvironmentInitiator.getJdbcEnvironmentUsingJdbcMetadata(JdbcEnvironmentInitiator.java:336)
	at org.hibernate.engine.jdbc.env.internal.JdbcEnvironmentInitiator.initiateService(JdbcEnvironmentInitiator.java:129)
	at org.hibernate.engine.jdbc.env.internal.JdbcEnvironmentInitiator.initiateService(JdbcEnvironmentInitiator.java:81)
	at org.hibernate.boot.registry.internal.StandardServiceRegistryImpl.initiateService(StandardServiceRegistryImpl.java:130)
	at org.hibernate.service.internal.AbstractServiceRegistryImpl.createService(AbstractServiceRegistryImpl.java:263)
	at org.hibernate.service.internal.AbstractServiceRegistryImpl.initializeService(AbstractServiceRegistryImpl.java:238)
	at org.hibernate.service.internal.AbstractServiceRegistryImpl.getService(AbstractServiceRegistryImpl.java:215)
	at org.hibernate.boot.model.relational.Database.<init>(Database.java:45)
	at org.hibernate.boot.internal.InFlightMetadataCollectorImpl.getDatabase(InFlightMetadataCollectorImpl.java:226)
	at org.hibernate.boot.internal.InFlightMetadataCollectorImpl.<init>(InFlightMetadataCollectorImpl.java:194)
	at org.hibernate.boot.model.process.spi.MetadataBuildingProcess.complete(MetadataBuildingProcess.java:171)
	at org.hibernate.jpa.boot.internal.EntityManagerFactoryBuilderImpl.metadata(EntityManagerFactoryBuilderImpl.java:1442)
	at org.hibernate.jpa.boot.internal.EntityManagerFactoryBuilderImpl.build(EntityManagerFactoryBuilderImpl.java:1513)
	at org.springframework.orm.jpa.vendor.SpringHibernateJpaPersistenceProvider.createContainerEntityManagerFactory(SpringHibernateJpaPersistenceProvider.java:66)
	at org.springframework.orm.jpa.LocalContainerEntityManagerFactoryBean.createNativeEntityManagerFactory(LocalContainerEntityManagerFactoryBean.java:390)
	at org.springframework.orm.jpa.AbstractEntityManagerFactoryBean.buildNativeEntityManagerFactory(AbstractEntityManagerFactoryBean.java:419)
	at org.springframework.orm.jpa.AbstractEntityManagerFactoryBean.afterPropertiesSet(AbstractEntityManagerFactoryBean.java:400)
	at org.springframework.orm.jpa.LocalContainerEntityManagerFactoryBean.afterPropertiesSet(LocalContainerEntityManagerFactoryBean.java:366)
	at org.springframework.beans.factory.support.AbstractAutowireCapableBeanFactory.invokeInitMethods(AbstractAutowireCapableBeanFactory.java:1873)
	at org.springframework.beans.factory.support.AbstractAutowireCapableBeanFactory.initializeBean(AbstractAutowireCapableBeanFactory.java:1822)
	at org.springframework.beans.factory.support.AbstractAutowireCapableBeanFactory.doCreateBean(AbstractAutowireCapableBeanFactory.java:607)
	at org.springframework.beans.factory.support.AbstractAutowireCapableBeanFactory.createBean(AbstractAutowireCapableBeanFactory.java:529)
	at org.springframework.beans.factory.support.AbstractBeanFactory.lambda$doGetBean$0(AbstractBeanFactory.java:339)
	at org.springframework.beans.factory.support.DefaultSingletonBeanRegistry.getSingleton(DefaultSingletonBeanRegistry.java:373)
	at org.springframework.beans.factory.support.AbstractBeanFactory.doGetBean(AbstractBeanFactory.java:337)
	at org.springframework.beans.factory.support.AbstractBeanFactory.getBean(AbstractBeanFactory.java:202)
	at org.springframework.beans.factory.support.BeanDefinitionValueResolver.resolveReference(BeanDefinitionValueResolver.java:365)
	at org.springframework.beans.factory.support.BeanDefinitionValueResolver.resolveValueIfNecessary(BeanDefinitionValueResolver.java:135)
	at org.springframework.beans.factory.support.ConstructorResolver.resolveConstructorArguments(ConstructorResolver.java:691)
	at org.springframework.beans.factory.support.ConstructorResolver.instantiateUsingFactoryMethod(ConstructorResolver.java:513)
	at org.springframework.beans.factory.support.AbstractAutowireCapableBeanFactory.instantiateUsingFactoryMethod(AbstractAutowireCapableBeanFactory.java:1375)
	at org.springframework.beans.factory.support.AbstractAutowireCapableBeanFactory.createBeanInstance(AbstractAutowireCapableBeanFactory.java:1205)
	at org.springframework.beans.factory.support.AbstractAutowireCapableBeanFactory.doCreateBean(AbstractAutowireCapableBeanFactory.java:569)
	at org.springframework.beans.factory.support.AbstractAutowireCapableBeanFactory.createBean(AbstractAutowireCapableBeanFactory.java:529)
	at org.springframework.beans.factory.support.AbstractBeanFactory.lambda$doGetBean$0(AbstractBeanFactory.java:339)
	at org.springframework.beans.factory.support.DefaultSingletonBeanRegistry.getSingleton(DefaultSingletonBeanRegistry.java:373)
	at org.springframework.beans.factory.support.AbstractBeanFactory.doGetBean(AbstractBeanFactory.java:337)
	at org.springframework.beans.factory.support.AbstractBeanFactory.getBean(AbstractBeanFactory.java:202)
	at org.springframework.beans.factory.support.BeanDefinitionValueResolver.resolveReference(BeanDefinitionValueResolver.java:365)
	at org.springframework.beans.factory.support.BeanDefinitionValueResolver.resolveValueIfNecessary(BeanDefinitionValueResolver.java:135)
	at org.springframework.beans.factory.support.AbstractAutowireCapableBeanFactory.applyPropertyValues(AbstractAutowireCapableBeanFactory.java:1725)
	at org.springframework.beans.factory.support.AbstractAutowireCapableBeanFactory.populateBean(AbstractAutowireCapableBeanFactory.java:1474)
	at org.springframework.beans.factory.support.AbstractAutowireCapableBeanFactory.doCreateBean(AbstractAutowireCapableBeanFactory.java:606)
	at org.springframework.beans.factory.support.AbstractAutowireCapableBeanFactory.createBean(AbstractAutowireCapableBeanFactory.java:529)
	at org.springframework.beans.factory.support.AbstractBeanFactory.lambda$doGetBean$0(AbstractBeanFactory.java:339)
	at org.springframework.beans.factory.support.DefaultSingletonBeanRegistry.getSingleton(DefaultSingletonBeanRegistry.java:373)
	at org.springframework.beans.factory.support.AbstractBeanFactory.doGetBean(AbstractBeanFactory.java:337)
	at org.springframework.beans.factory.support.AbstractBeanFactory.getBean(AbstractBeanFactory.java:202)
	at org.springframework.beans.factory.support.DefaultListableBeanFactory.doResolveDependency(DefaultListableBeanFactory.java:1682)
	at org.springframework.beans.factory.support.DefaultListableBeanFactory.resolveDependency(DefaultListableBeanFactory.java:1628)
	at org.springframework.beans.factory.support.ConstructorResolver.resolveAutowiredArgument(ConstructorResolver.java:913)
	at org.springframework.beans.factory.support.ConstructorResolver.createArgumentArray(ConstructorResolver.java:791)
	at org.springframework.beans.factory.support.ConstructorResolver.autowireConstructor(ConstructorResolver.java:240)
	at org.springframework.beans.factory.support.AbstractAutowireCapableBeanFactory.autowireConstructor(AbstractAutowireCapableBeanFactory.java:1395)
	at org.springframework.beans.factory.support.AbstractAutowireCapableBeanFactory.createBeanInstance(AbstractAutowireCapableBeanFactory.java:1232)
	at org.springframework.beans.factory.support.AbstractAutowireCapableBeanFactory.doCreateBean(AbstractAutowireCapableBeanFactory.java:569)
	at org.springframework.beans.factory.support.AbstractAutowireCapableBeanFactory.createBean(AbstractAutowireCapableBeanFactory.java:529)
	at org.springframework.beans.factory.support.AbstractBeanFactory.lambda$doGetBean$0(AbstractBeanFactory.java:339)
	at org.springframework.beans.factory.support.DefaultSingletonBeanRegistry.getSingleton(DefaultSingletonBeanRegistry.java:373)
	at org.springframework.beans.factory.support.AbstractBeanFactory.doGetBean(AbstractBeanFactory.java:337)
	at org.springframework.beans.factory.support.AbstractBeanFactory.getBean(AbstractBeanFactory.java:202)
	at org.springframework.beans.factory.support.DefaultListableBeanFactory.doResolveDependency(DefaultListableBeanFactory.java:1682)
	at org.springframework.beans.factory.support.DefaultListableBeanFactory.resolveDependency(DefaultListableBeanFactory.java:1628)
	at org.springframework.beans.factory.support.ConstructorResolver.resolveAutowiredArgument(ConstructorResolver.java:913)
	at org.springframework.beans.factory.support.ConstructorResolver.createArgumentArray(ConstructorResolver.java:791)
	at org.springframework.beans.factory.support.ConstructorResolver.autowireConstructor(ConstructorResolver.java:240)
	at org.springframework.beans.factory.support.AbstractAutowireCapableBeanFactory.autowireConstructor(AbstractAutowireCapableBeanFactory.java:1395)
	at org.springframework.beans.factory.support.AbstractAutowireCapableBeanFactory.createBeanInstance(AbstractAutowireCapableBeanFactory.java:1232)
	at org.springframework.beans.factory.support.AbstractAutowireCapableBeanFactory.doCreateBean(AbstractAutowireCapableBeanFactory.java:569)
	at org.springframework.beans.factory.support.AbstractAutowireCapableBeanFactory.createBean(AbstractAutowireCapableBeanFactory.java:529)
	at org.springframework.beans.factory.support.AbstractBeanFactory.lambda$doGetBean$0(AbstractBeanFactory.java:339)
	at org.springframework.beans.factory.support.DefaultSingletonBeanRegistry.getSingleton(DefaultSingletonBeanRegistry.java:373)
	at org.springframework.beans.factory.support.AbstractBeanFactory.doGetBean(AbstractBeanFactory.java:337)
	at org.springframework.beans.factory.support.AbstractBeanFactory.getBean(AbstractBeanFactory.java:207)
	at org.springframework.boot.web.servlet.ServletContextInitializerBeans.getOrderedBeansOfType(ServletContextInitializerBeans.java:230)
	at org.springframework.boot.web.servlet.ServletContextInitializerBeans.addAsRegistrationBean(ServletContextInitializerBeans.java:184)
	at org.springframework.boot.web.servlet.ServletContextInitializerBeans.addAsRegistrationBean(ServletContextInitializerBeans.java:179)
	at org.springframework.boot.web.servlet.ServletContextInitializerBeans.addAdaptableBeans(ServletContextInitializerBeans.java:164)
	at org.springframework.boot.web.servlet.ServletContextInitializerBeans.<init>(ServletContextInitializerBeans.java:96)
	at org.springframework.boot.web.servlet.context.ServletWebServerApplicationContext.getServletContextInitializerBeans(ServletWebServerApplicationContext.java:271)
	at org.springframework.boot.web.servlet.context.ServletWebServerApplicationContext.selfInitialize(ServletWebServerApplicationContext.java:245)
	at org.springframework.boot.web.embedded.tomcat.TomcatStarter.onStartup(TomcatStarter.java:52)
	at org.apache.catalina.core.StandardContext.startInternal(StandardContext.java:4464)
	at org.apache.catalina.util.LifecycleBase.start(LifecycleBase.java:164)
	at org.apache.catalina.core.ContainerBase$StartChild.call(ContainerBase.java:1203)
	at org.apache.catalina.core.ContainerBase$StartChild.call(ContainerBase.java:1193)
	at java.base/java.util.concurrent.FutureTask.run(FutureTask.java:264)
	at org.apache.tomcat.util.threads.InlineExecutorService.execute(InlineExecutorService.java:75)
	at java.base/java.util.concurrent.AbstractExecutorService.submit(AbstractExecutorService.java:145)
	at org.apache.catalina.core.ContainerBase.startInternal(ContainerBase.java:749)
	at org.apache.catalina.core.StandardHost.startInternal(StandardHost.java:772)
	at org.apache.catalina.util.LifecycleBase.start(LifecycleBase.java:164)
	at org.apache.catalina.core.ContainerBase$StartChild.call(ContainerBase.java:1203)
	at org.apache.catalina.core.ContainerBase$StartChild.call(ContainerBase.java:1193)
	at java.base/java.util.concurrent.FutureTask.run(FutureTask.java:264)
	at org.apache.tomcat.util.threads.InlineExecutorService.execute(InlineExecutorService.java:75)
	at java.base/java.util.concurrent.AbstractExecutorService.submit(AbstractExecutorService.java:145)
	at org.apache.catalina.core.ContainerBase.startInternal(ContainerBase.java:749)
	at org.apache.catalina.core.StandardEngine.startInternal(StandardEngine.java:203)
	at org.apache.catalina.util.LifecycleBase.start(LifecycleBase.java:164)
	at org.apache.catalina.core.StandardService.startInternal(StandardService.java:412)
	at org.apache.catalina.util.LifecycleBase.start(LifecycleBase.java:164)
	at org.apache.catalina.core.StandardServer.startInternal(StandardServer.java:870)
	at org.apache.catalina.util.LifecycleBase.start(LifecycleBase.java:164)
	at org.apache.catalina.startup.Tomcat.start(Tomcat.java:438)
	at org.springframework.boot.web.embedded.tomcat.TomcatWebServer.initialize(TomcatWebServer.java:128)
	at org.springframework.boot.web.embedded.tomcat.TomcatWebServer.<init>(TomcatWebServer.java:107)
	at org.springframework.boot.web.embedded.tomcat.TomcatServletWebServerFactory.getTomcatWebServer(TomcatServletWebServerFactory.java:517)
	at org.springframework.boot.web.embedded.tomcat.TomcatServletWebServerFactory.getWebServer(TomcatServletWebServerFactory.java:219)
	at org.springframework.boot.web.servlet.context.ServletWebServerApplicationContext.createWebServer(ServletWebServerApplicationContext.java:193)
	at org.springframework.boot.web.servlet.context.ServletWebServerApplicationContext.onRefresh(ServletWebServerApplicationContext.java:167)
	at org.springframework.context.support.AbstractApplicationContext.refresh(AbstractApplicationContext.java:621)
	at org.springframework.boot.web.servlet.context.ServletWebServerApplicationContext.refresh(ServletWebServerApplicationContext.java:146)
	at org.springframework.boot.SpringApplication.refresh(SpringApplication.java:753)
	at org.springframework.boot.SpringApplication.refreshContext(SpringApplication.java:439)
	at org.springframework.boot.SpringApplication.run(SpringApplication.java:318)
	at org.springframework.boot.SpringApplication.run(SpringApplication.java:1362)
	at org.springframework.boot.SpringApplication.run(SpringApplication.java:1351)
	at org.example.backendproject.BackendProjectApplication.main(BackendProjectApplication.java:12)
	at java.base/jdk.internal.reflect.NativeMethodAccessorImpl.invoke0(Native Method)
	at java.base/jdk.internal.reflect.NativeMethodAccessorImpl.invoke(NativeMethodAccessorImpl.java:77)
	at java.base/jdk.internal.reflect.DelegatingMethodAccessorImpl.invoke(DelegatingMethodAccessorImpl.java:43)
	at java.base/java.lang.reflect.Method.invoke(Method.java:569)
	at org.springframework.boot.devtools.restart.RestartLauncher.run(RestartLauncher.java:50)
Caused by: com.mysql.cj.jdbc.exceptions.CommunicationsException: Communications link failure

The last packet sent successfully to the server was 0 milliseconds ago. The driver has not received any packets from the server.
	at com.mysql.cj.jdbc.exceptions.SQLError.createCommunicationsException(SQLError.java:165)
	at com.mysql.cj.jdbc.exceptions.SQLExceptionsMapping.translateException(SQLExceptionsMapping.java:55)
	at com.mysql.cj.jdbc.ConnectionImpl.createNewIO(ConnectionImpl.java:837)
	at com.mysql.cj.jdbc.ConnectionImpl.<init>(ConnectionImpl.java:420)
	at com.mysql.cj.jdbc.ConnectionImpl.getInstance(ConnectionImpl.java:238)
	at com.mysql.cj.jdbc.NonRegisteringDriver.connect(NonRegisteringDriver.java:180)
	at com.zaxxer.hikari.util.DriverDataSource.getConnection(DriverDataSource.java:139)
	at com.zaxxer.hikari.pool.PoolBase.newConnection(PoolBase.java:368)
	at com.zaxxer.hikari.pool.PoolBase.newPoolEntry(PoolBase.java:205)
	at com.zaxxer.hikari.pool.HikariPool.createPoolEntry(HikariPool.java:483)
	at com.zaxxer.hikari.pool.HikariPool.checkFailFast(HikariPool.java:571)
	at com.zaxxer.hikari.pool.HikariPool.<init>(HikariPool.java:101)
	at com.zaxxer.hikari.HikariDataSource.getConnection(HikariDataSource.java:111)
	at org.hibernate.engine.jdbc.connections.internal.DatasourceConnectionProviderImpl.getConnection(DatasourceConnectionProviderImpl.java:126)
	at org.hibernate.engine.jdbc.env.internal.JdbcEnvironmentInitiator$ConnectionProviderJdbcConnectionAccess.obtainConnection(JdbcEnvironmentInitiator.java:483)
	at org.hibernate.resource.transaction.backend.jdbc.internal.JdbcIsolationDelegate.delegateWork(JdbcIsolationDelegate.java:61)
	... 124 common frames omitted
Caused by: com.mysql.cj.exceptions.CJCommunicationsException: Communications link failure

The last packet sent successfully to the server was 0 milliseconds ago. The driver has not received any packets from the server.
	at java.base/jdk.internal.reflect.NativeConstructorAccessorImpl.newInstance0(Native Method)
	at java.base/jdk.internal.reflect.NativeConstructorAccessorImpl.newInstance(NativeConstructorAccessorImpl.java:77)
	at java.base/jdk.internal.reflect.DelegatingConstructorAccessorImpl.newInstance(DelegatingConstructorAccessorImpl.java:45)
	at java.base/java.lang.reflect.Constructor.newInstanceWithCaller(Constructor.java:500)
	at java.base/java.lang.reflect.Constructor.newInstance(Constructor.java:481)
	at com.mysql.cj.exceptions.ExceptionFactory.createException(ExceptionFactory.java:52)
	at com.mysql.cj.exceptions.ExceptionFactory.createException(ExceptionFactory.java:95)
	at com.mysql.cj.exceptions.ExceptionFactory.createException(ExceptionFactory.java:140)
	at com.mysql.cj.exceptions.ExceptionFactory.createCommunicationsException(ExceptionFactory.java:156)
	at com.mysql.cj.protocol.a.NativeProtocol.readMessage(NativeProtocol.java:592)
	at com.mysql.cj.protocol.a.NativeProtocol.readServerCapabilities(NativeProtocol.java:516)
	at com.mysql.cj.protocol.a.NativeProtocol.beforeHandshake(NativeProtocol.java:411)
	at com.mysql.cj.protocol.a.NativeProtocol.connect(NativeProtocol.java:1331)
	at com.mysql.cj.NativeSession.connect(NativeSession.java:155)
	at com.mysql.cj.jdbc.ConnectionImpl.connectOneTryOnly(ConnectionImpl.java:961)
	at com.mysql.cj.jdbc.ConnectionImpl.createNewIO(ConnectionImpl.java:825)
	... 137 common frames omitted
Caused by: java.io.EOFException: Can not read response from server. Expected to read 4 bytes, read 0 bytes before connection was unexpectedly lost.
	at com.mysql.cj.protocol.FullReadInputStream.readFully(FullReadInputStream.java:58)
	at com.mysql.cj.protocol.a.SimplePacketReader.readHeaderLocal(SimplePacketReader.java:72)
	at com.mysql.cj.protocol.a.SimplePacketReader.readHeader(SimplePacketReader.java:54)
	at com.mysql.cj.protocol.a.SimplePacketReader.readHeader(SimplePacketReader.java:36)
	at com.mysql.cj.protocol.a.NativeProtocol.readMessage(NativeProtocol.java:586)
	... 143 common frames omitted
2025-06-27 15:46:05.482 [restartedMain] [WARN] o.h.o.deprecation - HHH90000025: MySQL8Dialect does not need to be specified explicitly using 'hibernate.dialect' (remove the property setting and it will be selected by default)
2025-06-27 15:46:05.483 [restartedMain] [WARN] o.h.o.deprecation - HHH90000026: MySQL8Dialect has been deprecated; use org.hibernate.dialect.MySQLDialect instead
2025-06-27 15:46:05.500 [restartedMain] [INFO] o.h.o.c.pooling - HHH10001005: Database info:
	Database JDBC URL [Connecting through datasource 'HikariDataSource (null)']
	Database driver: undefined/unknown
	Database version: 8.0
	Autocommit mode: undefined/unknown
	Isolation level: undefined/unknown
	Minimum pool size: undefined/unknown
	Maximum pool size: undefined/unknown
2025-06-27 15:46:06.726 [restartedMain] [INFO] o.h.e.t.j.p.i.JtaPlatformInitiator - HHH000489: No JTA platform available (set 'hibernate.transaction.jta.platform' to enable JTA platform integration)
2025-06-27 15:46:06.756 [restartedMain] [INFO] c.z.h.HikariDataSource - HikariPool-1 - Starting...
2025-06-27 15:46:07.771 [restartedMain] [WARN] o.h.e.j.s.SqlExceptionHelper - SQL Error: 0, SQLState: 08S01
2025-06-27 15:46:07.771 [restartedMain] [ERROR] o.h.e.j.s.SqlExceptionHelper - Communications link failure

The last packet sent successfully to the server was 0 milliseconds ago. The driver has not received any packets from the server.
2025-06-27 15:46:07.777 [restartedMain] [ERROR] o.s.o.j.LocalContainerEntityManagerFactoryBean - Failed to initialize JPA EntityManagerFactory: [PersistenceUnit: default] Unable to build Hibernate SessionFactory; nested exception is org.hibernate.exception.JDBCConnectionException: Unable to open JDBC Connection for DDL execution [Communications link failure

The last packet sent successfully to the server was 0 milliseconds ago. The driver has not received any packets from the server.] [n/a]
2025-06-27 15:46:07.778 [restartedMain] [ERROR] o.s.b.w.e.t.TomcatStarter - Error starting Tomcat context. Exception: org.springframework.beans.factory.UnsatisfiedDependencyException. Message: Error creating bean with name 'jwtTokenFilter' defined in file [C:\backend5\backendProject\build\classes\java\main\org\example\backendproject\security\jwt\JwtTokenFilter.class]: Unsatisfied dependency expressed through constructor parameter 1: Error creating bean with name 'customUserDetailsService' defined in file [C:\backend5\backendProject\build\classes\java\main\org\example\backendproject\security\core\CustomUserDetailsService.class]: Unsatisfied dependency expressed through constructor parameter 0: Error creating bean with name 'userRepository' defined in org.example.backendproject.user.repository.UserRepository defined in @EnableJpaRepositories declared on JpaRepositoriesRegistrar.EnableJpaRepositoriesConfiguration: Cannot resolve reference to bean 'jpaSharedEM_entityManagerFactory' while setting bean property 'entityManager'
2025-06-27 15:46:07.814 [restartedMain] [INFO] o.a.c.c.StandardService - Stopping service [Tomcat]
2025-06-27 15:46:07.818 [restartedMain] [WARN] o.s.b.w.s.c.AnnotationConfigServletWebServerApplicationContext - Exception encountered during context initialization - cancelling refresh attempt: org.springframework.context.ApplicationContextException: Unable to start web server
2025-06-27 15:46:07.832 [restartedMain] [INFO] o.s.b.a.l.ConditionEvaluationReportLogger - 

Error starting ApplicationContext. To display the condition evaluation report re-run your application with 'debug' enabled.
2025-06-27 15:46:07.875 [restartedMain] [ERROR] o.s.b.SpringApplication - Application run failed
org.springframework.context.ApplicationContextException: Unable to start web server
	at org.springframework.boot.web.servlet.context.ServletWebServerApplicationContext.onRefresh(ServletWebServerApplicationContext.java:170)
	at org.springframework.context.support.AbstractApplicationContext.refresh(AbstractApplicationContext.java:621)
	at org.springframework.boot.web.servlet.context.ServletWebServerApplicationContext.refresh(ServletWebServerApplicationContext.java:146)
	at org.springframework.boot.SpringApplication.refresh(SpringApplication.java:753)
	at org.springframework.boot.SpringApplication.refreshContext(SpringApplication.java:439)
	at org.springframework.boot.SpringApplication.run(SpringApplication.java:318)
	at org.springframework.boot.SpringApplication.run(SpringApplication.java:1362)
	at org.springframework.boot.SpringApplication.run(SpringApplication.java:1351)
	at org.example.backendproject.BackendProjectApplication.main(BackendProjectApplication.java:12)
	at java.base/jdk.internal.reflect.NativeMethodAccessorImpl.invoke0(Native Method)
	at java.base/jdk.internal.reflect.NativeMethodAccessorImpl.invoke(NativeMethodAccessorImpl.java:77)
	at java.base/jdk.internal.reflect.DelegatingMethodAccessorImpl.invoke(DelegatingMethodAccessorImpl.java:43)
	at java.base/java.lang.reflect.Method.invoke(Method.java:569)
	at org.springframework.boot.devtools.restart.RestartLauncher.run(RestartLauncher.java:50)
Caused by: org.springframework.boot.web.server.WebServerException: Unable to start embedded Tomcat
	at org.springframework.boot.web.embedded.tomcat.TomcatWebServer.initialize(TomcatWebServer.java:147)
	at org.springframework.boot.web.embedded.tomcat.TomcatWebServer.<init>(TomcatWebServer.java:107)
	at org.springframework.boot.web.embedded.tomcat.TomcatServletWebServerFactory.getTomcatWebServer(TomcatServletWebServerFactory.java:517)
	at org.springframework.boot.web.embedded.tomcat.TomcatServletWebServerFactory.getWebServer(TomcatServletWebServerFactory.java:219)
	at org.springframework.boot.web.servlet.context.ServletWebServerApplicationContext.createWebServer(ServletWebServerApplicationContext.java:193)
	at org.springframework.boot.web.servlet.context.ServletWebServerApplicationContext.onRefresh(ServletWebServerApplicationContext.java:167)
	... 13 common frames omitted
Caused by: org.springframework.beans.factory.UnsatisfiedDependencyException: Error creating bean with name 'jwtTokenFilter' defined in file [C:\backend5\backendProject\build\classes\java\main\org\example\backendproject\security\jwt\JwtTokenFilter.class]: Unsatisfied dependency expressed through constructor parameter 1: Error creating bean with name 'customUserDetailsService' defined in file [C:\backend5\backendProject\build\classes\java\main\org\example\backendproject\security\core\CustomUserDetailsService.class]: Unsatisfied dependency expressed through constructor parameter 0: Error creating bean with name 'userRepository' defined in org.example.backendproject.user.repository.UserRepository defined in @EnableJpaRepositories declared on JpaRepositoriesRegistrar.EnableJpaRepositoriesConfiguration: Cannot resolve reference to bean 'jpaSharedEM_entityManagerFactory' while setting bean property 'entityManager'
	at org.springframework.beans.factory.support.ConstructorResolver.createArgumentArray(ConstructorResolver.java:804)
	at org.springframework.beans.factory.support.ConstructorResolver.autowireConstructor(ConstructorResolver.java:240)
	at org.springframework.beans.factory.support.AbstractAutowireCapableBeanFactory.autowireConstructor(AbstractAutowireCapableBeanFactory.java:1395)
	at org.springframework.beans.factory.support.AbstractAutowireCapableBeanFactory.createBeanInstance(AbstractAutowireCapableBeanFactory.java:1232)
	at org.springframework.beans.factory.support.AbstractAutowireCapableBeanFactory.doCreateBean(AbstractAutowireCapableBeanFactory.java:569)
	at org.springframework.beans.factory.support.AbstractAutowireCapableBeanFactory.createBean(AbstractAutowireCapableBeanFactory.java:529)
	at org.springframework.beans.factory.support.AbstractBeanFactory.lambda$doGetBean$0(AbstractBeanFactory.java:339)
	at org.springframework.beans.factory.support.DefaultSingletonBeanRegistry.getSingleton(DefaultSingletonBeanRegistry.java:373)
	at org.springframework.beans.factory.support.AbstractBeanFactory.doGetBean(AbstractBeanFactory.java:337)
	at org.springframework.beans.factory.support.AbstractBeanFactory.getBean(AbstractBeanFactory.java:207)
	at org.springframework.boot.web.servlet.ServletContextInitializerBeans.getOrderedBeansOfType(ServletContextInitializerBeans.java:230)
	at org.springframework.boot.web.servlet.ServletContextInitializerBeans.addAsRegistrationBean(ServletContextInitializerBeans.java:184)
	at org.springframework.boot.web.servlet.ServletContextInitializerBeans.addAsRegistrationBean(ServletContextInitializerBeans.java:179)
	at org.springframework.boot.web.servlet.ServletContextInitializerBeans.addAdaptableBeans(ServletContextInitializerBeans.java:164)
	at org.springframework.boot.web.servlet.ServletContextInitializerBeans.<init>(ServletContextInitializerBeans.java:96)
	at org.springframework.boot.web.servlet.context.ServletWebServerApplicationContext.getServletContextInitializerBeans(ServletWebServerApplicationContext.java:271)
	at org.springframework.boot.web.servlet.context.ServletWebServerApplicationContext.selfInitialize(ServletWebServerApplicationContext.java:245)
	at org.springframework.boot.web.embedded.tomcat.TomcatStarter.onStartup(TomcatStarter.java:52)
	at org.apache.catalina.core.StandardContext.startInternal(StandardContext.java:4464)
	at org.apache.catalina.util.LifecycleBase.start(LifecycleBase.java:164)
	at org.apache.catalina.core.ContainerBase$StartChild.call(ContainerBase.java:1203)
	at org.apache.catalina.core.ContainerBase$StartChild.call(ContainerBase.java:1193)
	at java.base/java.util.concurrent.FutureTask.run(FutureTask.java:264)
	at org.apache.tomcat.util.threads.InlineExecutorService.execute(InlineExecutorService.java:75)
	at java.base/java.util.concurrent.AbstractExecutorService.submit(AbstractExecutorService.java:145)
	at org.apache.catalina.core.ContainerBase.startInternal(ContainerBase.java:749)
	at org.apache.catalina.core.StandardHost.startInternal(StandardHost.java:772)
	at org.apache.catalina.util.LifecycleBase.start(LifecycleBase.java:164)
	at org.apache.catalina.core.ContainerBase$StartChild.call(ContainerBase.java:1203)
	at org.apache.catalina.core.ContainerBase$StartChild.call(ContainerBase.java:1193)
	at java.base/java.util.concurrent.FutureTask.run(FutureTask.java:264)
	at org.apache.tomcat.util.threads.InlineExecutorService.execute(InlineExecutorService.java:75)
	at java.base/java.util.concurrent.AbstractExecutorService.submit(AbstractExecutorService.java:145)
	at org.apache.catalina.core.ContainerBase.startInternal(ContainerBase.java:749)
	at org.apache.catalina.core.StandardEngine.startInternal(StandardEngine.java:203)
	at org.apache.catalina.util.LifecycleBase.start(LifecycleBase.java:164)
	at org.apache.catalina.core.StandardService.startInternal(StandardService.java:412)
	at org.apache.catalina.util.LifecycleBase.start(LifecycleBase.java:164)
	at org.apache.catalina.core.StandardServer.startInternal(StandardServer.java:870)
	at org.apache.catalina.util.LifecycleBase.start(LifecycleBase.java:164)
	at org.apache.catalina.startup.Tomcat.start(Tomcat.java:438)
	at org.springframework.boot.web.embedded.tomcat.TomcatWebServer.initialize(TomcatWebServer.java:128)
	... 18 common frames omitted
Caused by: org.springframework.beans.factory.UnsatisfiedDependencyException: Error creating bean with name 'customUserDetailsService' defined in file [C:\backend5\backendProject\build\classes\java\main\org\example\backendproject\security\core\CustomUserDetailsService.class]: Unsatisfied dependency expressed through constructor parameter 0: Error creating bean with name 'userRepository' defined in org.example.backendproject.user.repository.UserRepository defined in @EnableJpaRepositories declared on JpaRepositoriesRegistrar.EnableJpaRepositoriesConfiguration: Cannot resolve reference to bean 'jpaSharedEM_entityManagerFactory' while setting bean property 'entityManager'
	at org.springframework.beans.factory.support.ConstructorResolver.createArgumentArray(ConstructorResolver.java:804)
	at org.springframework.beans.factory.support.ConstructorResolver.autowireConstructor(ConstructorResolver.java:240)
	at org.springframework.beans.factory.support.AbstractAutowireCapableBeanFactory.autowireConstructor(AbstractAutowireCapableBeanFactory.java:1395)
	at org.springframework.beans.factory.support.AbstractAutowireCapableBeanFactory.createBeanInstance(AbstractAutowireCapableBeanFactory.java:1232)
	at org.springframework.beans.factory.support.AbstractAutowireCapableBeanFactory.doCreateBean(AbstractAutowireCapableBeanFactory.java:569)
	at org.springframework.beans.factory.support.AbstractAutowireCapableBeanFactory.createBean(AbstractAutowireCapableBeanFactory.java:529)
	at org.springframework.beans.factory.support.AbstractBeanFactory.lambda$doGetBean$0(AbstractBeanFactory.java:339)
	at org.springframework.beans.factory.support.DefaultSingletonBeanRegistry.getSingleton(DefaultSingletonBeanRegistry.java:373)
	at org.springframework.beans.factory.support.AbstractBeanFactory.doGetBean(AbstractBeanFactory.java:337)
	at org.springframework.beans.factory.support.AbstractBeanFactory.getBean(AbstractBeanFactory.java:202)
	at org.springframework.beans.factory.support.DefaultListableBeanFactory.doResolveDependency(DefaultListableBeanFactory.java:1682)
	at org.springframework.beans.factory.support.DefaultListableBeanFactory.resolveDependency(DefaultListableBeanFactory.java:1628)
	at org.springframework.beans.factory.support.ConstructorResolver.resolveAutowiredArgument(ConstructorResolver.java:913)
	at org.springframework.beans.factory.support.ConstructorResolver.createArgumentArray(ConstructorResolver.java:791)
	... 59 common frames omitted
Caused by: org.springframework.beans.factory.BeanCreationException: Error creating bean with name 'userRepository' defined in org.example.backendproject.user.repository.UserRepository defined in @EnableJpaRepositories declared on JpaRepositoriesRegistrar.EnableJpaRepositoriesConfiguration: Cannot resolve reference to bean 'jpaSharedEM_entityManagerFactory' while setting bean property 'entityManager'
	at org.springframework.beans.factory.support.BeanDefinitionValueResolver.resolveReference(BeanDefinitionValueResolver.java:377)
	at org.springframework.beans.factory.support.BeanDefinitionValueResolver.resolveValueIfNecessary(BeanDefinitionValueResolver.java:135)
	at org.springframework.beans.factory.support.AbstractAutowireCapableBeanFactory.applyPropertyValues(AbstractAutowireCapableBeanFactory.java:1725)
	at org.springframework.beans.factory.support.AbstractAutowireCapableBeanFactory.populateBean(AbstractAutowireCapableBeanFactory.java:1474)
	at org.springframework.beans.factory.support.AbstractAutowireCapableBeanFactory.doCreateBean(AbstractAutowireCapableBeanFactory.java:606)
	at org.springframework.beans.factory.support.AbstractAutowireCapableBeanFactory.createBean(AbstractAutowireCapableBeanFactory.java:529)
	at org.springframework.beans.factory.support.AbstractBeanFactory.lambda$doGetBean$0(AbstractBeanFactory.java:339)
	at org.springframework.beans.factory.support.DefaultSingletonBeanRegistry.getSingleton(DefaultSingletonBeanRegistry.java:373)
	at org.springframework.beans.factory.support.AbstractBeanFactory.doGetBean(AbstractBeanFactory.java:337)
	at org.springframework.beans.factory.support.AbstractBeanFactory.getBean(AbstractBeanFactory.java:202)
	at org.springframework.beans.factory.support.DefaultListableBeanFactory.doResolveDependency(DefaultListableBeanFactory.java:1682)
	at org.springframework.beans.factory.support.DefaultListableBeanFactory.resolveDependency(DefaultListableBeanFactory.java:1628)
	at org.springframework.beans.factory.support.ConstructorResolver.resolveAutowiredArgument(ConstructorResolver.java:913)
	at org.springframework.beans.factory.support.ConstructorResolver.createArgumentArray(ConstructorResolver.java:791)
	... 72 common frames omitted
Caused by: org.springframework.beans.factory.BeanCreationException: Error creating bean with name 'jpaSharedEM_entityManagerFactory': Cannot resolve reference to bean 'entityManagerFactory' while setting constructor argument
	at org.springframework.beans.factory.support.BeanDefinitionValueResolver.resolveReference(BeanDefinitionValueResolver.java:377)
	at org.springframework.beans.factory.support.BeanDefinitionValueResolver.resolveValueIfNecessary(BeanDefinitionValueResolver.java:135)
	at org.springframework.beans.factory.support.ConstructorResolver.resolveConstructorArguments(ConstructorResolver.java:691)
	at org.springframework.beans.factory.support.ConstructorResolver.instantiateUsingFactoryMethod(ConstructorResolver.java:513)
	at org.springframework.beans.factory.support.AbstractAutowireCapableBeanFactory.instantiateUsingFactoryMethod(AbstractAutowireCapableBeanFactory.java:1375)
	at org.springframework.beans.factory.support.AbstractAutowireCapableBeanFactory.createBeanInstance(AbstractAutowireCapableBeanFactory.java:1205)
	at org.springframework.beans.factory.support.AbstractAutowireCapableBeanFactory.doCreateBean(AbstractAutowireCapableBeanFactory.java:569)
	at org.springframework.beans.factory.support.AbstractAutowireCapableBeanFactory.createBean(AbstractAutowireCapableBeanFactory.java:529)
	at org.springframework.beans.factory.support.AbstractBeanFactory.lambda$doGetBean$0(AbstractBeanFactory.java:339)
	at org.springframework.beans.factory.support.DefaultSingletonBeanRegistry.getSingleton(DefaultSingletonBeanRegistry.java:373)
	at org.springframework.beans.factory.support.AbstractBeanFactory.doGetBean(AbstractBeanFactory.java:337)
	at org.springframework.beans.factory.support.AbstractBeanFactory.getBean(AbstractBeanFactory.java:202)
	at org.springframework.beans.factory.support.BeanDefinitionValueResolver.resolveReference(BeanDefinitionValueResolver.java:365)
	... 85 common frames omitted
Caused by: org.springframework.beans.factory.BeanCreationException: Error creating bean with name 'entityManagerFactory' defined in class path resource [org/springframework/boot/autoconfigure/orm/jpa/HibernateJpaConfiguration.class]: [PersistenceUnit: default] Unable to build Hibernate SessionFactory; nested exception is org.hibernate.exception.JDBCConnectionException: Unable to open JDBC Connection for DDL execution [Communications link failure

The last packet sent successfully to the server was 0 milliseconds ago. The driver has not received any packets from the server.] [n/a]
	at org.springframework.beans.factory.support.AbstractAutowireCapableBeanFactory.initializeBean(AbstractAutowireCapableBeanFactory.java:1826)
	at org.springframework.beans.factory.support.AbstractAutowireCapableBeanFactory.doCreateBean(AbstractAutowireCapableBeanFactory.java:607)
	at org.springframework.beans.factory.support.AbstractAutowireCapableBeanFactory.createBean(AbstractAutowireCapableBeanFactory.java:529)
	at org.springframework.beans.factory.support.AbstractBeanFactory.lambda$doGetBean$0(AbstractBeanFactory.java:339)
	at org.springframework.beans.factory.support.DefaultSingletonBeanRegistry.getSingleton(DefaultSingletonBeanRegistry.java:373)
	at org.springframework.beans.factory.support.AbstractBeanFactory.doGetBean(AbstractBeanFactory.java:337)
	at org.springframework.beans.factory.support.AbstractBeanFactory.getBean(AbstractBeanFactory.java:202)
	at org.springframework.beans.factory.support.BeanDefinitionValueResolver.resolveReference(BeanDefinitionValueResolver.java:365)
	... 97 common frames omitted
Caused by: jakarta.persistence.PersistenceException: [PersistenceUnit: default] Unable to build Hibernate SessionFactory; nested exception is org.hibernate.exception.JDBCConnectionException: Unable to open JDBC Connection for DDL execution [Communications link failure

The last packet sent successfully to the server was 0 milliseconds ago. The driver has not received any packets from the server.] [n/a]
	at org.springframework.orm.jpa.AbstractEntityManagerFactoryBean.buildNativeEntityManagerFactory(AbstractEntityManagerFactoryBean.java:431)
	at org.springframework.orm.jpa.AbstractEntityManagerFactoryBean.afterPropertiesSet(AbstractEntityManagerFactoryBean.java:400)
	at org.springframework.orm.jpa.LocalContainerEntityManagerFactoryBean.afterPropertiesSet(LocalContainerEntityManagerFactoryBean.java:366)
	at org.springframework.beans.factory.support.AbstractAutowireCapableBeanFactory.invokeInitMethods(AbstractAutowireCapableBeanFactory.java:1873)
	at org.springframework.beans.factory.support.AbstractAutowireCapableBeanFactory.initializeBean(AbstractAutowireCapableBeanFactory.java:1822)
	... 104 common frames omitted
Caused by: org.hibernate.exception.JDBCConnectionException: Unable to open JDBC Connection for DDL execution [Communications link failure

The last packet sent successfully to the server was 0 milliseconds ago. The driver has not received any packets from the server.] [n/a]
	at org.hibernate.exception.internal.SQLStateConversionDelegate.convert(SQLStateConversionDelegate.java:100)
	at org.hibernate.exception.internal.StandardSQLExceptionConverter.convert(StandardSQLExceptionConverter.java:58)
	at org.hibernate.engine.jdbc.spi.SqlExceptionHelper.convert(SqlExceptionHelper.java:108)
	at org.hibernate.engine.jdbc.spi.SqlExceptionHelper.convert(SqlExceptionHelper.java:94)
	at org.hibernate.resource.transaction.backend.jdbc.internal.DdlTransactionIsolatorNonJtaImpl.getIsolatedConnection(DdlTransactionIsolatorNonJtaImpl.java:74)
	at org.hibernate.resource.transaction.backend.jdbc.internal.DdlTransactionIsolatorNonJtaImpl.getIsolatedConnection(DdlTransactionIsolatorNonJtaImpl.java:39)
	at org.hibernate.tool.schema.internal.exec.ImprovedExtractionContextImpl.getJdbcConnection(ImprovedExtractionContextImpl.java:63)
	at org.hibernate.tool.schema.internal.exec.ImprovedExtractionContextImpl.getJdbcDatabaseMetaData(ImprovedExtractionContextImpl.java:70)
	at org.hibernate.tool.schema.extract.internal.InformationExtractorJdbcDatabaseMetaDataImpl.processTableResultSet(InformationExtractorJdbcDatabaseMetaDataImpl.java:65)
	at org.hibernate.tool.schema.extract.internal.AbstractInformationExtractorImpl.getTables(AbstractInformationExtractorImpl.java:570)
	at org.hibernate.tool.schema.extract.internal.DatabaseInformationImpl.getTablesInformation(DatabaseInformationImpl.java:122)
	at org.hibernate.tool.schema.internal.GroupedSchemaMigratorImpl.performTablesMigration(GroupedSchemaMigratorImpl.java:72)
	at org.hibernate.tool.schema.internal.AbstractSchemaMigrator.performMigration(AbstractSchemaMigrator.java:233)
	at org.hibernate.tool.schema.internal.AbstractSchemaMigrator.doMigration(AbstractSchemaMigrator.java:112)
	at org.hibernate.tool.schema.spi.SchemaManagementToolCoordinator.performDatabaseAction(SchemaManagementToolCoordinator.java:280)
	at org.hibernate.tool.schema.spi.SchemaManagementToolCoordinator.lambda$process$5(SchemaManagementToolCoordinator.java:144)
	at java.base/java.util.HashMap.forEach(HashMap.java:1421)
	at org.hibernate.tool.schema.spi.SchemaManagementToolCoordinator.process(SchemaManagementToolCoordinator.java:141)
	at org.hibernate.boot.internal.SessionFactoryObserverForSchemaExport.sessionFactoryCreated(SessionFactoryObserverForSchemaExport.java:37)
	at org.hibernate.internal.SessionFactoryObserverChain.sessionFactoryCreated(SessionFactoryObserverChain.java:35)
	at org.hibernate.internal.SessionFactoryImpl.<init>(SessionFactoryImpl.java:324)
	at org.hibernate.boot.internal.SessionFactoryBuilderImpl.build(SessionFactoryBuilderImpl.java:463)
	at org.hibernate.jpa.boot.internal.EntityManagerFactoryBuilderImpl.build(EntityManagerFactoryBuilderImpl.java:1517)
	at org.springframework.orm.jpa.vendor.SpringHibernateJpaPersistenceProvider.createContainerEntityManagerFactory(SpringHibernateJpaPersistenceProvider.java:66)
	at org.springframework.orm.jpa.LocalContainerEntityManagerFactoryBean.createNativeEntityManagerFactory(LocalContainerEntityManagerFactoryBean.java:390)
	at org.springframework.orm.jpa.AbstractEntityManagerFactoryBean.buildNativeEntityManagerFactory(AbstractEntityManagerFactoryBean.java:419)
	... 108 common frames omitted
Caused by: com.mysql.cj.jdbc.exceptions.CommunicationsException: Communications link failure

The last packet sent successfully to the server was 0 milliseconds ago. The driver has not received any packets from the server.
	at com.mysql.cj.jdbc.exceptions.SQLError.createCommunicationsException(SQLError.java:165)
	at com.mysql.cj.jdbc.exceptions.SQLExceptionsMapping.translateException(SQLExceptionsMapping.java:55)
	at com.mysql.cj.jdbc.ConnectionImpl.createNewIO(ConnectionImpl.java:837)
	at com.mysql.cj.jdbc.ConnectionImpl.<init>(ConnectionImpl.java:420)
	at com.mysql.cj.jdbc.ConnectionImpl.getInstance(ConnectionImpl.java:238)
	at com.mysql.cj.jdbc.NonRegisteringDriver.connect(NonRegisteringDriver.java:180)
	at com.zaxxer.hikari.util.DriverDataSource.getConnection(DriverDataSource.java:139)
	at com.zaxxer.hikari.pool.PoolBase.newConnection(PoolBase.java:368)
	at com.zaxxer.hikari.pool.PoolBase.newPoolEntry(PoolBase.java:205)
	at com.zaxxer.hikari.pool.HikariPool.createPoolEntry(HikariPool.java:483)
	at com.zaxxer.hikari.pool.HikariPool.checkFailFast(HikariPool.java:571)
	at com.zaxxer.hikari.pool.HikariPool.<init>(HikariPool.java:101)
	at com.zaxxer.hikari.HikariDataSource.getConnection(HikariDataSource.java:111)
	at org.hibernate.engine.jdbc.connections.internal.DatasourceConnectionProviderImpl.getConnection(DatasourceConnectionProviderImpl.java:126)
	at org.hibernate.engine.jdbc.env.internal.JdbcEnvironmentInitiator$ConnectionProviderJdbcConnectionAccess.obtainConnection(JdbcEnvironmentInitiator.java:483)
	at org.hibernate.resource.transaction.backend.jdbc.internal.DdlTransactionIsolatorNonJtaImpl.getIsolatedConnection(DdlTransactionIsolatorNonJtaImpl.java:46)
	... 129 common frames omitted
Caused by: com.mysql.cj.exceptions.CJCommunicationsException: Communications link failure

The last packet sent successfully to the server was 0 milliseconds ago. The driver has not received any packets from the server.
	at java.base/jdk.internal.reflect.NativeConstructorAccessorImpl.newInstance0(Native Method)
	at java.base/jdk.internal.reflect.NativeConstructorAccessorImpl.newInstance(NativeConstructorAccessorImpl.java:77)
	at java.base/jdk.internal.reflect.DelegatingConstructorAccessorImpl.newInstance(DelegatingConstructorAccessorImpl.java:45)
	at java.base/java.lang.reflect.Constructor.newInstanceWithCaller(Constructor.java:500)
	at java.base/java.lang.reflect.Constructor.newInstance(Constructor.java:481)
	at com.mysql.cj.exceptions.ExceptionFactory.createException(ExceptionFactory.java:52)
	at com.mysql.cj.exceptions.ExceptionFactory.createException(ExceptionFactory.java:95)
	at com.mysql.cj.exceptions.ExceptionFactory.createException(ExceptionFactory.java:140)
	at com.mysql.cj.exceptions.ExceptionFactory.createCommunicationsException(ExceptionFactory.java:156)
	at com.mysql.cj.protocol.a.NativeProtocol.readMessage(NativeProtocol.java:592)
	at com.mysql.cj.protocol.a.NativeProtocol.readServerCapabilities(NativeProtocol.java:516)
	at com.mysql.cj.protocol.a.NativeProtocol.beforeHandshake(NativeProtocol.java:411)
	at com.mysql.cj.protocol.a.NativeProtocol.connect(NativeProtocol.java:1331)
	at com.mysql.cj.NativeSession.connect(NativeSession.java:155)
	at com.mysql.cj.jdbc.ConnectionImpl.connectOneTryOnly(ConnectionImpl.java:961)
	at com.mysql.cj.jdbc.ConnectionImpl.createNewIO(ConnectionImpl.java:825)
	... 142 common frames omitted
Caused by: java.io.EOFException: Can not read response from server. Expected to read 4 bytes, read 0 bytes before connection was unexpectedly lost.
	at com.mysql.cj.protocol.FullReadInputStream.readFully(FullReadInputStream.java:58)
	at com.mysql.cj.protocol.a.SimplePacketReader.readHeaderLocal(SimplePacketReader.java:72)
	at com.mysql.cj.protocol.a.SimplePacketReader.readHeader(SimplePacketReader.java:54)
	at com.mysql.cj.protocol.a.SimplePacketReader.readHeader(SimplePacketReader.java:36)
	at com.mysql.cj.protocol.a.NativeProtocol.readMessage(NativeProtocol.java:586)
	... 148 common frames omitted
2025-06-27 15:46:13.817 [restartedMain] [INFO] o.e.b.BackendProjectApplication - Starting BackendProjectApplication using Java 17.0.12 with PID 20528 (C:\backend5\backendProject\build\classes\java\main started by win11 in C:\backend5)
2025-06-27 15:46:13.819 [restartedMain] [INFO] o.e.b.BackendProjectApplication - The following 1 profile is active: "dev"
2025-06-27 15:46:13.858 [restartedMain] [INFO] o.s.b.d.e.DevToolsPropertyDefaultsPostProcessor - Devtools property defaults active! Set 'spring.devtools.add-properties' to 'false' to disable
2025-06-27 15:46:13.858 [restartedMain] [INFO] o.s.b.d.e.DevToolsPropertyDefaultsPostProcessor - For additional web related logging consider setting the 'logging.level.web' property to 'DEBUG'
2025-06-27 15:46:14.880 [restartedMain] [INFO] o.s.d.r.c.RepositoryConfigurationDelegate - Multiple Spring Data modules found, entering strict repository configuration mode
2025-06-27 15:46:14.882 [restartedMain] [INFO] o.s.d.r.c.RepositoryConfigurationDelegate - Bootstrapping Spring Data JPA repositories in DEFAULT mode.
2025-06-27 15:46:15.032 [restartedMain] [INFO] o.s.d.r.c.RepositoryConfigurationDelegate - Finished Spring Data repository scanning in 142 ms. Found 5 JPA repository interfaces.
2025-06-27 15:46:15.043 [restartedMain] [INFO] o.s.d.r.c.RepositoryConfigurationDelegate - Multiple Spring Data modules found, entering strict repository configuration mode
2025-06-27 15:46:15.044 [restartedMain] [INFO] o.s.d.r.c.RepositoryConfigurationDelegate - Bootstrapping Spring Data Redis repositories in DEFAULT mode.
2025-06-27 15:46:15.060 [restartedMain] [INFO] o.s.d.r.c.RepositoryConfigurationExtensionSupport - Spring Data Redis - Could not safely identify store assignment for repository candidate interface org.example.backendproject.Auth.repository.AuthRepository; If you want this repository to be a Redis repository, consider annotating your entities with one of these annotations: org.springframework.data.redis.core.RedisHash (preferred), or consider extending one of the following types with your repository: org.springframework.data.keyvalue.repository.KeyValueRepository
2025-06-27 15:46:15.061 [restartedMain] [INFO] o.s.d.r.c.RepositoryConfigurationExtensionSupport - Spring Data Redis - Could not safely identify store assignment for repository candidate interface org.example.backendproject.board.repository.BoardRepository; If you want this repository to be a Redis repository, consider annotating your entities with one of these annotations: org.springframework.data.redis.core.RedisHash (preferred), or consider extending one of the following types with your repository: org.springframework.data.keyvalue.repository.KeyValueRepository
2025-06-27 15:46:15.062 [restartedMain] [INFO] o.s.d.r.c.RepositoryConfigurationExtensionSupport - Spring Data Redis - Could not safely identify store assignment for repository candidate interface org.example.backendproject.comment.repository.CommentRepository; If you want this repository to be a Redis repository, consider annotating your entities with one of these annotations: org.springframework.data.redis.core.RedisHash (preferred), or consider extending one of the following types with your repository: org.springframework.data.keyvalue.repository.KeyValueRepository
2025-06-27 15:46:15.062 [restartedMain] [INFO] o.s.d.r.c.RepositoryConfigurationExtensionSupport - Spring Data Redis - Could not safely identify store assignment for repository candidate interface org.example.backendproject.purewebsocket.room.repository.RoomRepository; If you want this repository to be a Redis repository, consider annotating your entities with one of these annotations: org.springframework.data.redis.core.RedisHash (preferred), or consider extending one of the following types with your repository: org.springframework.data.keyvalue.repository.KeyValueRepository
2025-06-27 15:46:15.062 [restartedMain] [INFO] o.s.d.r.c.RepositoryConfigurationExtensionSupport - Spring Data Redis - Could not safely identify store assignment for repository candidate interface org.example.backendproject.user.repository.UserRepository; If you want this repository to be a Redis repository, consider annotating your entities with one of these annotations: org.springframework.data.redis.core.RedisHash (preferred), or consider extending one of the following types with your repository: org.springframework.data.keyvalue.repository.KeyValueRepository
2025-06-27 15:46:15.062 [restartedMain] [INFO] o.s.d.r.c.RepositoryConfigurationDelegate - Finished Spring Data repository scanning in 10 ms. Found 0 Redis repository interfaces.
2025-06-27 15:46:15.754 [restartedMain] [INFO] o.s.b.w.e.t.TomcatWebServer - Tomcat initialized with port 8080 (http)
2025-06-27 15:46:15.769 [restartedMain] [INFO] o.a.c.h.Http11NioProtocol - Initializing ProtocolHandler ["http-nio-8080"]
2025-06-27 15:46:15.771 [restartedMain] [INFO] o.a.c.c.StandardService - Starting service [Tomcat]
2025-06-27 15:46:15.771 [restartedMain] [INFO] o.a.c.c.StandardEngine - Starting Servlet engine: [Apache Tomcat/10.1.41]
2025-06-27 15:46:15.816 [restartedMain] [INFO] o.a.c.c.C.[.[.[/] - Initializing Spring embedded WebApplicationContext
2025-06-27 15:46:15.816 [restartedMain] [INFO] o.s.b.w.s.c.ServletWebServerApplicationContext - Root WebApplicationContext: initialization completed in 1958 ms
2025-06-27 15:46:16.046 [restartedMain] [INFO] o.h.j.i.u.LogHelper - HHH000204: Processing PersistenceUnitInfo [name: default]
2025-06-27 15:46:16.108 [restartedMain] [INFO] o.h.Version - HHH000412: Hibernate ORM core version 6.6.15.Final
2025-06-27 15:46:16.148 [restartedMain] [INFO] o.h.c.i.RegionFactoryInitiator - HHH000026: Second-level cache disabled
2025-06-27 15:46:16.443 [restartedMain] [INFO] o.s.o.j.p.SpringPersistenceUnitInfo - No LoadTimeWeaver setup: ignoring JPA class transformer
2025-06-27 15:46:16.481 [restartedMain] [INFO] c.z.h.HikariDataSource - HikariPool-1 - Starting...
2025-06-27 15:46:16.864 [restartedMain] [INFO] c.z.h.p.HikariPool - HikariPool-1 - Added connection com.mysql.cj.jdbc.ConnectionImpl@6bb715dc
2025-06-27 15:46:16.865 [restartedMain] [INFO] c.z.h.HikariDataSource - HikariPool-1 - Start completed.
2025-06-27 15:46:16.905 [restartedMain] [WARN] o.h.o.deprecation - HHH90000025: MySQL8Dialect does not need to be specified explicitly using 'hibernate.dialect' (remove the property setting and it will be selected by default)
2025-06-27 15:46:16.906 [restartedMain] [WARN] o.h.o.deprecation - HHH90000026: MySQL8Dialect has been deprecated; use org.hibernate.dialect.MySQLDialect instead
2025-06-27 15:46:16.922 [restartedMain] [INFO] o.h.o.c.pooling - HHH10001005: Database info:
	Database JDBC URL [Connecting through datasource 'HikariDataSource (HikariPool-1)']
	Database driver: undefined/unknown
	Database version: 8.0
	Autocommit mode: undefined/unknown
	Isolation level: undefined/unknown
	Minimum pool size: undefined/unknown
	Maximum pool size: undefined/unknown
2025-06-27 15:46:17.906 [restartedMain] [INFO] o.h.e.t.j.p.i.JtaPlatformInitiator - HHH000489: No JTA platform available (set 'hibernate.transaction.jta.platform' to enable JTA platform integration)
2025-06-27 15:46:18.033 [restartedMain] [INFO] o.s.o.j.LocalContainerEntityManagerFactoryBean - Initialized JPA EntityManagerFactory for persistence unit 'default'
2025-06-27 15:46:18.679 [restartedMain] [INFO] o.s.d.j.r.q.QueryEnhancerFactory - Hibernate is in classpath; If applicable, HQL parser will be used.
2025-06-27 15:46:19.446 [restartedMain] [WARN] o.s.b.a.o.j.JpaBaseConfiguration$JpaWebConfiguration - spring.jpa.open-in-view is enabled by default. Therefore, database queries may be performed during view rendering. Explicitly configure spring.jpa.open-in-view to disable this warning
2025-06-27 15:46:19.514 [restartedMain] [INFO] o.s.b.a.w.s.WelcomePageHandlerMapping - Adding welcome page: class path resource [static/index.html]
2025-06-27 15:46:19.743 [restartedMain] [INFO] o.s.b.a.e.w.EndpointLinksResolver - Exposing 14 endpoints beneath base path '/actuator'
2025-06-27 15:46:19.766 [restartedMain] [WARN] o.s.s.c.a.a.c.InitializeUserDetailsBeanManagerConfigurer$InitializeUserDetailsManagerConfigurer - Found 2 UserDetailsService beans, with names [customUserDetailService, customUserDetailsService]. Global Authentication Manager will not use a UserDetailsService for username/password login. Consider publishing a single UserDetailsService bean.
2025-06-27 15:46:20.239 [restartedMain] [INFO] o.s.b.d.a.OptionalLiveReloadServer - LiveReload server is running on port 35729
2025-06-27 15:46:20.292 [restartedMain] [INFO] o.s.m.s.b.SimpleBrokerMessageHandler - Starting...
2025-06-27 15:46:20.293 [restartedMain] [INFO] o.s.m.s.b.SimpleBrokerMessageHandler - BrokerAvailabilityEvent[available=true, SimpleBrokerMessageHandler [org.springframework.messaging.simp.broker.DefaultSubscriptionRegistry@7518db6c]]
2025-06-27 15:46:20.294 [restartedMain] [INFO] o.s.m.s.b.SimpleBrokerMessageHandler - Started.
2025-06-27 15:46:20.294 [restartedMain] [INFO] o.a.c.h.Http11NioProtocol - Starting ProtocolHandler ["http-nio-8080"]
2025-06-27 15:46:20.314 [restartedMain] [INFO] o.s.b.w.e.t.TomcatWebServer - Tomcat started on port 8080 (http) with context path '/'
2025-06-27 15:46:20.763 [restartedMain] [INFO] o.e.b.BackendProjectApplication - Started BackendProjectApplication in 7.503 seconds (process running for 8.098)
2025-06-27 15:46:20.998 [RMI TCP Connection(2)-172.31.98.113] [INFO] o.a.c.c.C.[.[.[/] - Initializing Spring DispatcherServlet 'dispatcherServlet'
2025-06-27 15:46:20.998 [RMI TCP Connection(2)-172.31.98.113] [INFO] o.s.w.s.DispatcherServlet - Initializing Servlet 'dispatcherServlet'
2025-06-27 15:46:21.000 [RMI TCP Connection(2)-172.31.98.113] [INFO] o.s.w.s.DispatcherServlet - Completed initialization in 1 ms
2025-06-27 15:47:20.259 [MessageBroker-1] [INFO] o.s.w.s.c.WebSocketMessageBrokerStats - WebSocketSession[0 current WS(0)-HttpStream(0)-HttpPoll(0), 0 total, 0 closed abnormally (0 connect failure, 0 send limit, 0 transport error)], stompSubProtocol[processed CONNECT(0)-CONNECTED(0)-DISCONNECT(0)], stompBrokerRelay[null], inboundChannel[pool size = 0, active threads = 0, queued tasks = 0, completed tasks = 0], outboundChannel[pool size = 0, active threads = 0, queued tasks = 0, completed tasks = 0], sockJsScheduler[pool size = 1, active threads = 1, queued tasks = 0, completed tasks = 0]
2025-06-27 16:02:37.680 [SpringApplicationShutdownHook] [INFO] o.s.b.w.e.t.GracefulShutdown - Commencing graceful shutdown. Waiting for active requests to complete
2025-06-27 16:02:38.089 [tomcat-shutdown] [INFO] o.s.b.w.e.t.GracefulShutdown - Graceful shutdown complete
2025-06-27 16:02:38.093 [SpringApplicationShutdownHook] [INFO] o.s.m.s.b.SimpleBrokerMessageHandler - Stopping...
2025-06-27 16:02:38.093 [SpringApplicationShutdownHook] [INFO] o.s.m.s.b.SimpleBrokerMessageHandler - BrokerAvailabilityEvent[available=false, SimpleBrokerMessageHandler [org.springframework.messaging.simp.broker.DefaultSubscriptionRegistry@7518db6c]]
2025-06-27 16:02:38.093 [SpringApplicationShutdownHook] [INFO] o.s.m.s.b.SimpleBrokerMessageHandler - Stopped.
2025-06-27 16:02:38.221 [SpringApplicationShutdownHook] [INFO] o.s.o.j.LocalContainerEntityManagerFactoryBean - Closing JPA EntityManagerFactory for persistence unit 'default'
2025-06-27 16:02:38.224 [SpringApplicationShutdownHook] [INFO] c.z.h.HikariDataSource - HikariPool-1 - Shutdown initiated...
2025-06-27 16:02:38.235 [SpringApplicationShutdownHook] [INFO] c.z.h.HikariDataSource - HikariPool-1 - Shutdown completed.
2025-06-27 16:02:42.633 [restartedMain] [INFO] o.e.b.BackendProjectApplication - Starting BackendProjectApplication using Java 17.0.12 with PID 7368 (C:\backend5\backendProject\build\classes\java\main started by win11 in C:\backend5)
2025-06-27 16:02:42.635 [restartedMain] [INFO] o.e.b.BackendProjectApplication - The following 1 profile is active: "dev"
2025-06-27 16:02:42.691 [restartedMain] [INFO] o.s.b.d.e.DevToolsPropertyDefaultsPostProcessor - Devtools property defaults active! Set 'spring.devtools.add-properties' to 'false' to disable
2025-06-27 16:02:42.691 [restartedMain] [INFO] o.s.b.d.e.DevToolsPropertyDefaultsPostProcessor - For additional web related logging consider setting the 'logging.level.web' property to 'DEBUG'
2025-06-27 16:02:43.999 [restartedMain] [INFO] o.s.d.r.c.RepositoryConfigurationDelegate - Multiple Spring Data modules found, entering strict repository configuration mode
2025-06-27 16:02:44.002 [restartedMain] [INFO] o.s.d.r.c.RepositoryConfigurationDelegate - Bootstrapping Spring Data JPA repositories in DEFAULT mode.
2025-06-27 16:02:44.141 [restartedMain] [INFO] o.s.d.r.c.RepositoryConfigurationDelegate - Finished Spring Data repository scanning in 130 ms. Found 5 JPA repository interfaces.
2025-06-27 16:02:44.152 [restartedMain] [INFO] o.s.d.r.c.RepositoryConfigurationDelegate - Multiple Spring Data modules found, entering strict repository configuration mode
2025-06-27 16:02:44.154 [restartedMain] [INFO] o.s.d.r.c.RepositoryConfigurationDelegate - Bootstrapping Spring Data Redis repositories in DEFAULT mode.
2025-06-27 16:02:44.169 [restartedMain] [INFO] o.s.d.r.c.RepositoryConfigurationExtensionSupport - Spring Data Redis - Could not safely identify store assignment for repository candidate interface org.example.backendproject.Auth.repository.AuthRepository; If you want this repository to be a Redis repository, consider annotating your entities with one of these annotations: org.springframework.data.redis.core.RedisHash (preferred), or consider extending one of the following types with your repository: org.springframework.data.keyvalue.repository.KeyValueRepository
2025-06-27 16:02:44.171 [restartedMain] [INFO] o.s.d.r.c.RepositoryConfigurationExtensionSupport - Spring Data Redis - Could not safely identify store assignment for repository candidate interface org.example.backendproject.board.repository.BoardRepository; If you want this repository to be a Redis repository, consider annotating your entities with one of these annotations: org.springframework.data.redis.core.RedisHash (preferred), or consider extending one of the following types with your repository: org.springframework.data.keyvalue.repository.KeyValueRepository
2025-06-27 16:02:44.171 [restartedMain] [INFO] o.s.d.r.c.RepositoryConfigurationExtensionSupport - Spring Data Redis - Could not safely identify store assignment for repository candidate interface org.example.backendproject.comment.repository.CommentRepository; If you want this repository to be a Redis repository, consider annotating your entities with one of these annotations: org.springframework.data.redis.core.RedisHash (preferred), or consider extending one of the following types with your repository: org.springframework.data.keyvalue.repository.KeyValueRepository
2025-06-27 16:02:44.171 [restartedMain] [INFO] o.s.d.r.c.RepositoryConfigurationExtensionSupport - Spring Data Redis - Could not safely identify store assignment for repository candidate interface org.example.backendproject.purewebsocket.room.repository.RoomRepository; If you want this repository to be a Redis repository, consider annotating your entities with one of these annotations: org.springframework.data.redis.core.RedisHash (preferred), or consider extending one of the following types with your repository: org.springframework.data.keyvalue.repository.KeyValueRepository
2025-06-27 16:02:44.172 [restartedMain] [INFO] o.s.d.r.c.RepositoryConfigurationExtensionSupport - Spring Data Redis - Could not safely identify store assignment for repository candidate interface org.example.backendproject.user.repository.UserRepository; If you want this repository to be a Redis repository, consider annotating your entities with one of these annotations: org.springframework.data.redis.core.RedisHash (preferred), or consider extending one of the following types with your repository: org.springframework.data.keyvalue.repository.KeyValueRepository
2025-06-27 16:02:44.172 [restartedMain] [INFO] o.s.d.r.c.RepositoryConfigurationDelegate - Finished Spring Data repository scanning in 11 ms. Found 0 Redis repository interfaces.
2025-06-27 16:02:44.749 [restartedMain] [INFO] o.s.b.w.e.t.TomcatWebServer - Tomcat initialized with port 8080 (http)
2025-06-27 16:02:44.762 [restartedMain] [INFO] o.a.c.h.Http11NioProtocol - Initializing ProtocolHandler ["http-nio-8080"]
2025-06-27 16:02:44.764 [restartedMain] [INFO] o.a.c.c.StandardService - Starting service [Tomcat]
2025-06-27 16:02:44.764 [restartedMain] [INFO] o.a.c.c.StandardEngine - Starting Servlet engine: [Apache Tomcat/10.1.41]
2025-06-27 16:02:44.815 [restartedMain] [INFO] o.a.c.c.C.[.[.[/] - Initializing Spring embedded WebApplicationContext
2025-06-27 16:02:44.816 [restartedMain] [INFO] o.s.b.w.s.c.ServletWebServerApplicationContext - Root WebApplicationContext: initialization completed in 2123 ms
2025-06-27 16:02:45.022 [restartedMain] [INFO] o.h.j.i.u.LogHelper - HHH000204: Processing PersistenceUnitInfo [name: default]
2025-06-27 16:02:45.065 [restartedMain] [INFO] o.h.Version - HHH000412: Hibernate ORM core version 6.6.15.Final
2025-06-27 16:02:45.089 [restartedMain] [INFO] o.h.c.i.RegionFactoryInitiator - HHH000026: Second-level cache disabled
2025-06-27 16:02:45.316 [restartedMain] [INFO] o.s.o.j.p.SpringPersistenceUnitInfo - No LoadTimeWeaver setup: ignoring JPA class transformer
2025-06-27 16:02:45.342 [restartedMain] [INFO] c.z.h.HikariDataSource - HikariPool-1 - Starting...
2025-06-27 16:02:45.578 [restartedMain] [INFO] c.z.h.p.HikariPool - HikariPool-1 - Added connection com.mysql.cj.jdbc.ConnectionImpl@76c90613
2025-06-27 16:02:45.580 [restartedMain] [INFO] c.z.h.HikariDataSource - HikariPool-1 - Start completed.
2025-06-27 16:02:45.617 [restartedMain] [WARN] o.h.o.deprecation - HHH90000025: MySQL8Dialect does not need to be specified explicitly using 'hibernate.dialect' (remove the property setting and it will be selected by default)
2025-06-27 16:02:45.618 [restartedMain] [WARN] o.h.o.deprecation - HHH90000026: MySQL8Dialect has been deprecated; use org.hibernate.dialect.MySQLDialect instead
2025-06-27 16:02:45.633 [restartedMain] [INFO] o.h.o.c.pooling - HHH10001005: Database info:
	Database JDBC URL [Connecting through datasource 'HikariDataSource (HikariPool-1)']
	Database driver: undefined/unknown
	Database version: 8.0
	Autocommit mode: undefined/unknown
	Isolation level: undefined/unknown
	Minimum pool size: undefined/unknown
	Maximum pool size: undefined/unknown
2025-06-27 16:02:46.519 [restartedMain] [INFO] o.h.e.t.j.p.i.JtaPlatformInitiator - HHH000489: No JTA platform available (set 'hibernate.transaction.jta.platform' to enable JTA platform integration)
2025-06-27 16:02:46.611 [restartedMain] [INFO] o.s.o.j.LocalContainerEntityManagerFactoryBean - Initialized JPA EntityManagerFactory for persistence unit 'default'
2025-06-27 16:02:47.193 [restartedMain] [INFO] o.s.d.j.r.q.QueryEnhancerFactory - Hibernate is in classpath; If applicable, HQL parser will be used.
2025-06-27 16:02:47.992 [restartedMain] [WARN] o.s.b.a.o.j.JpaBaseConfiguration$JpaWebConfiguration - spring.jpa.open-in-view is enabled by default. Therefore, database queries may be performed during view rendering. Explicitly configure spring.jpa.open-in-view to disable this warning
2025-06-27 16:02:48.040 [restartedMain] [INFO] o.s.b.a.w.s.WelcomePageHandlerMapping - Adding welcome page: class path resource [static/index.html]
2025-06-27 16:02:48.238 [restartedMain] [INFO] o.s.b.a.e.w.EndpointLinksResolver - Exposing 14 endpoints beneath base path '/actuator'
2025-06-27 16:02:48.264 [restartedMain] [WARN] o.s.s.c.a.a.c.InitializeUserDetailsBeanManagerConfigurer$InitializeUserDetailsManagerConfigurer - Found 2 UserDetailsService beans, with names [customUserDetailService, customUserDetailsService]. Global Authentication Manager will not use a UserDetailsService for username/password login. Consider publishing a single UserDetailsService bean.
2025-06-27 16:02:48.716 [restartedMain] [INFO] o.s.b.d.a.OptionalLiveReloadServer - LiveReload server is running on port 35729
2025-06-27 16:02:48.770 [restartedMain] [INFO] o.s.m.s.b.SimpleBrokerMessageHandler - Starting...
2025-06-27 16:02:48.770 [restartedMain] [INFO] o.s.m.s.b.SimpleBrokerMessageHandler - BrokerAvailabilityEvent[available=true, SimpleBrokerMessageHandler [org.springframework.messaging.simp.broker.DefaultSubscriptionRegistry@2725385a]]
2025-06-27 16:02:48.771 [restartedMain] [INFO] o.s.m.s.b.SimpleBrokerMessageHandler - Started.
2025-06-27 16:02:48.772 [restartedMain] [INFO] o.a.c.h.Http11NioProtocol - Starting ProtocolHandler ["http-nio-8080"]
2025-06-27 16:02:48.790 [restartedMain] [INFO] o.s.b.w.e.t.TomcatWebServer - Tomcat started on port 8080 (http) with context path '/'
2025-06-27 16:02:48.847 [http-nio-8080-exec-1] [INFO] o.a.c.c.C.[.[.[/] - Initializing Spring DispatcherServlet 'dispatcherServlet'
2025-06-27 16:02:48.847 [http-nio-8080-exec-1] [INFO] o.s.w.s.DispatcherServlet - Initializing Servlet 'dispatcherServlet'
2025-06-27 16:02:48.849 [http-nio-8080-exec-1] [INFO] o.s.w.s.DispatcherServlet - Completed initialization in 2 ms
2025-06-27 16:02:48.969 [http-nio-8080-exec-3] [INFO] o.e.b.s.j.JwtTokenFilter - ❌ 토큰 없음 또는 유효하지 않음: null
2025-06-27 16:02:49.125 [http-nio-8080-exec-4] [INFO] o.e.b.s.j.JwtTokenFilter - ❌ 토큰 없음 또는 유효하지 않음: null
2025-06-27 16:02:49.390 [restartedMain] [INFO] o.e.b.BackendProjectApplication - Started BackendProjectApplication in 7.46 seconds (process running for 8.136)
2025-06-27 16:02:50.414 [http-nio-8080-exec-7] [INFO] o.e.b.s.j.JwtTokenFilter - ❌ 토큰 없음 또는 유효하지 않음: null
2025-06-27 16:03:01.406 [http-nio-8080-exec-8] [WARN] o.e.b.e.GlobalExceptionHandler - 런타임 예외 처리: 사용자가 이미 존재합나다.
2025-06-27 16:03:01.406 [http-nio-8080-exec-8] [ERROR] o.e.b.e.GlobalExceptionHandler - ❗에러라구용!!! 유저업따구요!
2025-06-27 16:03:01.414 [http-nio-8080-exec-8] [WARN] o.s.w.s.m.m.a.ExceptionHandlerExceptionResolver - Resolved [java.lang.RuntimeException: 사용자가 이미 존재합나다.]
2025-06-27 16:03:07.837 [http-nio-8080-exec-1] [INFO] o.e.b.s.j.JwtTokenFilter - ❌ 토큰 없음 또는 유효하지 않음: null
2025-06-27 16:03:07.919 [http-nio-8080-exec-3] [INFO] o.e.b.s.j.JwtTokenFilter - 현재 들어온 HTTP 요청 = /api/user/me
2025-06-27 16:03:07.919 [http-nio-8080-exec-3] [INFO] o.e.b.s.j.JwtTokenFilter - ✅ 토큰 인증 성공: eyJhbGciOiJIUzUxMiJ9.eyJ1c2VyLWlkIjo2LCJ1c2VybmFtZSI6InRlc3QxIiwiaWF0IjoxNzUxMDA3Nzg2LCJleHAiOjE3NTEwMDg3ODZ9.oHxlYknYQOVYMfKB8DbjkaEh_OXWXSfUcsKLur2dqI6OoIBCZoa08X5bO46gAsq1DEwkO14oJDvvw2NhVy3B5Q
2025-06-27 16:03:09.610 [http-nio-8080-exec-5] [INFO] o.e.b.s.j.JwtTokenFilter - ❌ 토큰 없음 또는 유효하지 않음: null
2025-06-27 16:03:09.652 [http-nio-8080-exec-4] [INFO] o.e.b.s.j.JwtTokenFilter - 현재 들어온 HTTP 요청 = /boards
2025-06-27 16:03:09.652 [http-nio-8080-exec-4] [INFO] o.e.b.s.j.JwtTokenFilter - ✅ 토큰 인증 성공: eyJhbGciOiJIUzUxMiJ9.eyJ1c2VyLWlkIjo2LCJ1c2VybmFtZSI6InRlc3QxIiwiaWF0IjoxNzUxMDA3Nzg2LCJleHAiOjE3NTEwMDg3ODZ9.oHxlYknYQOVYMfKB8DbjkaEh_OXWXSfUcsKLur2dqI6OoIBCZoa08X5bO46gAsq1DEwkO14oJDvvw2NhVy3B5Q
2025-06-27 16:03:09.689 [http-nio-8080-exec-4] [WARN] o.s.d.w.c.SpringDataJacksonConfiguration$PageModule$WarningLoggingModifier - Serializing PageImpl instances as-is is not supported, meaning that there is no guarantee about the stability of the resulting JSON structure!
	For a stable JSON structure, please use Spring Data's PagedModel (globally via @EnableSpringDataWebSupport(pageSerializationMode = VIA_DTO))
	or Spring HATEOAS and Spring Data's PagedResourcesAssembler as documented in https://docs.spring.io/spring-data/commons/reference/repositories/core-extensions.html#core.web.pageables.

2025-06-27 16:03:12.377 [http-nio-8080-exec-6] [INFO] o.e.b.s.j.JwtTokenFilter - 현재 들어온 HTTP 요청 = /boards
2025-06-27 16:03:12.378 [http-nio-8080-exec-6] [INFO] o.e.b.s.j.JwtTokenFilter - ✅ 토큰 인증 성공: eyJhbGciOiJIUzUxMiJ9.eyJ1c2VyLWlkIjo2LCJ1c2VybmFtZSI6InRlc3QxIiwiaWF0IjoxNzUxMDA3Nzg2LCJleHAiOjE3NTEwMDg3ODZ9.oHxlYknYQOVYMfKB8DbjkaEh_OXWXSfUcsKLur2dqI6OoIBCZoa08X5bO46gAsq1DEwkO14oJDvvw2NhVy3B5Q
2025-06-27 16:03:12.444 [http-nio-8080-exec-6] [INFO] o.e.b.b.s.BoardService - 글 작성 완료 시간 = 60
2025-06-27 16:03:12.472 [http-nio-8080-exec-7] [INFO] o.e.b.s.j.JwtTokenFilter - 현재 들어온 HTTP 요청 = /boards
2025-06-27 16:03:12.472 [http-nio-8080-exec-7] [INFO] o.e.b.s.j.JwtTokenFilter - ✅ 토큰 인증 성공: eyJhbGciOiJIUzUxMiJ9.eyJ1c2VyLWlkIjo2LCJ1c2VybmFtZSI6InRlc3QxIiwiaWF0IjoxNzUxMDA3Nzg2LCJleHAiOjE3NTEwMDg3ODZ9.oHxlYknYQOVYMfKB8DbjkaEh_OXWXSfUcsKLur2dqI6OoIBCZoa08X5bO46gAsq1DEwkO14oJDvvw2NhVy3B5Q
2025-06-27 16:03:26.752 [http-nio-8080-exec-8] [INFO] o.e.b.s.j.JwtTokenFilter - 현재 들어온 HTTP 요청 = /boards/3
2025-06-27 16:03:26.753 [http-nio-8080-exec-8] [INFO] o.e.b.s.j.JwtTokenFilter - ✅ 토큰 인증 성공: eyJhbGciOiJIUzUxMiJ9.eyJ1c2VyLWlkIjo2LCJ1c2VybmFtZSI6InRlc3QxIiwiaWF0IjoxNzUxMDA3Nzg2LCJleHAiOjE3NTEwMDg3ODZ9.oHxlYknYQOVYMfKB8DbjkaEh_OXWXSfUcsKLur2dqI6OoIBCZoa08X5bO46gAsq1DEwkO14oJDvvw2NhVy3B5Q
2025-06-27 16:03:26.788 [http-nio-8080-exec-9] [INFO] o.e.b.s.j.JwtTokenFilter - 현재 들어온 HTTP 요청 = /api/comments
2025-06-27 16:03:26.788 [http-nio-8080-exec-9] [INFO] o.e.b.s.j.JwtTokenFilter - ✅ 토큰 인증 성공: eyJhbGciOiJIUzUxMiJ9.eyJ1c2VyLWlkIjo2LCJ1c2VybmFtZSI6InRlc3QxIiwiaWF0IjoxNzUxMDA3Nzg2LCJleHAiOjE3NTEwMDg3ODZ9.oHxlYknYQOVYMfKB8DbjkaEh_OXWXSfUcsKLur2dqI6OoIBCZoa08X5bO46gAsq1DEwkO14oJDvvw2NhVy3B5Q
2025-06-27 16:03:27.758 [http-nio-8080-exec-10] [INFO] o.e.b.s.j.JwtTokenFilter - 현재 들어온 HTTP 요청 = /boards/3
2025-06-27 16:03:27.758 [http-nio-8080-exec-10] [INFO] o.e.b.s.j.JwtTokenFilter - ✅ 토큰 인증 성공: eyJhbGciOiJIUzUxMiJ9.eyJ1c2VyLWlkIjo2LCJ1c2VybmFtZSI6InRlc3QxIiwiaWF0IjoxNzUxMDA3Nzg2LCJleHAiOjE3NTEwMDg3ODZ9.oHxlYknYQOVYMfKB8DbjkaEh_OXWXSfUcsKLur2dqI6OoIBCZoa08X5bO46gAsq1DEwkO14oJDvvw2NhVy3B5Q
2025-06-27 16:03:29.421 [http-nio-8080-exec-1] [INFO] o.e.b.s.j.JwtTokenFilter - 현재 들어온 HTTP 요청 = /boards/3
2025-06-27 16:03:29.421 [http-nio-8080-exec-1] [INFO] o.e.b.s.j.JwtTokenFilter - ✅ 토큰 인증 성공: eyJhbGciOiJIUzUxMiJ9.eyJ1c2VyLWlkIjo2LCJ1c2VybmFtZSI6InRlc3QxIiwiaWF0IjoxNzUxMDA3Nzg2LCJleHAiOjE3NTEwMDg3ODZ9.oHxlYknYQOVYMfKB8DbjkaEh_OXWXSfUcsKLur2dqI6OoIBCZoa08X5bO46gAsq1DEwkO14oJDvvw2NhVy3B5Q
2025-06-27 16:03:29.431 [http-nio-8080-exec-1] [INFO] o.e.b.b.s.BoardService - 글 수정 완료 시간 = 4
2025-06-27 16:03:29.474 [http-nio-8080-exec-3] [INFO] o.e.b.s.j.JwtTokenFilter - 현재 들어온 HTTP 요청 = /boards
2025-06-27 16:03:29.475 [http-nio-8080-exec-3] [INFO] o.e.b.s.j.JwtTokenFilter - ✅ 토큰 인증 성공: eyJhbGciOiJIUzUxMiJ9.eyJ1c2VyLWlkIjo2LCJ1c2VybmFtZSI6InRlc3QxIiwiaWF0IjoxNzUxMDA3Nzg2LCJleHAiOjE3NTEwMDg3ODZ9.oHxlYknYQOVYMfKB8DbjkaEh_OXWXSfUcsKLur2dqI6OoIBCZoa08X5bO46gAsq1DEwkO14oJDvvw2NhVy3B5Q
2025-06-27 16:03:42.066 [http-nio-8080-exec-2] [INFO] o.e.b.s.j.JwtTokenFilter - 현재 들어온 HTTP 요청 = /boards/3
2025-06-27 16:03:42.067 [http-nio-8080-exec-2] [INFO] o.e.b.s.j.JwtTokenFilter - ✅ 토큰 인증 성공: eyJhbGciOiJIUzUxMiJ9.eyJ1c2VyLWlkIjo2LCJ1c2VybmFtZSI6InRlc3QxIiwiaWF0IjoxNzUxMDA3Nzg2LCJleHAiOjE3NTEwMDg3ODZ9.oHxlYknYQOVYMfKB8DbjkaEh_OXWXSfUcsKLur2dqI6OoIBCZoa08X5bO46gAsq1DEwkO14oJDvvw2NhVy3B5Q
2025-06-27 16:03:42.098 [http-nio-8080-exec-5] [INFO] o.e.b.s.j.JwtTokenFilter - 현재 들어온 HTTP 요청 = /api/comments
2025-06-27 16:03:42.098 [http-nio-8080-exec-5] [INFO] o.e.b.s.j.JwtTokenFilter - ✅ 토큰 인증 성공: eyJhbGciOiJIUzUxMiJ9.eyJ1c2VyLWlkIjo2LCJ1c2VybmFtZSI6InRlc3QxIiwiaWF0IjoxNzUxMDA3Nzg2LCJleHAiOjE3NTEwMDg3ODZ9.oHxlYknYQOVYMfKB8DbjkaEh_OXWXSfUcsKLur2dqI6OoIBCZoa08X5bO46gAsq1DEwkO14oJDvvw2NhVy3B5Q
2025-06-27 16:03:48.738 [MessageBroker-1] [INFO] o.s.w.s.c.WebSocketMessageBrokerStats - WebSocketSession[0 current WS(0)-HttpStream(0)-HttpPoll(0), 0 total, 0 closed abnormally (0 connect failure, 0 send limit, 0 transport error)], stompSubProtocol[processed CONNECT(0)-CONNECTED(0)-DISCONNECT(0)], stompBrokerRelay[null], inboundChannel[pool size = 0, active threads = 0, queued tasks = 0, completed tasks = 0], outboundChannel[pool size = 0, active threads = 0, queued tasks = 0, completed tasks = 0], sockJsScheduler[pool size = 1, active threads = 1, queued tasks = 0, completed tasks = 0]
2025-06-27 16:16:19.674 [SpringApplicationShutdownHook] [INFO] o.s.b.w.e.t.GracefulShutdown - Commencing graceful shutdown. Waiting for active requests to complete
2025-06-27 16:16:20.007 [tomcat-shutdown] [INFO] o.s.b.w.e.t.GracefulShutdown - Graceful shutdown complete
2025-06-27 16:16:20.025 [SpringApplicationShutdownHook] [INFO] o.s.m.s.b.SimpleBrokerMessageHandler - Stopping...
2025-06-27 16:16:20.025 [SpringApplicationShutdownHook] [INFO] o.s.m.s.b.SimpleBrokerMessageHandler - BrokerAvailabilityEvent[available=false, SimpleBrokerMessageHandler [org.springframework.messaging.simp.broker.DefaultSubscriptionRegistry@2725385a]]
2025-06-27 16:16:20.025 [SpringApplicationShutdownHook] [INFO] o.s.m.s.b.SimpleBrokerMessageHandler - Stopped.
2025-06-27 16:16:20.156 [SpringApplicationShutdownHook] [INFO] o.s.o.j.LocalContainerEntityManagerFactoryBean - Closing JPA EntityManagerFactory for persistence unit 'default'
2025-06-27 16:16:20.160 [SpringApplicationShutdownHook] [INFO] c.z.h.HikariDataSource - HikariPool-1 - Shutdown initiated...
2025-06-27 16:16:20.171 [SpringApplicationShutdownHook] [INFO] c.z.h.HikariDataSource - HikariPool-1 - Shutdown completed.
2025-06-27 16:16:24.207 [restartedMain] [INFO] o.e.b.BackendProjectApplication - Starting BackendProjectApplication using Java 17.0.12 with PID 22508 (C:\backend5\backendProject\build\classes\java\main started by win11 in C:\backend5)
2025-06-27 16:16:24.209 [restartedMain] [INFO] o.e.b.BackendProjectApplication - The following 1 profile is active: "dev"
2025-06-27 16:16:24.246 [restartedMain] [INFO] o.s.b.d.e.DevToolsPropertyDefaultsPostProcessor - Devtools property defaults active! Set 'spring.devtools.add-properties' to 'false' to disable
2025-06-27 16:16:24.247 [restartedMain] [INFO] o.s.b.d.e.DevToolsPropertyDefaultsPostProcessor - For additional web related logging consider setting the 'logging.level.web' property to 'DEBUG'
2025-06-27 16:16:25.339 [restartedMain] [INFO] o.s.d.r.c.RepositoryConfigurationDelegate - Multiple Spring Data modules found, entering strict repository configuration mode
2025-06-27 16:16:25.340 [restartedMain] [INFO] o.s.d.r.c.RepositoryConfigurationDelegate - Bootstrapping Spring Data JPA repositories in DEFAULT mode.
2025-06-27 16:16:25.479 [restartedMain] [INFO] o.s.d.r.c.RepositoryConfigurationDelegate - Finished Spring Data repository scanning in 129 ms. Found 5 JPA repository interfaces.
2025-06-27 16:16:25.492 [restartedMain] [INFO] o.s.d.r.c.RepositoryConfigurationDelegate - Multiple Spring Data modules found, entering strict repository configuration mode
2025-06-27 16:16:25.492 [restartedMain] [INFO] o.s.d.r.c.RepositoryConfigurationDelegate - Bootstrapping Spring Data Redis repositories in DEFAULT mode.
2025-06-27 16:16:25.510 [restartedMain] [INFO] o.s.d.r.c.RepositoryConfigurationExtensionSupport - Spring Data Redis - Could not safely identify store assignment for repository candidate interface org.example.backendproject.Auth.repository.AuthRepository; If you want this repository to be a Redis repository, consider annotating your entities with one of these annotations: org.springframework.data.redis.core.RedisHash (preferred), or consider extending one of the following types with your repository: org.springframework.data.keyvalue.repository.KeyValueRepository
2025-06-27 16:16:25.511 [restartedMain] [INFO] o.s.d.r.c.RepositoryConfigurationExtensionSupport - Spring Data Redis - Could not safely identify store assignment for repository candidate interface org.example.backendproject.board.repository.BoardRepository; If you want this repository to be a Redis repository, consider annotating your entities with one of these annotations: org.springframework.data.redis.core.RedisHash (preferred), or consider extending one of the following types with your repository: org.springframework.data.keyvalue.repository.KeyValueRepository
2025-06-27 16:16:25.511 [restartedMain] [INFO] o.s.d.r.c.RepositoryConfigurationExtensionSupport - Spring Data Redis - Could not safely identify store assignment for repository candidate interface org.example.backendproject.comment.repository.CommentRepository; If you want this repository to be a Redis repository, consider annotating your entities with one of these annotations: org.springframework.data.redis.core.RedisHash (preferred), or consider extending one of the following types with your repository: org.springframework.data.keyvalue.repository.KeyValueRepository
2025-06-27 16:16:25.512 [restartedMain] [INFO] o.s.d.r.c.RepositoryConfigurationExtensionSupport - Spring Data Redis - Could not safely identify store assignment for repository candidate interface org.example.backendproject.purewebsocket.room.repository.RoomRepository; If you want this repository to be a Redis repository, consider annotating your entities with one of these annotations: org.springframework.data.redis.core.RedisHash (preferred), or consider extending one of the following types with your repository: org.springframework.data.keyvalue.repository.KeyValueRepository
2025-06-27 16:16:25.513 [restartedMain] [INFO] o.s.d.r.c.RepositoryConfigurationExtensionSupport - Spring Data Redis - Could not safely identify store assignment for repository candidate interface org.example.backendproject.user.repository.UserRepository; If you want this repository to be a Redis repository, consider annotating your entities with one of these annotations: org.springframework.data.redis.core.RedisHash (preferred), or consider extending one of the following types with your repository: org.springframework.data.keyvalue.repository.KeyValueRepository
2025-06-27 16:16:25.514 [restartedMain] [INFO] o.s.d.r.c.RepositoryConfigurationDelegate - Finished Spring Data repository scanning in 11 ms. Found 0 Redis repository interfaces.
2025-06-27 16:16:26.115 [restartedMain] [INFO] o.s.b.w.e.t.TomcatWebServer - Tomcat initialized with port 8080 (http)
2025-06-27 16:16:26.126 [restartedMain] [INFO] o.a.c.h.Http11NioProtocol - Initializing ProtocolHandler ["http-nio-8080"]
2025-06-27 16:16:26.127 [restartedMain] [INFO] o.a.c.c.StandardService - Starting service [Tomcat]
2025-06-27 16:16:26.127 [restartedMain] [INFO] o.a.c.c.StandardEngine - Starting Servlet engine: [Apache Tomcat/10.1.41]
2025-06-27 16:16:26.173 [restartedMain] [INFO] o.a.c.c.C.[.[.[/] - Initializing Spring embedded WebApplicationContext
2025-06-27 16:16:26.173 [restartedMain] [INFO] o.s.b.w.s.c.ServletWebServerApplicationContext - Root WebApplicationContext: initialization completed in 1926 ms
2025-06-27 16:16:26.391 [restartedMain] [INFO] o.h.j.i.u.LogHelper - HHH000204: Processing PersistenceUnitInfo [name: default]
2025-06-27 16:16:26.458 [restartedMain] [INFO] o.h.Version - HHH000412: Hibernate ORM core version 6.6.15.Final
2025-06-27 16:16:26.488 [restartedMain] [INFO] o.h.c.i.RegionFactoryInitiator - HHH000026: Second-level cache disabled
2025-06-27 16:16:26.763 [restartedMain] [INFO] o.s.o.j.p.SpringPersistenceUnitInfo - No LoadTimeWeaver setup: ignoring JPA class transformer
2025-06-27 16:16:26.790 [restartedMain] [INFO] c.z.h.HikariDataSource - HikariPool-1 - Starting...
2025-06-27 16:16:27.074 [restartedMain] [INFO] c.z.h.p.HikariPool - HikariPool-1 - Added connection com.mysql.cj.jdbc.ConnectionImpl@7cba799b
2025-06-27 16:16:27.076 [restartedMain] [INFO] c.z.h.HikariDataSource - HikariPool-1 - Start completed.
2025-06-27 16:16:27.117 [restartedMain] [WARN] o.h.o.deprecation - HHH90000025: MySQL8Dialect does not need to be specified explicitly using 'hibernate.dialect' (remove the property setting and it will be selected by default)
2025-06-27 16:16:27.118 [restartedMain] [WARN] o.h.o.deprecation - HHH90000026: MySQL8Dialect has been deprecated; use org.hibernate.dialect.MySQLDialect instead
2025-06-27 16:16:27.135 [restartedMain] [INFO] o.h.o.c.pooling - HHH10001005: Database info:
	Database JDBC URL [Connecting through datasource 'HikariDataSource (HikariPool-1)']
	Database driver: undefined/unknown
	Database version: 8.0
	Autocommit mode: undefined/unknown
	Isolation level: undefined/unknown
	Minimum pool size: undefined/unknown
	Maximum pool size: undefined/unknown
2025-06-27 16:16:28.157 [restartedMain] [INFO] o.h.e.t.j.p.i.JtaPlatformInitiator - HHH000489: No JTA platform available (set 'hibernate.transaction.jta.platform' to enable JTA platform integration)
2025-06-27 16:16:28.260 [restartedMain] [INFO] o.s.o.j.LocalContainerEntityManagerFactoryBean - Initialized JPA EntityManagerFactory for persistence unit 'default'
2025-06-27 16:16:28.872 [restartedMain] [INFO] o.s.d.j.r.q.QueryEnhancerFactory - Hibernate is in classpath; If applicable, HQL parser will be used.
2025-06-27 16:16:29.569 [restartedMain] [WARN] o.s.b.a.o.j.JpaBaseConfiguration$JpaWebConfiguration - spring.jpa.open-in-view is enabled by default. Therefore, database queries may be performed during view rendering. Explicitly configure spring.jpa.open-in-view to disable this warning
2025-06-27 16:16:29.622 [restartedMain] [INFO] o.s.b.a.w.s.WelcomePageHandlerMapping - Adding welcome page: class path resource [static/index.html]
2025-06-27 16:16:29.839 [restartedMain] [INFO] o.s.b.a.e.w.EndpointLinksResolver - Exposing 14 endpoints beneath base path '/actuator'
2025-06-27 16:16:29.882 [restartedMain] [WARN] o.s.s.c.a.a.c.InitializeUserDetailsBeanManagerConfigurer$InitializeUserDetailsManagerConfigurer - Found 2 UserDetailsService beans, with names [customUserDetailService, customUserDetailsService]. Global Authentication Manager will not use a UserDetailsService for username/password login. Consider publishing a single UserDetailsService bean.
2025-06-27 16:16:30.362 [restartedMain] [INFO] o.s.b.d.a.OptionalLiveReloadServer - LiveReload server is running on port 35729
2025-06-27 16:16:30.415 [restartedMain] [INFO] o.s.m.s.b.SimpleBrokerMessageHandler - Starting...
2025-06-27 16:16:30.416 [restartedMain] [INFO] o.s.m.s.b.SimpleBrokerMessageHandler - BrokerAvailabilityEvent[available=true, SimpleBrokerMessageHandler [org.springframework.messaging.simp.broker.DefaultSubscriptionRegistry@8487397]]
2025-06-27 16:16:30.416 [restartedMain] [INFO] o.s.m.s.b.SimpleBrokerMessageHandler - Started.
2025-06-27 16:16:30.417 [restartedMain] [INFO] o.a.c.h.Http11NioProtocol - Starting ProtocolHandler ["http-nio-8080"]
2025-06-27 16:16:30.446 [restartedMain] [INFO] o.s.b.w.e.t.TomcatWebServer - Tomcat started on port 8080 (http) with context path '/'
2025-06-27 16:16:30.893 [restartedMain] [INFO] o.e.b.BackendProjectApplication - Started BackendProjectApplication in 7.246 seconds (process running for 7.914)
2025-06-27 16:16:31.253 [RMI TCP Connection(1)-172.31.98.113] [INFO] o.a.c.c.C.[.[.[/] - Initializing Spring DispatcherServlet 'dispatcherServlet'
2025-06-27 16:16:31.253 [RMI TCP Connection(1)-172.31.98.113] [INFO] o.s.w.s.DispatcherServlet - Initializing Servlet 'dispatcherServlet'
2025-06-27 16:16:31.254 [RMI TCP Connection(1)-172.31.98.113] [INFO] o.s.w.s.DispatcherServlet - Completed initialization in 1 ms
2025-06-27 16:16:36.440 [http-nio-8080-exec-3] [INFO] o.e.b.s.j.JwtTokenFilter - ❌ 토큰 없음 또는 유효하지 않음: null
2025-06-27 16:16:36.922 [http-nio-8080-exec-4] [INFO] o.e.b.s.j.JwtTokenFilter - ❌ 토큰 없음 또는 유효하지 않음: null
2025-06-27 16:16:42.304 [http-nio-8080-exec-8] [INFO] o.e.b.s.j.JwtTokenFilter - ❌ 토큰 없음 또는 유효하지 않음: null
2025-06-27 16:16:42.405 [http-nio-8080-exec-9] [INFO] o.e.b.s.j.JwtTokenFilter - 현재 들어온 HTTP 요청 = /api/user/me
2025-06-27 16:16:42.405 [http-nio-8080-exec-9] [INFO] o.e.b.s.j.JwtTokenFilter - ✅ 토큰 인증 성공: eyJhbGciOiJIUzUxMiJ9.eyJ1c2VyLWlkIjo2LCJ1c2VybmFtZSI6InRlc3QxIiwiaWF0IjoxNzUxMDA4NjAxLCJleHAiOjE3NTEwMDk2MDF9.-J_ZMFRbANs17mkNJhpQ2VLHk85TDGXi7Ny6eakIlVlSAImnZ6swsHlLJSYW-CXIZJlOwe9YawEuMM45qM9W8A
2025-06-27 16:16:45.578 [http-nio-8080-exec-1] [INFO] o.e.b.s.j.JwtTokenFilter - ❌ 토큰 없음 또는 유효하지 않음: null
2025-06-27 16:16:45.622 [http-nio-8080-exec-3] [INFO] o.e.b.s.j.JwtTokenFilter - 현재 들어온 HTTP 요청 = /boards
2025-06-27 16:16:45.623 [http-nio-8080-exec-3] [INFO] o.e.b.s.j.JwtTokenFilter - ✅ 토큰 인증 성공: eyJhbGciOiJIUzUxMiJ9.eyJ1c2VyLWlkIjo2LCJ1c2VybmFtZSI6InRlc3QxIiwiaWF0IjoxNzUxMDA4NjAxLCJleHAiOjE3NTEwMDk2MDF9.-J_ZMFRbANs17mkNJhpQ2VLHk85TDGXi7Ny6eakIlVlSAImnZ6swsHlLJSYW-CXIZJlOwe9YawEuMM45qM9W8A
2025-06-27 16:16:45.666 [http-nio-8080-exec-3] [WARN] o.s.d.w.c.SpringDataJacksonConfiguration$PageModule$WarningLoggingModifier - Serializing PageImpl instances as-is is not supported, meaning that there is no guarantee about the stability of the resulting JSON structure!
	For a stable JSON structure, please use Spring Data's PagedModel (globally via @EnableSpringDataWebSupport(pageSerializationMode = VIA_DTO))
	or Spring HATEOAS and Spring Data's PagedResourcesAssembler as documented in https://docs.spring.io/spring-data/commons/reference/repositories/core-extensions.html#core.web.pageables.

2025-06-27 16:16:47.834 [http-nio-8080-exec-2] [INFO] o.e.b.s.j.JwtTokenFilter - 현재 들어온 HTTP 요청 = /boards
2025-06-27 16:16:47.834 [http-nio-8080-exec-2] [INFO] o.e.b.s.j.JwtTokenFilter - ✅ 토큰 인증 성공: eyJhbGciOiJIUzUxMiJ9.eyJ1c2VyLWlkIjo2LCJ1c2VybmFtZSI6InRlc3QxIiwiaWF0IjoxNzUxMDA4NjAxLCJleHAiOjE3NTEwMDk2MDF9.-J_ZMFRbANs17mkNJhpQ2VLHk85TDGXi7Ny6eakIlVlSAImnZ6swsHlLJSYW-CXIZJlOwe9YawEuMM45qM9W8A
2025-06-27 16:16:47.995 [http-nio-8080-exec-5] [INFO] o.e.b.s.j.JwtTokenFilter - 현재 들어온 HTTP 요청 = /boards
2025-06-27 16:16:47.996 [http-nio-8080-exec-5] [INFO] o.e.b.s.j.JwtTokenFilter - ✅ 토큰 인증 성공: eyJhbGciOiJIUzUxMiJ9.eyJ1c2VyLWlkIjo2LCJ1c2VybmFtZSI6InRlc3QxIiwiaWF0IjoxNzUxMDA4NjAxLCJleHAiOjE3NTEwMDk2MDF9.-J_ZMFRbANs17mkNJhpQ2VLHk85TDGXi7Ny6eakIlVlSAImnZ6swsHlLJSYW-CXIZJlOwe9YawEuMM45qM9W8A
2025-06-27 16:17:23.078 [http-nio-8080-exec-4] [INFO] o.e.b.s.j.JwtTokenFilter - 현재 들어온 HTTP 요청 = /boards
2025-06-27 16:17:23.078 [http-nio-8080-exec-4] [INFO] o.e.b.s.j.JwtTokenFilter - ✅ 토큰 인증 성공: eyJhbGciOiJIUzUxMiJ9.eyJ1c2VyLWlkIjo2LCJ1c2VybmFtZSI6InRlc3QxIiwiaWF0IjoxNzUxMDA4NjAxLCJleHAiOjE3NTEwMDk2MDF9.-J_ZMFRbANs17mkNJhpQ2VLHk85TDGXi7Ny6eakIlVlSAImnZ6swsHlLJSYW-CXIZJlOwe9YawEuMM45qM9W8A
2025-06-27 16:17:23.107 [http-nio-8080-exec-6] [INFO] o.e.b.s.j.JwtTokenFilter - 현재 들어온 HTTP 요청 = /boards
2025-06-27 16:17:23.108 [http-nio-8080-exec-6] [INFO] o.e.b.s.j.JwtTokenFilter - ✅ 토큰 인증 성공: eyJhbGciOiJIUzUxMiJ9.eyJ1c2VyLWlkIjo2LCJ1c2VybmFtZSI6InRlc3QxIiwiaWF0IjoxNzUxMDA4NjAxLCJleHAiOjE3NTEwMDk2MDF9.-J_ZMFRbANs17mkNJhpQ2VLHk85TDGXi7Ny6eakIlVlSAImnZ6swsHlLJSYW-CXIZJlOwe9YawEuMM45qM9W8A
2025-06-27 16:17:30.390 [MessageBroker-1] [INFO] o.s.w.s.c.WebSocketMessageBrokerStats - WebSocketSession[0 current WS(0)-HttpStream(0)-HttpPoll(0), 0 total, 0 closed abnormally (0 connect failure, 0 send limit, 0 transport error)], stompSubProtocol[processed CONNECT(0)-CONNECTED(0)-DISCONNECT(0)], stompBrokerRelay[null], inboundChannel[pool size = 0, active threads = 0, queued tasks = 0, completed tasks = 0], outboundChannel[pool size = 0, active threads = 0, queued tasks = 0, completed tasks = 0], sockJsScheduler[pool size = 1, active threads = 1, queued tasks = 0, completed tasks = 0]
2025-06-27 16:18:06.223 [SpringApplicationShutdownHook] [INFO] o.s.b.w.e.t.GracefulShutdown - Commencing graceful shutdown. Waiting for active requests to complete
2025-06-27 16:18:06.540 [tomcat-shutdown] [INFO] o.s.b.w.e.t.GracefulShutdown - Graceful shutdown complete
2025-06-27 16:18:06.543 [SpringApplicationShutdownHook] [INFO] o.s.m.s.b.SimpleBrokerMessageHandler - Stopping...
2025-06-27 16:18:06.543 [SpringApplicationShutdownHook] [INFO] o.s.m.s.b.SimpleBrokerMessageHandler - BrokerAvailabilityEvent[available=false, SimpleBrokerMessageHandler [org.springframework.messaging.simp.broker.DefaultSubscriptionRegistry@8487397]]
2025-06-27 16:18:06.543 [SpringApplicationShutdownHook] [INFO] o.s.m.s.b.SimpleBrokerMessageHandler - Stopped.
2025-06-27 16:18:06.668 [SpringApplicationShutdownHook] [INFO] o.s.o.j.LocalContainerEntityManagerFactoryBean - Closing JPA EntityManagerFactory for persistence unit 'default'
2025-06-27 16:18:06.671 [SpringApplicationShutdownHook] [INFO] c.z.h.HikariDataSource - HikariPool-1 - Shutdown initiated...
2025-06-27 16:18:06.684 [SpringApplicationShutdownHook] [INFO] c.z.h.HikariDataSource - HikariPool-1 - Shutdown completed.
2025-06-27 16:18:10.241 [restartedMain] [INFO] o.e.b.BackendProjectApplication - Starting BackendProjectApplication using Java 17.0.12 with PID 2104 (C:\backend5\backendProject\build\classes\java\main started by win11 in C:\backend5)
2025-06-27 16:18:10.243 [restartedMain] [INFO] o.e.b.BackendProjectApplication - The following 1 profile is active: "dev"
2025-06-27 16:18:10.313 [restartedMain] [INFO] o.s.b.d.e.DevToolsPropertyDefaultsPostProcessor - Devtools property defaults active! Set 'spring.devtools.add-properties' to 'false' to disable
2025-06-27 16:18:10.313 [restartedMain] [INFO] o.s.b.d.e.DevToolsPropertyDefaultsPostProcessor - For additional web related logging consider setting the 'logging.level.web' property to 'DEBUG'
2025-06-27 16:18:11.645 [restartedMain] [INFO] o.s.d.r.c.RepositoryConfigurationDelegate - Multiple Spring Data modules found, entering strict repository configuration mode
2025-06-27 16:18:11.646 [restartedMain] [INFO] o.s.d.r.c.RepositoryConfigurationDelegate - Bootstrapping Spring Data JPA repositories in DEFAULT mode.
2025-06-27 16:18:11.792 [restartedMain] [INFO] o.s.d.r.c.RepositoryConfigurationDelegate - Finished Spring Data repository scanning in 137 ms. Found 5 JPA repository interfaces.
2025-06-27 16:18:11.804 [restartedMain] [INFO] o.s.d.r.c.RepositoryConfigurationDelegate - Multiple Spring Data modules found, entering strict repository configuration mode
2025-06-27 16:18:11.805 [restartedMain] [INFO] o.s.d.r.c.RepositoryConfigurationDelegate - Bootstrapping Spring Data Redis repositories in DEFAULT mode.
2025-06-27 16:18:11.822 [restartedMain] [INFO] o.s.d.r.c.RepositoryConfigurationExtensionSupport - Spring Data Redis - Could not safely identify store assignment for repository candidate interface org.example.backendproject.Auth.repository.AuthRepository; If you want this repository to be a Redis repository, consider annotating your entities with one of these annotations: org.springframework.data.redis.core.RedisHash (preferred), or consider extending one of the following types with your repository: org.springframework.data.keyvalue.repository.KeyValueRepository
2025-06-27 16:18:11.823 [restartedMain] [INFO] o.s.d.r.c.RepositoryConfigurationExtensionSupport - Spring Data Redis - Could not safely identify store assignment for repository candidate interface org.example.backendproject.board.repository.BoardRepository; If you want this repository to be a Redis repository, consider annotating your entities with one of these annotations: org.springframework.data.redis.core.RedisHash (preferred), or consider extending one of the following types with your repository: org.springframework.data.keyvalue.repository.KeyValueRepository
2025-06-27 16:18:11.823 [restartedMain] [INFO] o.s.d.r.c.RepositoryConfigurationExtensionSupport - Spring Data Redis - Could not safely identify store assignment for repository candidate interface org.example.backendproject.comment.repository.CommentRepository; If you want this repository to be a Redis repository, consider annotating your entities with one of these annotations: org.springframework.data.redis.core.RedisHash (preferred), or consider extending one of the following types with your repository: org.springframework.data.keyvalue.repository.KeyValueRepository
2025-06-27 16:18:11.824 [restartedMain] [INFO] o.s.d.r.c.RepositoryConfigurationExtensionSupport - Spring Data Redis - Could not safely identify store assignment for repository candidate interface org.example.backendproject.purewebsocket.room.repository.RoomRepository; If you want this repository to be a Redis repository, consider annotating your entities with one of these annotations: org.springframework.data.redis.core.RedisHash (preferred), or consider extending one of the following types with your repository: org.springframework.data.keyvalue.repository.KeyValueRepository
2025-06-27 16:18:11.824 [restartedMain] [INFO] o.s.d.r.c.RepositoryConfigurationExtensionSupport - Spring Data Redis - Could not safely identify store assignment for repository candidate interface org.example.backendproject.user.repository.UserRepository; If you want this repository to be a Redis repository, consider annotating your entities with one of these annotations: org.springframework.data.redis.core.RedisHash (preferred), or consider extending one of the following types with your repository: org.springframework.data.keyvalue.repository.KeyValueRepository
2025-06-27 16:18:11.824 [restartedMain] [INFO] o.s.d.r.c.RepositoryConfigurationDelegate - Finished Spring Data repository scanning in 11 ms. Found 0 Redis repository interfaces.
2025-06-27 16:18:12.557 [restartedMain] [INFO] o.s.b.w.e.t.TomcatWebServer - Tomcat initialized with port 8080 (http)
2025-06-27 16:18:12.567 [restartedMain] [INFO] o.a.c.h.Http11NioProtocol - Initializing ProtocolHandler ["http-nio-8080"]
2025-06-27 16:18:12.568 [restartedMain] [INFO] o.a.c.c.StandardService - Starting service [Tomcat]
2025-06-27 16:18:12.568 [restartedMain] [INFO] o.a.c.c.StandardEngine - Starting Servlet engine: [Apache Tomcat/10.1.41]
2025-06-27 16:18:12.610 [restartedMain] [INFO] o.a.c.c.C.[.[.[/] - Initializing Spring embedded WebApplicationContext
2025-06-27 16:18:12.610 [restartedMain] [INFO] o.s.b.w.s.c.ServletWebServerApplicationContext - Root WebApplicationContext: initialization completed in 2296 ms
2025-06-27 16:18:12.892 [restartedMain] [INFO] o.h.j.i.u.LogHelper - HHH000204: Processing PersistenceUnitInfo [name: default]
2025-06-27 16:18:12.944 [restartedMain] [INFO] o.h.Version - HHH000412: Hibernate ORM core version 6.6.15.Final
2025-06-27 16:18:12.973 [restartedMain] [INFO] o.h.c.i.RegionFactoryInitiator - HHH000026: Second-level cache disabled
2025-06-27 16:18:13.235 [restartedMain] [INFO] o.s.o.j.p.SpringPersistenceUnitInfo - No LoadTimeWeaver setup: ignoring JPA class transformer
2025-06-27 16:18:13.268 [restartedMain] [INFO] c.z.h.HikariDataSource - HikariPool-1 - Starting...
2025-06-27 16:18:13.532 [restartedMain] [INFO] c.z.h.p.HikariPool - HikariPool-1 - Added connection com.mysql.cj.jdbc.ConnectionImpl@118ec3b5
2025-06-27 16:18:13.534 [restartedMain] [INFO] c.z.h.HikariDataSource - HikariPool-1 - Start completed.
2025-06-27 16:18:13.576 [restartedMain] [WARN] o.h.o.deprecation - HHH90000025: MySQL8Dialect does not need to be specified explicitly using 'hibernate.dialect' (remove the property setting and it will be selected by default)
2025-06-27 16:18:13.577 [restartedMain] [WARN] o.h.o.deprecation - HHH90000026: MySQL8Dialect has been deprecated; use org.hibernate.dialect.MySQLDialect instead
2025-06-27 16:18:13.598 [restartedMain] [INFO] o.h.o.c.pooling - HHH10001005: Database info:
	Database JDBC URL [Connecting through datasource 'HikariDataSource (HikariPool-1)']
	Database driver: undefined/unknown
	Database version: 8.0
	Autocommit mode: undefined/unknown
	Isolation level: undefined/unknown
	Minimum pool size: undefined/unknown
	Maximum pool size: undefined/unknown
2025-06-27 16:18:14.522 [restartedMain] [INFO] o.h.e.t.j.p.i.JtaPlatformInitiator - HHH000489: No JTA platform available (set 'hibernate.transaction.jta.platform' to enable JTA platform integration)
2025-06-27 16:18:14.617 [restartedMain] [INFO] o.s.o.j.LocalContainerEntityManagerFactoryBean - Initialized JPA EntityManagerFactory for persistence unit 'default'
2025-06-27 16:18:15.391 [restartedMain] [INFO] o.s.d.j.r.q.QueryEnhancerFactory - Hibernate is in classpath; If applicable, HQL parser will be used.
2025-06-27 16:18:16.188 [restartedMain] [WARN] o.s.b.a.o.j.JpaBaseConfiguration$JpaWebConfiguration - spring.jpa.open-in-view is enabled by default. Therefore, database queries may be performed during view rendering. Explicitly configure spring.jpa.open-in-view to disable this warning
2025-06-27 16:18:16.284 [restartedMain] [INFO] o.s.b.a.w.s.WelcomePageHandlerMapping - Adding welcome page: class path resource [static/index.html]
2025-06-27 16:18:16.564 [restartedMain] [INFO] o.s.b.a.e.w.EndpointLinksResolver - Exposing 14 endpoints beneath base path '/actuator'
2025-06-27 16:18:16.597 [restartedMain] [WARN] o.s.s.c.a.a.c.InitializeUserDetailsBeanManagerConfigurer$InitializeUserDetailsManagerConfigurer - Found 2 UserDetailsService beans, with names [customUserDetailService, customUserDetailsService]. Global Authentication Manager will not use a UserDetailsService for username/password login. Consider publishing a single UserDetailsService bean.
2025-06-27 16:18:17.257 [restartedMain] [INFO] o.s.b.d.a.OptionalLiveReloadServer - LiveReload server is running on port 35729
2025-06-27 16:18:17.312 [restartedMain] [INFO] o.s.m.s.b.SimpleBrokerMessageHandler - Starting...
2025-06-27 16:18:17.313 [restartedMain] [INFO] o.s.m.s.b.SimpleBrokerMessageHandler - BrokerAvailabilityEvent[available=true, SimpleBrokerMessageHandler [org.springframework.messaging.simp.broker.DefaultSubscriptionRegistry@3d0b0250]]
2025-06-27 16:18:17.313 [restartedMain] [INFO] o.s.m.s.b.SimpleBrokerMessageHandler - Started.
2025-06-27 16:18:17.313 [restartedMain] [INFO] o.a.c.h.Http11NioProtocol - Starting ProtocolHandler ["http-nio-8080"]
2025-06-27 16:18:17.332 [restartedMain] [INFO] o.s.b.w.e.t.TomcatWebServer - Tomcat started on port 8080 (http) with context path '/'
2025-06-27 16:18:17.820 [restartedMain] [INFO] o.e.b.BackendProjectApplication - Started BackendProjectApplication in 8.211 seconds (process running for 8.862)
2025-06-27 16:18:18.349 [RMI TCP Connection(1)-172.31.98.113] [INFO] o.a.c.c.C.[.[.[/] - Initializing Spring DispatcherServlet 'dispatcherServlet'
2025-06-27 16:18:18.349 [RMI TCP Connection(1)-172.31.98.113] [INFO] o.s.w.s.DispatcherServlet - Initializing Servlet 'dispatcherServlet'
2025-06-27 16:18:18.351 [RMI TCP Connection(1)-172.31.98.113] [INFO] o.s.w.s.DispatcherServlet - Completed initialization in 2 ms
2025-06-27 16:18:23.696 [http-nio-8080-exec-1] [INFO] o.e.b.s.j.JwtTokenFilter - 현재 들어온 HTTP 요청 = /boards
2025-06-27 16:18:23.697 [http-nio-8080-exec-1] [INFO] o.e.b.s.j.JwtTokenFilter - ✅ 토큰 인증 성공: eyJhbGciOiJIUzUxMiJ9.eyJ1c2VyLWlkIjo2LCJ1c2VybmFtZSI6InRlc3QxIiwiaWF0IjoxNzUxMDA4NjAxLCJleHAiOjE3NTEwMDk2MDF9.-J_ZMFRbANs17mkNJhpQ2VLHk85TDGXi7Ny6eakIlVlSAImnZ6swsHlLJSYW-CXIZJlOwe9YawEuMM45qM9W8A
2025-06-27 16:18:23.875 [http-nio-8080-exec-1] [INFO] o.e.b.a.LogAspect - [AOP_LOG] createBoard 메서드 호출 시작 
2025-06-27 16:18:23.993 [http-nio-8080-exec-1] [INFO] o.e.b.a.LogAspect - [AOP_LOG] createBoard 메서드 실행 완료 시간 = 118
2025-06-27 16:18:24.146 [http-nio-8080-exec-4] [INFO] o.e.b.s.j.JwtTokenFilter - 현재 들어온 HTTP 요청 = /boards
2025-06-27 16:18:24.146 [http-nio-8080-exec-4] [INFO] o.e.b.s.j.JwtTokenFilter - ✅ 토큰 인증 성공: eyJhbGciOiJIUzUxMiJ9.eyJ1c2VyLWlkIjo2LCJ1c2VybmFtZSI6InRlc3QxIiwiaWF0IjoxNzUxMDA4NjAxLCJleHAiOjE3NTEwMDk2MDF9.-J_ZMFRbANs17mkNJhpQ2VLHk85TDGXi7Ny6eakIlVlSAImnZ6swsHlLJSYW-CXIZJlOwe9YawEuMM45qM9W8A
2025-06-27 16:18:24.152 [http-nio-8080-exec-4] [INFO] o.e.b.a.LogAspect - [AOP_LOG] getBoards 메서드 호출 시작 
2025-06-27 16:18:24.258 [http-nio-8080-exec-4] [INFO] o.e.b.a.LogAspect - [AOP_LOG] getBoards 메서드 실행 완료 시간 = 106
2025-06-27 16:18:24.265 [http-nio-8080-exec-4] [WARN] o.s.d.w.c.SpringDataJacksonConfiguration$PageModule$WarningLoggingModifier - Serializing PageImpl instances as-is is not supported, meaning that there is no guarantee about the stability of the resulting JSON structure!
	For a stable JSON structure, please use Spring Data's PagedModel (globally via @EnableSpringDataWebSupport(pageSerializationMode = VIA_DTO))
	or Spring HATEOAS and Spring Data's PagedResourcesAssembler as documented in https://docs.spring.io/spring-data/commons/reference/repositories/core-extensions.html#core.web.pageables.

2025-06-27 16:18:37.379 [http-nio-8080-exec-9] [INFO] o.e.b.s.j.JwtTokenFilter - 현재 들어온 HTTP 요청 = /boards/6
2025-06-27 16:18:37.380 [http-nio-8080-exec-9] [INFO] o.e.b.s.j.JwtTokenFilter - ✅ 토큰 인증 성공: eyJhbGciOiJIUzUxMiJ9.eyJ1c2VyLWlkIjo2LCJ1c2VybmFtZSI6InRlc3QxIiwiaWF0IjoxNzUxMDA4NjAxLCJleHAiOjE3NTEwMDk2MDF9.-J_ZMFRbANs17mkNJhpQ2VLHk85TDGXi7Ny6eakIlVlSAImnZ6swsHlLJSYW-CXIZJlOwe9YawEuMM45qM9W8A
2025-06-27 16:18:37.387 [http-nio-8080-exec-9] [INFO] o.e.b.a.LogAspect - [AOP_LOG] getBoardDetail 메서드 호출 시작 
2025-06-27 16:18:37.399 [http-nio-8080-exec-9] [INFO] o.e.b.a.LogAspect - [AOP_LOG] getBoardDetail 메서드 실행 완료 시간 = 12
2025-06-27 16:18:37.427 [http-nio-8080-exec-2] [INFO] o.e.b.s.j.JwtTokenFilter - 현재 들어온 HTTP 요청 = /api/comments
2025-06-27 16:18:37.427 [http-nio-8080-exec-2] [INFO] o.e.b.s.j.JwtTokenFilter - ✅ 토큰 인증 성공: eyJhbGciOiJIUzUxMiJ9.eyJ1c2VyLWlkIjo2LCJ1c2VybmFtZSI6InRlc3QxIiwiaWF0IjoxNzUxMDA4NjAxLCJleHAiOjE3NTEwMDk2MDF9.-J_ZMFRbANs17mkNJhpQ2VLHk85TDGXi7Ny6eakIlVlSAImnZ6swsHlLJSYW-CXIZJlOwe9YawEuMM45qM9W8A
2025-06-27 16:18:37.990 [http-nio-8080-exec-5] [INFO] o.e.b.s.j.JwtTokenFilter - 현재 들어온 HTTP 요청 = /boards/6
2025-06-27 16:18:37.990 [http-nio-8080-exec-5] [INFO] o.e.b.s.j.JwtTokenFilter - ✅ 토큰 인증 성공: eyJhbGciOiJIUzUxMiJ9.eyJ1c2VyLWlkIjo2LCJ1c2VybmFtZSI6InRlc3QxIiwiaWF0IjoxNzUxMDA4NjAxLCJleHAiOjE3NTEwMDk2MDF9.-J_ZMFRbANs17mkNJhpQ2VLHk85TDGXi7Ny6eakIlVlSAImnZ6swsHlLJSYW-CXIZJlOwe9YawEuMM45qM9W8A
2025-06-27 16:18:37.994 [http-nio-8080-exec-5] [INFO] o.e.b.a.LogAspect - [AOP_LOG] getBoardDetail 메서드 호출 시작 
2025-06-27 16:18:37.999 [http-nio-8080-exec-5] [INFO] o.e.b.a.LogAspect - [AOP_LOG] getBoardDetail 메서드 실행 완료 시간 = 5
2025-06-27 16:18:40.447 [http-nio-8080-exec-6] [INFO] o.e.b.s.j.JwtTokenFilter - 현재 들어온 HTTP 요청 = /boards/6
2025-06-27 16:18:40.447 [http-nio-8080-exec-6] [INFO] o.e.b.s.j.JwtTokenFilter - ✅ 토큰 인증 성공: eyJhbGciOiJIUzUxMiJ9.eyJ1c2VyLWlkIjo2LCJ1c2VybmFtZSI6InRlc3QxIiwiaWF0IjoxNzUxMDA4NjAxLCJleHAiOjE3NTEwMDk2MDF9.-J_ZMFRbANs17mkNJhpQ2VLHk85TDGXi7Ny6eakIlVlSAImnZ6swsHlLJSYW-CXIZJlOwe9YawEuMM45qM9W8A
2025-06-27 16:18:40.456 [http-nio-8080-exec-6] [INFO] o.e.b.a.LogAspect - [AOP_LOG] updateBoard 메서드 호출 시작 
2025-06-27 16:18:40.471 [http-nio-8080-exec-6] [INFO] o.e.b.a.LogAspect - [AOP_LOG] updateBoard 메서드 실행 완료 시간 = 15
2025-06-27 16:18:40.540 [http-nio-8080-exec-7] [INFO] o.e.b.s.j.JwtTokenFilter - 현재 들어온 HTTP 요청 = /boards
2025-06-27 16:18:40.540 [http-nio-8080-exec-7] [INFO] o.e.b.s.j.JwtTokenFilter - ✅ 토큰 인증 성공: eyJhbGciOiJIUzUxMiJ9.eyJ1c2VyLWlkIjo2LCJ1c2VybmFtZSI6InRlc3QxIiwiaWF0IjoxNzUxMDA4NjAxLCJleHAiOjE3NTEwMDk2MDF9.-J_ZMFRbANs17mkNJhpQ2VLHk85TDGXi7Ny6eakIlVlSAImnZ6swsHlLJSYW-CXIZJlOwe9YawEuMM45qM9W8A
2025-06-27 16:18:40.543 [http-nio-8080-exec-7] [INFO] o.e.b.a.LogAspect - [AOP_LOG] getBoards 메서드 호출 시작 
2025-06-27 16:18:40.550 [http-nio-8080-exec-7] [INFO] o.e.b.a.LogAspect - [AOP_LOG] getBoards 메서드 실행 완료 시간 = 7
2025-06-27 16:19:17.294 [MessageBroker-1] [INFO] o.s.w.s.c.WebSocketMessageBrokerStats - WebSocketSession[0 current WS(0)-HttpStream(0)-HttpPoll(0), 0 total, 0 closed abnormally (0 connect failure, 0 send limit, 0 transport error)], stompSubProtocol[processed CONNECT(0)-CONNECTED(0)-DISCONNECT(0)], stompBrokerRelay[null], inboundChannel[pool size = 0, active threads = 0, queued tasks = 0, completed tasks = 0], outboundChannel[pool size = 0, active threads = 0, queued tasks = 0, completed tasks = 0], sockJsScheduler[pool size = 1, active threads = 1, queued tasks = 0, completed tasks = 0]
2025-06-27 16:20:27.995 [SpringApplicationShutdownHook] [INFO] o.s.b.w.e.t.GracefulShutdown - Commencing graceful shutdown. Waiting for active requests to complete
2025-06-27 16:20:28.291 [tomcat-shutdown] [INFO] o.s.b.w.e.t.GracefulShutdown - Graceful shutdown complete
2025-06-27 16:20:28.294 [SpringApplicationShutdownHook] [INFO] o.s.m.s.b.SimpleBrokerMessageHandler - Stopping...
2025-06-27 16:20:28.294 [SpringApplicationShutdownHook] [INFO] o.s.m.s.b.SimpleBrokerMessageHandler - BrokerAvailabilityEvent[available=false, SimpleBrokerMessageHandler [org.springframework.messaging.simp.broker.DefaultSubscriptionRegistry@3d0b0250]]
2025-06-27 16:20:28.294 [SpringApplicationShutdownHook] [INFO] o.s.m.s.b.SimpleBrokerMessageHandler - Stopped.
2025-06-27 16:20:28.427 [SpringApplicationShutdownHook] [INFO] o.s.o.j.LocalContainerEntityManagerFactoryBean - Closing JPA EntityManagerFactory for persistence unit 'default'
2025-06-27 16:20:28.430 [SpringApplicationShutdownHook] [INFO] c.z.h.HikariDataSource - HikariPool-1 - Shutdown initiated...
2025-06-27 16:20:28.440 [SpringApplicationShutdownHook] [INFO] c.z.h.HikariDataSource - HikariPool-1 - Shutdown completed.
2025-06-27 16:20:31.301 [restartedMain] [INFO] o.e.b.BackendProjectApplication - Starting BackendProjectApplication using Java 17.0.12 with PID 2144 (C:\backend5\backendProject\build\classes\java\main started by win11 in C:\backend5)
2025-06-27 16:20:31.303 [restartedMain] [INFO] o.e.b.BackendProjectApplication - The following 1 profile is active: "dev"
2025-06-27 16:20:31.345 [restartedMain] [INFO] o.s.b.d.e.DevToolsPropertyDefaultsPostProcessor - Devtools property defaults active! Set 'spring.devtools.add-properties' to 'false' to disable
2025-06-27 16:20:31.345 [restartedMain] [INFO] o.s.b.d.e.DevToolsPropertyDefaultsPostProcessor - For additional web related logging consider setting the 'logging.level.web' property to 'DEBUG'
2025-06-27 16:20:32.442 [restartedMain] [INFO] o.s.d.r.c.RepositoryConfigurationDelegate - Multiple Spring Data modules found, entering strict repository configuration mode
2025-06-27 16:20:32.444 [restartedMain] [INFO] o.s.d.r.c.RepositoryConfigurationDelegate - Bootstrapping Spring Data JPA repositories in DEFAULT mode.
2025-06-27 16:20:32.596 [restartedMain] [INFO] o.s.d.r.c.RepositoryConfigurationDelegate - Finished Spring Data repository scanning in 143 ms. Found 5 JPA repository interfaces.
2025-06-27 16:20:32.606 [restartedMain] [INFO] o.s.d.r.c.RepositoryConfigurationDelegate - Multiple Spring Data modules found, entering strict repository configuration mode
2025-06-27 16:20:32.607 [restartedMain] [INFO] o.s.d.r.c.RepositoryConfigurationDelegate - Bootstrapping Spring Data Redis repositories in DEFAULT mode.
2025-06-27 16:20:32.622 [restartedMain] [INFO] o.s.d.r.c.RepositoryConfigurationExtensionSupport - Spring Data Redis - Could not safely identify store assignment for repository candidate interface org.example.backendproject.Auth.repository.AuthRepository; If you want this repository to be a Redis repository, consider annotating your entities with one of these annotations: org.springframework.data.redis.core.RedisHash (preferred), or consider extending one of the following types with your repository: org.springframework.data.keyvalue.repository.KeyValueRepository
2025-06-27 16:20:32.623 [restartedMain] [INFO] o.s.d.r.c.RepositoryConfigurationExtensionSupport - Spring Data Redis - Could not safely identify store assignment for repository candidate interface org.example.backendproject.board.repository.BoardRepository; If you want this repository to be a Redis repository, consider annotating your entities with one of these annotations: org.springframework.data.redis.core.RedisHash (preferred), or consider extending one of the following types with your repository: org.springframework.data.keyvalue.repository.KeyValueRepository
2025-06-27 16:20:32.623 [restartedMain] [INFO] o.s.d.r.c.RepositoryConfigurationExtensionSupport - Spring Data Redis - Could not safely identify store assignment for repository candidate interface org.example.backendproject.comment.repository.CommentRepository; If you want this repository to be a Redis repository, consider annotating your entities with one of these annotations: org.springframework.data.redis.core.RedisHash (preferred), or consider extending one of the following types with your repository: org.springframework.data.keyvalue.repository.KeyValueRepository
2025-06-27 16:20:32.624 [restartedMain] [INFO] o.s.d.r.c.RepositoryConfigurationExtensionSupport - Spring Data Redis - Could not safely identify store assignment for repository candidate interface org.example.backendproject.purewebsocket.room.repository.RoomRepository; If you want this repository to be a Redis repository, consider annotating your entities with one of these annotations: org.springframework.data.redis.core.RedisHash (preferred), or consider extending one of the following types with your repository: org.springframework.data.keyvalue.repository.KeyValueRepository
2025-06-27 16:20:32.624 [restartedMain] [INFO] o.s.d.r.c.RepositoryConfigurationExtensionSupport - Spring Data Redis - Could not safely identify store assignment for repository candidate interface org.example.backendproject.user.repository.UserRepository; If you want this repository to be a Redis repository, consider annotating your entities with one of these annotations: org.springframework.data.redis.core.RedisHash (preferred), or consider extending one of the following types with your repository: org.springframework.data.keyvalue.repository.KeyValueRepository
2025-06-27 16:20:32.624 [restartedMain] [INFO] o.s.d.r.c.RepositoryConfigurationDelegate - Finished Spring Data repository scanning in 10 ms. Found 0 Redis repository interfaces.
2025-06-27 16:20:33.253 [restartedMain] [INFO] o.s.b.w.e.t.TomcatWebServer - Tomcat initialized with port 8080 (http)
2025-06-27 16:20:33.262 [restartedMain] [INFO] o.a.c.h.Http11NioProtocol - Initializing ProtocolHandler ["http-nio-8080"]
2025-06-27 16:20:33.263 [restartedMain] [INFO] o.a.c.c.StandardService - Starting service [Tomcat]
2025-06-27 16:20:33.264 [restartedMain] [INFO] o.a.c.c.StandardEngine - Starting Servlet engine: [Apache Tomcat/10.1.41]
2025-06-27 16:20:33.312 [restartedMain] [INFO] o.a.c.c.C.[.[.[/] - Initializing Spring embedded WebApplicationContext
2025-06-27 16:20:33.313 [restartedMain] [INFO] o.s.b.w.s.c.ServletWebServerApplicationContext - Root WebApplicationContext: initialization completed in 1968 ms
2025-06-27 16:20:33.602 [restartedMain] [INFO] o.h.j.i.u.LogHelper - HHH000204: Processing PersistenceUnitInfo [name: default]
2025-06-27 16:20:33.665 [restartedMain] [INFO] o.h.Version - HHH000412: Hibernate ORM core version 6.6.15.Final
2025-06-27 16:20:33.699 [restartedMain] [INFO] o.h.c.i.RegionFactoryInitiator - HHH000026: Second-level cache disabled
2025-06-27 16:20:33.979 [restartedMain] [INFO] o.s.o.j.p.SpringPersistenceUnitInfo - No LoadTimeWeaver setup: ignoring JPA class transformer
2025-06-27 16:20:34.002 [restartedMain] [INFO] c.z.h.HikariDataSource - HikariPool-1 - Starting...
2025-06-27 16:20:34.261 [restartedMain] [INFO] c.z.h.p.HikariPool - HikariPool-1 - Added connection com.mysql.cj.jdbc.ConnectionImpl@56a326f0
2025-06-27 16:20:34.262 [restartedMain] [INFO] c.z.h.HikariDataSource - HikariPool-1 - Start completed.
2025-06-27 16:20:34.306 [restartedMain] [WARN] o.h.o.deprecation - HHH90000025: MySQL8Dialect does not need to be specified explicitly using 'hibernate.dialect' (remove the property setting and it will be selected by default)
2025-06-27 16:20:34.307 [restartedMain] [WARN] o.h.o.deprecation - HHH90000026: MySQL8Dialect has been deprecated; use org.hibernate.dialect.MySQLDialect instead
2025-06-27 16:20:34.325 [restartedMain] [INFO] o.h.o.c.pooling - HHH10001005: Database info:
	Database JDBC URL [Connecting through datasource 'HikariDataSource (HikariPool-1)']
	Database driver: undefined/unknown
	Database version: 8.0
	Autocommit mode: undefined/unknown
	Isolation level: undefined/unknown
	Minimum pool size: undefined/unknown
	Maximum pool size: undefined/unknown
2025-06-27 16:20:35.310 [restartedMain] [INFO] o.h.e.t.j.p.i.JtaPlatformInitiator - HHH000489: No JTA platform available (set 'hibernate.transaction.jta.platform' to enable JTA platform integration)
2025-06-27 16:20:35.435 [restartedMain] [INFO] o.s.o.j.LocalContainerEntityManagerFactoryBean - Initialized JPA EntityManagerFactory for persistence unit 'default'
2025-06-27 16:20:36.265 [restartedMain] [INFO] o.s.d.j.r.q.QueryEnhancerFactory - Hibernate is in classpath; If applicable, HQL parser will be used.
2025-06-27 16:20:37.118 [restartedMain] [WARN] o.s.b.a.o.j.JpaBaseConfiguration$JpaWebConfiguration - spring.jpa.open-in-view is enabled by default. Therefore, database queries may be performed during view rendering. Explicitly configure spring.jpa.open-in-view to disable this warning
2025-06-27 16:20:37.177 [restartedMain] [INFO] o.s.b.a.w.s.WelcomePageHandlerMapping - Adding welcome page: class path resource [static/index.html]
2025-06-27 16:20:37.471 [restartedMain] [INFO] o.s.b.a.e.w.EndpointLinksResolver - Exposing 14 endpoints beneath base path '/actuator'
2025-06-27 16:20:37.508 [restartedMain] [WARN] o.s.s.c.a.a.c.InitializeUserDetailsBeanManagerConfigurer$InitializeUserDetailsManagerConfigurer - Found 2 UserDetailsService beans, with names [customUserDetailService, customUserDetailsService]. Global Authentication Manager will not use a UserDetailsService for username/password login. Consider publishing a single UserDetailsService bean.
2025-06-27 16:20:38.156 [restartedMain] [INFO] o.s.b.d.a.OptionalLiveReloadServer - LiveReload server is running on port 35729
2025-06-27 16:20:38.209 [restartedMain] [INFO] o.s.m.s.b.SimpleBrokerMessageHandler - Starting...
2025-06-27 16:20:38.210 [restartedMain] [INFO] o.s.m.s.b.SimpleBrokerMessageHandler - BrokerAvailabilityEvent[available=true, SimpleBrokerMessageHandler [org.springframework.messaging.simp.broker.DefaultSubscriptionRegistry@29d63d8e]]
2025-06-27 16:20:38.211 [restartedMain] [INFO] o.s.m.s.b.SimpleBrokerMessageHandler - Started.
2025-06-27 16:20:38.211 [restartedMain] [INFO] o.a.c.h.Http11NioProtocol - Starting ProtocolHandler ["http-nio-8080"]
2025-06-27 16:20:38.246 [restartedMain] [INFO] o.s.b.w.e.t.TomcatWebServer - Tomcat started on port 8080 (http) with context path '/'
2025-06-27 16:20:38.309 [http-nio-8080-exec-1] [INFO] o.a.c.c.C.[.[.[/] - Initializing Spring DispatcherServlet 'dispatcherServlet'
2025-06-27 16:20:38.309 [http-nio-8080-exec-1] [INFO] o.s.w.s.DispatcherServlet - Initializing Servlet 'dispatcherServlet'
2025-06-27 16:20:38.310 [http-nio-8080-exec-1] [INFO] o.s.w.s.DispatcherServlet - Completed initialization in 1 ms
2025-06-27 16:20:38.458 [http-nio-8080-exec-2] [INFO] o.e.b.s.j.JwtTokenFilter - ❌ 토큰 없음 또는 유효하지 않음: null
2025-06-27 16:20:38.815 [restartedMain] [INFO] o.e.b.BackendProjectApplication - Started BackendProjectApplication in 8.054 seconds (process running for 8.857)
2025-06-27 16:20:54.653 [http-nio-8080-exec-4] [WARN] o.e.b.e.GlobalExceptionHandler - 런타임 예외 처리: 해당 유저를 찾을 수 없습니다.
2025-06-27 16:20:54.653 [http-nio-8080-exec-4] [ERROR] o.e.b.e.GlobalExceptionHandler - ❗에러라구용!!! 유저업따구요!
2025-06-27 16:20:54.665 [http-nio-8080-exec-4] [WARN] o.s.w.s.m.m.a.ExceptionHandlerExceptionResolver - Resolved [java.lang.RuntimeException: 해당 유저를 찾을 수 없습니다.]
2025-06-27 16:21:01.820 [http-nio-8080-exec-5] [INFO] o.e.b.s.j.JwtTokenFilter - ❌ 토큰 없음 또는 유효하지 않음: null
2025-06-27 16:21:01.900 [http-nio-8080-exec-7] [INFO] o.e.b.s.j.JwtTokenFilter - 현재 들어온 HTTP 요청 = /api/user/me
2025-06-27 16:21:01.900 [http-nio-8080-exec-7] [INFO] o.e.b.s.j.JwtTokenFilter - ✅ 토큰 인증 성공: eyJhbGciOiJIUzUxMiJ9.eyJ1c2VyLWlkIjo2LCJ1c2VybmFtZSI6InRlc3QxIiwiaWF0IjoxNzUxMDA4ODYwLCJleHAiOjE3NTEwMDk4NjB9.LW-wNXZ2S3owVbF9ciChpJkaXYnpGUMTf14uTmuRE--8tQ3aDsMD0GxQ8SuOhuVKd1q-ukBA56WcECq2y4mT6A
2025-06-27 16:21:38.182 [MessageBroker-1] [INFO] o.s.w.s.c.WebSocketMessageBrokerStats - WebSocketSession[0 current WS(0)-HttpStream(0)-HttpPoll(0), 0 total, 0 closed abnormally (0 connect failure, 0 send limit, 0 transport error)], stompSubProtocol[processed CONNECT(0)-CONNECTED(0)-DISCONNECT(0)], stompBrokerRelay[null], inboundChannel[pool size = 0, active threads = 0, queued tasks = 0, completed tasks = 0], outboundChannel[pool size = 0, active threads = 0, queued tasks = 0, completed tasks = 0], sockJsScheduler[pool size = 1, active threads = 1, queued tasks = 0, completed tasks = 0]
2025-06-27 16:21:44.389 [SpringApplicationShutdownHook] [INFO] o.s.b.w.e.t.GracefulShutdown - Commencing graceful shutdown. Waiting for active requests to complete
2025-06-27 16:21:44.739 [tomcat-shutdown] [INFO] o.s.b.w.e.t.GracefulShutdown - Graceful shutdown complete
2025-06-27 16:21:44.742 [SpringApplicationShutdownHook] [INFO] o.s.m.s.b.SimpleBrokerMessageHandler - Stopping...
2025-06-27 16:21:44.743 [SpringApplicationShutdownHook] [INFO] o.s.m.s.b.SimpleBrokerMessageHandler - BrokerAvailabilityEvent[available=false, SimpleBrokerMessageHandler [org.springframework.messaging.simp.broker.DefaultSubscriptionRegistry@29d63d8e]]
2025-06-27 16:21:44.743 [SpringApplicationShutdownHook] [INFO] o.s.m.s.b.SimpleBrokerMessageHandler - Stopped.
2025-06-27 16:21:44.861 [SpringApplicationShutdownHook] [INFO] o.s.o.j.LocalContainerEntityManagerFactoryBean - Closing JPA EntityManagerFactory for persistence unit 'default'
2025-06-27 16:21:44.863 [SpringApplicationShutdownHook] [INFO] c.z.h.HikariDataSource - HikariPool-1 - Shutdown initiated...
2025-06-27 16:21:44.876 [SpringApplicationShutdownHook] [INFO] c.z.h.HikariDataSource - HikariPool-1 - Shutdown completed.
2025-06-27 16:21:48.150 [restartedMain] [INFO] o.e.b.BackendProjectApplication - Starting BackendProjectApplication using Java 17.0.12 with PID 3256 (C:\backend5\backendProject\build\classes\java\main started by win11 in C:\backend5)
2025-06-27 16:21:48.152 [restartedMain] [INFO] o.e.b.BackendProjectApplication - The following 1 profile is active: "dev"
2025-06-27 16:21:48.219 [restartedMain] [INFO] o.s.b.d.e.DevToolsPropertyDefaultsPostProcessor - Devtools property defaults active! Set 'spring.devtools.add-properties' to 'false' to disable
2025-06-27 16:21:48.219 [restartedMain] [INFO] o.s.b.d.e.DevToolsPropertyDefaultsPostProcessor - For additional web related logging consider setting the 'logging.level.web' property to 'DEBUG'
2025-06-27 16:21:49.348 [restartedMain] [INFO] o.s.d.r.c.RepositoryConfigurationDelegate - Multiple Spring Data modules found, entering strict repository configuration mode
2025-06-27 16:21:49.350 [restartedMain] [INFO] o.s.d.r.c.RepositoryConfigurationDelegate - Bootstrapping Spring Data JPA repositories in DEFAULT mode.
2025-06-27 16:21:49.495 [restartedMain] [INFO] o.s.d.r.c.RepositoryConfigurationDelegate - Finished Spring Data repository scanning in 138 ms. Found 5 JPA repository interfaces.
2025-06-27 16:21:49.507 [restartedMain] [INFO] o.s.d.r.c.RepositoryConfigurationDelegate - Multiple Spring Data modules found, entering strict repository configuration mode
2025-06-27 16:21:49.508 [restartedMain] [INFO] o.s.d.r.c.RepositoryConfigurationDelegate - Bootstrapping Spring Data Redis repositories in DEFAULT mode.
2025-06-27 16:21:49.524 [restartedMain] [INFO] o.s.d.r.c.RepositoryConfigurationExtensionSupport - Spring Data Redis - Could not safely identify store assignment for repository candidate interface org.example.backendproject.Auth.repository.AuthRepository; If you want this repository to be a Redis repository, consider annotating your entities with one of these annotations: org.springframework.data.redis.core.RedisHash (preferred), or consider extending one of the following types with your repository: org.springframework.data.keyvalue.repository.KeyValueRepository
2025-06-27 16:21:49.525 [restartedMain] [INFO] o.s.d.r.c.RepositoryConfigurationExtensionSupport - Spring Data Redis - Could not safely identify store assignment for repository candidate interface org.example.backendproject.board.repository.BoardRepository; If you want this repository to be a Redis repository, consider annotating your entities with one of these annotations: org.springframework.data.redis.core.RedisHash (preferred), or consider extending one of the following types with your repository: org.springframework.data.keyvalue.repository.KeyValueRepository
2025-06-27 16:21:49.526 [restartedMain] [INFO] o.s.d.r.c.RepositoryConfigurationExtensionSupport - Spring Data Redis - Could not safely identify store assignment for repository candidate interface org.example.backendproject.comment.repository.CommentRepository; If you want this repository to be a Redis repository, consider annotating your entities with one of these annotations: org.springframework.data.redis.core.RedisHash (preferred), or consider extending one of the following types with your repository: org.springframework.data.keyvalue.repository.KeyValueRepository
2025-06-27 16:21:49.527 [restartedMain] [INFO] o.s.d.r.c.RepositoryConfigurationExtensionSupport - Spring Data Redis - Could not safely identify store assignment for repository candidate interface org.example.backendproject.purewebsocket.room.repository.RoomRepository; If you want this repository to be a Redis repository, consider annotating your entities with one of these annotations: org.springframework.data.redis.core.RedisHash (preferred), or consider extending one of the following types with your repository: org.springframework.data.keyvalue.repository.KeyValueRepository
2025-06-27 16:21:49.528 [restartedMain] [INFO] o.s.d.r.c.RepositoryConfigurationExtensionSupport - Spring Data Redis - Could not safely identify store assignment for repository candidate interface org.example.backendproject.user.repository.UserRepository; If you want this repository to be a Redis repository, consider annotating your entities with one of these annotations: org.springframework.data.redis.core.RedisHash (preferred), or consider extending one of the following types with your repository: org.springframework.data.keyvalue.repository.KeyValueRepository
2025-06-27 16:21:49.528 [restartedMain] [INFO] o.s.d.r.c.RepositoryConfigurationDelegate - Finished Spring Data repository scanning in 12 ms. Found 0 Redis repository interfaces.
2025-06-27 16:21:50.238 [restartedMain] [INFO] o.s.b.w.e.t.TomcatWebServer - Tomcat initialized with port 8080 (http)
2025-06-27 16:21:50.249 [restartedMain] [INFO] o.a.c.h.Http11NioProtocol - Initializing ProtocolHandler ["http-nio-8080"]
2025-06-27 16:21:50.250 [restartedMain] [INFO] o.a.c.c.StandardService - Starting service [Tomcat]
2025-06-27 16:21:50.250 [restartedMain] [INFO] o.a.c.c.StandardEngine - Starting Servlet engine: [Apache Tomcat/10.1.41]
2025-06-27 16:21:50.293 [restartedMain] [INFO] o.a.c.c.C.[.[.[/] - Initializing Spring embedded WebApplicationContext
2025-06-27 16:21:50.294 [restartedMain] [INFO] o.s.b.w.s.c.ServletWebServerApplicationContext - Root WebApplicationContext: initialization completed in 2074 ms
2025-06-27 16:21:50.564 [restartedMain] [INFO] o.h.j.i.u.LogHelper - HHH000204: Processing PersistenceUnitInfo [name: default]
2025-06-27 16:21:50.606 [restartedMain] [INFO] o.h.Version - HHH000412: Hibernate ORM core version 6.6.15.Final
2025-06-27 16:21:50.631 [restartedMain] [INFO] o.h.c.i.RegionFactoryInitiator - HHH000026: Second-level cache disabled
2025-06-27 16:21:50.933 [restartedMain] [INFO] o.s.o.j.p.SpringPersistenceUnitInfo - No LoadTimeWeaver setup: ignoring JPA class transformer
2025-06-27 16:21:50.961 [restartedMain] [INFO] c.z.h.HikariDataSource - HikariPool-1 - Starting...
2025-06-27 16:21:51.219 [restartedMain] [INFO] c.z.h.p.HikariPool - HikariPool-1 - Added connection com.mysql.cj.jdbc.ConnectionImpl@17d767ea
2025-06-27 16:21:51.221 [restartedMain] [INFO] c.z.h.HikariDataSource - HikariPool-1 - Start completed.
2025-06-27 16:21:51.264 [restartedMain] [WARN] o.h.o.deprecation - HHH90000025: MySQL8Dialect does not need to be specified explicitly using 'hibernate.dialect' (remove the property setting and it will be selected by default)
2025-06-27 16:21:51.265 [restartedMain] [WARN] o.h.o.deprecation - HHH90000026: MySQL8Dialect has been deprecated; use org.hibernate.dialect.MySQLDialect instead
2025-06-27 16:21:51.283 [restartedMain] [INFO] o.h.o.c.pooling - HHH10001005: Database info:
	Database JDBC URL [Connecting through datasource 'HikariDataSource (HikariPool-1)']
	Database driver: undefined/unknown
	Database version: 8.0
	Autocommit mode: undefined/unknown
	Isolation level: undefined/unknown
	Minimum pool size: undefined/unknown
	Maximum pool size: undefined/unknown
2025-06-27 16:21:52.245 [restartedMain] [INFO] o.h.e.t.j.p.i.JtaPlatformInitiator - HHH000489: No JTA platform available (set 'hibernate.transaction.jta.platform' to enable JTA platform integration)
2025-06-27 16:21:52.356 [restartedMain] [INFO] o.s.o.j.LocalContainerEntityManagerFactoryBean - Initialized JPA EntityManagerFactory for persistence unit 'default'
2025-06-27 16:21:53.085 [restartedMain] [INFO] o.s.d.j.r.q.QueryEnhancerFactory - Hibernate is in classpath; If applicable, HQL parser will be used.
2025-06-27 16:21:53.909 [restartedMain] [WARN] o.s.b.a.o.j.JpaBaseConfiguration$JpaWebConfiguration - spring.jpa.open-in-view is enabled by default. Therefore, database queries may be performed during view rendering. Explicitly configure spring.jpa.open-in-view to disable this warning
2025-06-27 16:21:53.970 [restartedMain] [INFO] o.s.b.a.w.s.WelcomePageHandlerMapping - Adding welcome page: class path resource [static/index.html]
2025-06-27 16:21:54.244 [restartedMain] [INFO] o.s.b.a.e.w.EndpointLinksResolver - Exposing 14 endpoints beneath base path '/actuator'
2025-06-27 16:21:54.273 [restartedMain] [WARN] o.s.s.c.a.a.c.InitializeUserDetailsBeanManagerConfigurer$InitializeUserDetailsManagerConfigurer - Found 2 UserDetailsService beans, with names [customUserDetailService, customUserDetailsService]. Global Authentication Manager will not use a UserDetailsService for username/password login. Consider publishing a single UserDetailsService bean.
2025-06-27 16:21:54.804 [restartedMain] [INFO] o.s.b.d.a.OptionalLiveReloadServer - LiveReload server is running on port 35729
2025-06-27 16:21:54.857 [restartedMain] [INFO] o.s.m.s.b.SimpleBrokerMessageHandler - Starting...
2025-06-27 16:21:54.857 [restartedMain] [INFO] o.s.m.s.b.SimpleBrokerMessageHandler - BrokerAvailabilityEvent[available=true, SimpleBrokerMessageHandler [org.springframework.messaging.simp.broker.DefaultSubscriptionRegistry@16e40ee8]]
2025-06-27 16:21:54.858 [restartedMain] [INFO] o.s.m.s.b.SimpleBrokerMessageHandler - Started.
2025-06-27 16:21:54.859 [restartedMain] [INFO] o.a.c.h.Http11NioProtocol - Starting ProtocolHandler ["http-nio-8080"]
2025-06-27 16:21:54.875 [restartedMain] [INFO] o.s.b.w.e.t.TomcatWebServer - Tomcat started on port 8080 (http) with context path '/'
2025-06-27 16:21:55.085 [http-nio-8080-exec-1] [INFO] o.a.c.c.C.[.[.[/] - Initializing Spring DispatcherServlet 'dispatcherServlet'
2025-06-27 16:21:55.086 [http-nio-8080-exec-1] [INFO] o.s.w.s.DispatcherServlet - Initializing Servlet 'dispatcherServlet'
2025-06-27 16:21:55.087 [http-nio-8080-exec-1] [INFO] o.s.w.s.DispatcherServlet - Completed initialization in 1 ms
2025-06-27 16:21:55.362 [http-nio-8080-exec-2] [INFO] o.e.b.s.j.JwtTokenFilter - ❌ 토큰 없음 또는 유효하지 않음: null
2025-06-27 16:21:55.741 [restartedMain] [INFO] o.e.b.BackendProjectApplication - Started BackendProjectApplication in 8.089 seconds (process running for 8.611)
2025-06-27 16:22:01.410 [http-nio-8080-exec-5] [INFO] o.e.b.s.j.JwtTokenFilter - ❌ 토큰 없음 또는 유효하지 않음: null
2025-06-27 16:22:01.478 [http-nio-8080-exec-7] [INFO] o.e.b.s.j.JwtTokenFilter - 현재 들어온 HTTP 요청 = /api/user/me
2025-06-27 16:22:01.478 [http-nio-8080-exec-7] [INFO] o.e.b.s.j.JwtTokenFilter - ✅ 토큰 인증 성공: eyJhbGciOiJIUzUxMiJ9.eyJ1c2VyLWlkIjo2LCJ1c2VybmFtZSI6InRlc3QxIiwiaWF0IjoxNzUxMDA4OTIwLCJleHAiOjE3NTEwMDk5MjB9.rcXfc3dsnC-PSeHUCWPQM3EsG7Lg_b0FYC3f8vHDxKi-b0j6mFhT-NuYfWKfxnlCgkNYV13g3MeffJUyQSIjRg
2025-06-27 16:22:54.824 [MessageBroker-1] [INFO] o.s.w.s.c.WebSocketMessageBrokerStats - WebSocketSession[0 current WS(0)-HttpStream(0)-HttpPoll(0), 0 total, 0 closed abnormally (0 connect failure, 0 send limit, 0 transport error)], stompSubProtocol[processed CONNECT(0)-CONNECTED(0)-DISCONNECT(0)], stompBrokerRelay[null], inboundChannel[pool size = 0, active threads = 0, queued tasks = 0, completed tasks = 0], outboundChannel[pool size = 0, active threads = 0, queued tasks = 0, completed tasks = 0], sockJsScheduler[pool size = 1, active threads = 1, queued tasks = 0, completed tasks = 0]
2025-06-27 16:23:00.064 [SpringApplicationShutdownHook] [INFO] o.s.b.w.e.t.GracefulShutdown - Commencing graceful shutdown. Waiting for active requests to complete
2025-06-27 16:23:00.386 [tomcat-shutdown] [INFO] o.s.b.w.e.t.GracefulShutdown - Graceful shutdown complete
2025-06-27 16:23:00.388 [SpringApplicationShutdownHook] [INFO] o.s.m.s.b.SimpleBrokerMessageHandler - Stopping...
2025-06-27 16:23:00.388 [SpringApplicationShutdownHook] [INFO] o.s.m.s.b.SimpleBrokerMessageHandler - BrokerAvailabilityEvent[available=false, SimpleBrokerMessageHandler [org.springframework.messaging.simp.broker.DefaultSubscriptionRegistry@16e40ee8]]
2025-06-27 16:23:00.388 [SpringApplicationShutdownHook] [INFO] o.s.m.s.b.SimpleBrokerMessageHandler - Stopped.
2025-06-27 16:23:00.522 [SpringApplicationShutdownHook] [INFO] o.s.o.j.LocalContainerEntityManagerFactoryBean - Closing JPA EntityManagerFactory for persistence unit 'default'
2025-06-27 16:23:00.526 [SpringApplicationShutdownHook] [INFO] c.z.h.HikariDataSource - HikariPool-1 - Shutdown initiated...
2025-06-27 16:23:00.539 [SpringApplicationShutdownHook] [INFO] c.z.h.HikariDataSource - HikariPool-1 - Shutdown completed.
2025-06-27 16:23:03.913 [restartedMain] [INFO] o.e.b.BackendProjectApplication - Starting BackendProjectApplication using Java 17.0.12 with PID 4468 (C:\backend5\backendProject\build\classes\java\main started by win11 in C:\backend5)
2025-06-27 16:23:03.915 [restartedMain] [INFO] o.e.b.BackendProjectApplication - The following 1 profile is active: "dev"
2025-06-27 16:23:03.970 [restartedMain] [INFO] o.s.b.d.e.DevToolsPropertyDefaultsPostProcessor - Devtools property defaults active! Set 'spring.devtools.add-properties' to 'false' to disable
2025-06-27 16:23:03.970 [restartedMain] [INFO] o.s.b.d.e.DevToolsPropertyDefaultsPostProcessor - For additional web related logging consider setting the 'logging.level.web' property to 'DEBUG'
2025-06-27 16:23:05.111 [restartedMain] [INFO] o.s.d.r.c.RepositoryConfigurationDelegate - Multiple Spring Data modules found, entering strict repository configuration mode
2025-06-27 16:23:05.112 [restartedMain] [INFO] o.s.d.r.c.RepositoryConfigurationDelegate - Bootstrapping Spring Data JPA repositories in DEFAULT mode.
2025-06-27 16:23:05.271 [restartedMain] [INFO] o.s.d.r.c.RepositoryConfigurationDelegate - Finished Spring Data repository scanning in 151 ms. Found 5 JPA repository interfaces.
2025-06-27 16:23:05.282 [restartedMain] [INFO] o.s.d.r.c.RepositoryConfigurationDelegate - Multiple Spring Data modules found, entering strict repository configuration mode
2025-06-27 16:23:05.283 [restartedMain] [INFO] o.s.d.r.c.RepositoryConfigurationDelegate - Bootstrapping Spring Data Redis repositories in DEFAULT mode.
2025-06-27 16:23:05.299 [restartedMain] [INFO] o.s.d.r.c.RepositoryConfigurationExtensionSupport - Spring Data Redis - Could not safely identify store assignment for repository candidate interface org.example.backendproject.Auth.repository.AuthRepository; If you want this repository to be a Redis repository, consider annotating your entities with one of these annotations: org.springframework.data.redis.core.RedisHash (preferred), or consider extending one of the following types with your repository: org.springframework.data.keyvalue.repository.KeyValueRepository
2025-06-27 16:23:05.301 [restartedMain] [INFO] o.s.d.r.c.RepositoryConfigurationExtensionSupport - Spring Data Redis - Could not safely identify store assignment for repository candidate interface org.example.backendproject.board.repository.BoardRepository; If you want this repository to be a Redis repository, consider annotating your entities with one of these annotations: org.springframework.data.redis.core.RedisHash (preferred), or consider extending one of the following types with your repository: org.springframework.data.keyvalue.repository.KeyValueRepository
2025-06-27 16:23:05.301 [restartedMain] [INFO] o.s.d.r.c.RepositoryConfigurationExtensionSupport - Spring Data Redis - Could not safely identify store assignment for repository candidate interface org.example.backendproject.comment.repository.CommentRepository; If you want this repository to be a Redis repository, consider annotating your entities with one of these annotations: org.springframework.data.redis.core.RedisHash (preferred), or consider extending one of the following types with your repository: org.springframework.data.keyvalue.repository.KeyValueRepository
2025-06-27 16:23:05.302 [restartedMain] [INFO] o.s.d.r.c.RepositoryConfigurationExtensionSupport - Spring Data Redis - Could not safely identify store assignment for repository candidate interface org.example.backendproject.purewebsocket.room.repository.RoomRepository; If you want this repository to be a Redis repository, consider annotating your entities with one of these annotations: org.springframework.data.redis.core.RedisHash (preferred), or consider extending one of the following types with your repository: org.springframework.data.keyvalue.repository.KeyValueRepository
2025-06-27 16:23:05.302 [restartedMain] [INFO] o.s.d.r.c.RepositoryConfigurationExtensionSupport - Spring Data Redis - Could not safely identify store assignment for repository candidate interface org.example.backendproject.user.repository.UserRepository; If you want this repository to be a Redis repository, consider annotating your entities with one of these annotations: org.springframework.data.redis.core.RedisHash (preferred), or consider extending one of the following types with your repository: org.springframework.data.keyvalue.repository.KeyValueRepository
2025-06-27 16:23:05.302 [restartedMain] [INFO] o.s.d.r.c.RepositoryConfigurationDelegate - Finished Spring Data repository scanning in 11 ms. Found 0 Redis repository interfaces.
2025-06-27 16:23:06.021 [restartedMain] [INFO] o.s.b.w.e.t.TomcatWebServer - Tomcat initialized with port 8080 (http)
2025-06-27 16:23:06.032 [restartedMain] [INFO] o.a.c.h.Http11NioProtocol - Initializing ProtocolHandler ["http-nio-8080"]
2025-06-27 16:23:06.035 [restartedMain] [INFO] o.a.c.c.StandardService - Starting service [Tomcat]
2025-06-27 16:23:06.035 [restartedMain] [INFO] o.a.c.c.StandardEngine - Starting Servlet engine: [Apache Tomcat/10.1.41]
2025-06-27 16:23:06.080 [restartedMain] [INFO] o.a.c.c.C.[.[.[/] - Initializing Spring embedded WebApplicationContext
2025-06-27 16:23:06.081 [restartedMain] [INFO] o.s.b.w.s.c.ServletWebServerApplicationContext - Root WebApplicationContext: initialization completed in 2109 ms
2025-06-27 16:23:06.344 [restartedMain] [INFO] o.h.j.i.u.LogHelper - HHH000204: Processing PersistenceUnitInfo [name: default]
2025-06-27 16:23:06.386 [restartedMain] [INFO] o.h.Version - HHH000412: Hibernate ORM core version 6.6.15.Final
2025-06-27 16:23:06.416 [restartedMain] [INFO] o.h.c.i.RegionFactoryInitiator - HHH000026: Second-level cache disabled
2025-06-27 16:23:06.693 [restartedMain] [INFO] o.s.o.j.p.SpringPersistenceUnitInfo - No LoadTimeWeaver setup: ignoring JPA class transformer
2025-06-27 16:23:06.726 [restartedMain] [INFO] c.z.h.HikariDataSource - HikariPool-1 - Starting...
2025-06-27 16:23:06.982 [restartedMain] [INFO] c.z.h.p.HikariPool - HikariPool-1 - Added connection com.mysql.cj.jdbc.ConnectionImpl@b8f750e
2025-06-27 16:23:06.984 [restartedMain] [INFO] c.z.h.HikariDataSource - HikariPool-1 - Start completed.
2025-06-27 16:23:07.026 [restartedMain] [WARN] o.h.o.deprecation - HHH90000025: MySQL8Dialect does not need to be specified explicitly using 'hibernate.dialect' (remove the property setting and it will be selected by default)
2025-06-27 16:23:07.027 [restartedMain] [WARN] o.h.o.deprecation - HHH90000026: MySQL8Dialect has been deprecated; use org.hibernate.dialect.MySQLDialect instead
2025-06-27 16:23:07.044 [restartedMain] [INFO] o.h.o.c.pooling - HHH10001005: Database info:
	Database JDBC URL [Connecting through datasource 'HikariDataSource (HikariPool-1)']
	Database driver: undefined/unknown
	Database version: 8.0
	Autocommit mode: undefined/unknown
	Isolation level: undefined/unknown
	Minimum pool size: undefined/unknown
	Maximum pool size: undefined/unknown
2025-06-27 16:23:08.042 [restartedMain] [INFO] o.h.e.t.j.p.i.JtaPlatformInitiator - HHH000489: No JTA platform available (set 'hibernate.transaction.jta.platform' to enable JTA platform integration)
2025-06-27 16:23:08.147 [restartedMain] [INFO] o.s.o.j.LocalContainerEntityManagerFactoryBean - Initialized JPA EntityManagerFactory for persistence unit 'default'
2025-06-27 16:23:08.865 [restartedMain] [INFO] o.s.d.j.r.q.QueryEnhancerFactory - Hibernate is in classpath; If applicable, HQL parser will be used.
2025-06-27 16:23:09.616 [restartedMain] [WARN] o.s.b.a.o.j.JpaBaseConfiguration$JpaWebConfiguration - spring.jpa.open-in-view is enabled by default. Therefore, database queries may be performed during view rendering. Explicitly configure spring.jpa.open-in-view to disable this warning
2025-06-27 16:23:09.679 [restartedMain] [INFO] o.s.b.a.w.s.WelcomePageHandlerMapping - Adding welcome page: class path resource [static/index.html]
2025-06-27 16:23:09.972 [restartedMain] [INFO] o.s.b.a.e.w.EndpointLinksResolver - Exposing 14 endpoints beneath base path '/actuator'
2025-06-27 16:23:10.000 [restartedMain] [WARN] o.s.s.c.a.a.c.InitializeUserDetailsBeanManagerConfigurer$InitializeUserDetailsManagerConfigurer - Found 2 UserDetailsService beans, with names [customUserDetailService, customUserDetailsService]. Global Authentication Manager will not use a UserDetailsService for username/password login. Consider publishing a single UserDetailsService bean.
2025-06-27 16:23:10.734 [restartedMain] [INFO] o.s.b.d.a.OptionalLiveReloadServer - LiveReload server is running on port 35729
2025-06-27 16:23:10.793 [restartedMain] [INFO] o.s.m.s.b.SimpleBrokerMessageHandler - Starting...
2025-06-27 16:23:10.793 [restartedMain] [INFO] o.s.m.s.b.SimpleBrokerMessageHandler - BrokerAvailabilityEvent[available=true, SimpleBrokerMessageHandler [org.springframework.messaging.simp.broker.DefaultSubscriptionRegistry@327ca651]]
2025-06-27 16:23:10.794 [restartedMain] [INFO] o.s.m.s.b.SimpleBrokerMessageHandler - Started.
2025-06-27 16:23:10.794 [restartedMain] [INFO] o.a.c.h.Http11NioProtocol - Starting ProtocolHandler ["http-nio-8080"]
2025-06-27 16:23:10.813 [restartedMain] [INFO] o.s.b.w.e.t.TomcatWebServer - Tomcat started on port 8080 (http) with context path '/'
2025-06-27 16:23:11.253 [restartedMain] [INFO] o.e.b.BackendProjectApplication - Started BackendProjectApplication in 7.862 seconds (process running for 8.423)
2025-06-27 16:23:11.485 [http-nio-8080-exec-1] [INFO] o.a.c.c.C.[.[.[/] - Initializing Spring DispatcherServlet 'dispatcherServlet'
2025-06-27 16:23:11.485 [http-nio-8080-exec-1] [INFO] o.s.w.s.DispatcherServlet - Initializing Servlet 'dispatcherServlet'
2025-06-27 16:23:11.488 [http-nio-8080-exec-1] [INFO] o.s.w.s.DispatcherServlet - Completed initialization in 3 ms
2025-06-27 16:23:11.598 [http-nio-8080-exec-2] [INFO] o.e.b.s.j.JwtTokenFilter - ❌ 토큰 없음 또는 유효하지 않음: null
2025-06-27 16:23:16.247 [http-nio-8080-exec-6] [INFO] o.e.b.s.j.JwtTokenFilter - ❌ 토큰 없음 또는 유효하지 않음: null
2025-06-27 16:23:16.313 [http-nio-8080-exec-7] [INFO] o.e.b.s.j.JwtTokenFilter - 현재 들어온 HTTP 요청 = /api/user/me
2025-06-27 16:23:16.313 [http-nio-8080-exec-7] [INFO] o.e.b.s.j.JwtTokenFilter - ✅ 토큰 인증 성공: eyJhbGciOiJIUzUxMiJ9.eyJ1c2VyLWlkIjo2LCJ1c2VybmFtZSI6InRlc3QxIiwiaWF0IjoxNzUxMDA4OTk1LCJleHAiOjE3NTEwMDk5OTV9.bqbni8AGqGv97Mro-cKUBI7fUTnnSpcIkYdycxH6GtjNZnOS0bW2Tio4EECMLsu6eyW5zWgNGB81vdvIKrv-Yg
2025-06-27 16:24:10.454 [http-nio-8080-exec-9] [INFO] o.e.b.s.j.JwtTokenFilter - ❌ 토큰 없음 또는 유효하지 않음: null
2025-06-27 16:24:10.494 [http-nio-8080-exec-10] [INFO] o.e.b.s.j.JwtTokenFilter - 현재 들어온 HTTP 요청 = /boards
2025-06-27 16:24:10.494 [http-nio-8080-exec-10] [INFO] o.e.b.s.j.JwtTokenFilter - ✅ 토큰 인증 성공: eyJhbGciOiJIUzUxMiJ9.eyJ1c2VyLWlkIjo2LCJ1c2VybmFtZSI6InRlc3QxIiwiaWF0IjoxNzUxMDA4OTk1LCJleHAiOjE3NTEwMDk5OTV9.bqbni8AGqGv97Mro-cKUBI7fUTnnSpcIkYdycxH6GtjNZnOS0bW2Tio4EECMLsu6eyW5zWgNGB81vdvIKrv-Yg
2025-06-27 16:24:10.498 [http-nio-8080-exec-10] [INFO] o.e.b.a.LogAspect - [AOP_LOG] getBoards 메서드 호출 시작 
2025-06-27 16:24:10.517 [http-nio-8080-exec-10] [INFO] o.e.b.a.LogAspect - [AOP_LOG] getBoards 메서드 실행 완료 시간 = 19
2025-06-27 16:24:10.519 [http-nio-8080-exec-10] [WARN] o.s.d.w.c.SpringDataJacksonConfiguration$PageModule$WarningLoggingModifier - Serializing PageImpl instances as-is is not supported, meaning that there is no guarantee about the stability of the resulting JSON structure!
	For a stable JSON structure, please use Spring Data's PagedModel (globally via @EnableSpringDataWebSupport(pageSerializationMode = VIA_DTO))
	or Spring HATEOAS and Spring Data's PagedResourcesAssembler as documented in https://docs.spring.io/spring-data/commons/reference/repositories/core-extensions.html#core.web.pageables.

2025-06-27 16:24:10.763 [MessageBroker-1] [INFO] o.s.w.s.c.WebSocketMessageBrokerStats - WebSocketSession[0 current WS(0)-HttpStream(0)-HttpPoll(0), 0 total, 0 closed abnormally (0 connect failure, 0 send limit, 0 transport error)], stompSubProtocol[processed CONNECT(0)-CONNECTED(0)-DISCONNECT(0)], stompBrokerRelay[null], inboundChannel[pool size = 0, active threads = 0, queued tasks = 0, completed tasks = 0], outboundChannel[pool size = 0, active threads = 0, queued tasks = 0, completed tasks = 0], sockJsScheduler[pool size = 1, active threads = 1, queued tasks = 0, completed tasks = 0]
2025-06-27 16:24:13.579 [http-nio-8080-exec-2] [INFO] o.e.b.s.j.JwtTokenFilter - 현재 들어온 HTTP 요청 = /boards
2025-06-27 16:24:13.579 [http-nio-8080-exec-2] [INFO] o.e.b.s.j.JwtTokenFilter - ✅ 토큰 인증 성공: eyJhbGciOiJIUzUxMiJ9.eyJ1c2VyLWlkIjo2LCJ1c2VybmFtZSI6InRlc3QxIiwiaWF0IjoxNzUxMDA4OTk1LCJleHAiOjE3NTEwMDk5OTV9.bqbni8AGqGv97Mro-cKUBI7fUTnnSpcIkYdycxH6GtjNZnOS0bW2Tio4EECMLsu6eyW5zWgNGB81vdvIKrv-Yg
2025-06-27 16:24:13.583 [http-nio-8080-exec-2] [INFO] o.e.b.a.LogAspect - [AOP_LOG] createBoard 메서드 호출 시작 
2025-06-27 16:24:13.614 [http-nio-8080-exec-2] [INFO] o.e.b.a.LogAspect - [AOP_LOG] createBoard 메서드 실행 완료 시간 = 31
2025-06-27 16:24:13.641 [http-nio-8080-exec-3] [INFO] o.e.b.s.j.JwtTokenFilter - 현재 들어온 HTTP 요청 = /boards
2025-06-27 16:24:13.641 [http-nio-8080-exec-3] [INFO] o.e.b.s.j.JwtTokenFilter - ✅ 토큰 인증 성공: eyJhbGciOiJIUzUxMiJ9.eyJ1c2VyLWlkIjo2LCJ1c2VybmFtZSI6InRlc3QxIiwiaWF0IjoxNzUxMDA4OTk1LCJleHAiOjE3NTEwMDk5OTV9.bqbni8AGqGv97Mro-cKUBI7fUTnnSpcIkYdycxH6GtjNZnOS0bW2Tio4EECMLsu6eyW5zWgNGB81vdvIKrv-Yg
2025-06-27 16:24:13.642 [http-nio-8080-exec-3] [INFO] o.e.b.a.LogAspect - [AOP_LOG] getBoards 메서드 호출 시작 
2025-06-27 16:24:13.645 [http-nio-8080-exec-3] [INFO] o.e.b.a.LogAspect - [AOP_LOG] getBoards 메서드 실행 완료 시간 = 3
2025-06-27 16:24:19.806 [http-nio-8080-exec-4] [INFO] o.e.b.s.j.JwtTokenFilter - 현재 들어온 HTTP 요청 = /boards/7
2025-06-27 16:24:19.806 [http-nio-8080-exec-4] [INFO] o.e.b.s.j.JwtTokenFilter - ✅ 토큰 인증 성공: eyJhbGciOiJIUzUxMiJ9.eyJ1c2VyLWlkIjo2LCJ1c2VybmFtZSI6InRlc3QxIiwiaWF0IjoxNzUxMDA4OTk1LCJleHAiOjE3NTEwMDk5OTV9.bqbni8AGqGv97Mro-cKUBI7fUTnnSpcIkYdycxH6GtjNZnOS0bW2Tio4EECMLsu6eyW5zWgNGB81vdvIKrv-Yg
2025-06-27 16:24:19.815 [http-nio-8080-exec-4] [INFO] o.e.b.a.LogAspect - [AOP_LOG] getBoardDetail 메서드 호출 시작 
2025-06-27 16:24:19.832 [http-nio-8080-exec-4] [INFO] o.e.b.a.LogAspect - [AOP_LOG] getBoardDetail 메서드 실행 완료 시간 = 17
2025-06-27 16:24:19.868 [http-nio-8080-exec-5] [INFO] o.e.b.s.j.JwtTokenFilter - 현재 들어온 HTTP 요청 = /api/comments
2025-06-27 16:24:19.868 [http-nio-8080-exec-5] [INFO] o.e.b.s.j.JwtTokenFilter - ✅ 토큰 인증 성공: eyJhbGciOiJIUzUxMiJ9.eyJ1c2VyLWlkIjo2LCJ1c2VybmFtZSI6InRlc3QxIiwiaWF0IjoxNzUxMDA4OTk1LCJleHAiOjE3NTEwMDk5OTV9.bqbni8AGqGv97Mro-cKUBI7fUTnnSpcIkYdycxH6GtjNZnOS0bW2Tio4EECMLsu6eyW5zWgNGB81vdvIKrv-Yg
2025-06-27 16:24:20.778 [http-nio-8080-exec-6] [INFO] o.e.b.s.j.JwtTokenFilter - 현재 들어온 HTTP 요청 = /boards/7
2025-06-27 16:24:20.778 [http-nio-8080-exec-6] [INFO] o.e.b.s.j.JwtTokenFilter - ✅ 토큰 인증 성공: eyJhbGciOiJIUzUxMiJ9.eyJ1c2VyLWlkIjo2LCJ1c2VybmFtZSI6InRlc3QxIiwiaWF0IjoxNzUxMDA4OTk1LCJleHAiOjE3NTEwMDk5OTV9.bqbni8AGqGv97Mro-cKUBI7fUTnnSpcIkYdycxH6GtjNZnOS0bW2Tio4EECMLsu6eyW5zWgNGB81vdvIKrv-Yg
2025-06-27 16:24:20.785 [http-nio-8080-exec-6] [INFO] o.e.b.a.LogAspect - [AOP_LOG] getBoardDetail 메서드 호출 시작 
2025-06-27 16:24:20.799 [http-nio-8080-exec-6] [INFO] o.e.b.a.LogAspect - [AOP_LOG] getBoardDetail 메서드 실행 완료 시간 = 14
2025-06-27 16:24:22.651 [http-nio-8080-exec-7] [INFO] o.e.b.s.j.JwtTokenFilter - 현재 들어온 HTTP 요청 = /boards/7
2025-06-27 16:24:22.652 [http-nio-8080-exec-7] [INFO] o.e.b.s.j.JwtTokenFilter - ✅ 토큰 인증 성공: eyJhbGciOiJIUzUxMiJ9.eyJ1c2VyLWlkIjo2LCJ1c2VybmFtZSI6InRlc3QxIiwiaWF0IjoxNzUxMDA4OTk1LCJleHAiOjE3NTEwMDk5OTV9.bqbni8AGqGv97Mro-cKUBI7fUTnnSpcIkYdycxH6GtjNZnOS0bW2Tio4EECMLsu6eyW5zWgNGB81vdvIKrv-Yg
2025-06-27 16:24:22.661 [http-nio-8080-exec-7] [INFO] o.e.b.a.LogAspect - [AOP_LOG] updateBoard 메서드 호출 시작 
2025-06-27 16:24:22.677 [http-nio-8080-exec-7] [INFO] o.e.b.a.LogAspect - [AOP_LOG] updateBoard 메서드 실행 완료 시간 = 16
2025-06-27 16:24:22.732 [http-nio-8080-exec-8] [INFO] o.e.b.s.j.JwtTokenFilter - 현재 들어온 HTTP 요청 = /boards
2025-06-27 16:24:22.732 [http-nio-8080-exec-8] [INFO] o.e.b.s.j.JwtTokenFilter - ✅ 토큰 인증 성공: eyJhbGciOiJIUzUxMiJ9.eyJ1c2VyLWlkIjo2LCJ1c2VybmFtZSI6InRlc3QxIiwiaWF0IjoxNzUxMDA4OTk1LCJleHAiOjE3NTEwMDk5OTV9.bqbni8AGqGv97Mro-cKUBI7fUTnnSpcIkYdycxH6GtjNZnOS0bW2Tio4EECMLsu6eyW5zWgNGB81vdvIKrv-Yg
2025-06-27 16:24:22.735 [http-nio-8080-exec-8] [INFO] o.e.b.a.LogAspect - [AOP_LOG] getBoards 메서드 호출 시작 
2025-06-27 16:24:22.742 [http-nio-8080-exec-8] [INFO] o.e.b.a.LogAspect - [AOP_LOG] getBoards 메서드 실행 완료 시간 = 7
2025-06-27 16:24:46.658 [SpringApplicationShutdownHook] [INFO] o.s.b.w.e.t.GracefulShutdown - Commencing graceful shutdown. Waiting for active requests to complete
2025-06-27 16:24:46.980 [tomcat-shutdown] [INFO] o.s.b.w.e.t.GracefulShutdown - Graceful shutdown complete
2025-06-27 16:24:46.982 [SpringApplicationShutdownHook] [INFO] o.s.m.s.b.SimpleBrokerMessageHandler - Stopping...
2025-06-27 16:24:46.982 [SpringApplicationShutdownHook] [INFO] o.s.m.s.b.SimpleBrokerMessageHandler - BrokerAvailabilityEvent[available=false, SimpleBrokerMessageHandler [org.springframework.messaging.simp.broker.DefaultSubscriptionRegistry@327ca651]]
2025-06-27 16:24:46.982 [SpringApplicationShutdownHook] [INFO] o.s.m.s.b.SimpleBrokerMessageHandler - Stopped.
2025-06-27 16:24:47.123 [SpringApplicationShutdownHook] [INFO] o.s.o.j.LocalContainerEntityManagerFactoryBean - Closing JPA EntityManagerFactory for persistence unit 'default'
2025-06-27 16:24:47.125 [SpringApplicationShutdownHook] [INFO] c.z.h.HikariDataSource - HikariPool-1 - Shutdown initiated...
2025-06-27 16:24:47.135 [SpringApplicationShutdownHook] [INFO] c.z.h.HikariDataSource - HikariPool-1 - Shutdown completed.
2025-06-27 16:24:50.384 [restartedMain] [INFO] o.e.b.BackendProjectApplication - Starting BackendProjectApplication using Java 17.0.12 with PID 21556 (C:\backend5\backendProject\build\classes\java\main started by win11 in C:\backend5)
2025-06-27 16:24:50.387 [restartedMain] [INFO] o.e.b.BackendProjectApplication - The following 1 profile is active: "dev"
2025-06-27 16:24:50.447 [restartedMain] [INFO] o.s.b.d.e.DevToolsPropertyDefaultsPostProcessor - Devtools property defaults active! Set 'spring.devtools.add-properties' to 'false' to disable
2025-06-27 16:24:50.447 [restartedMain] [INFO] o.s.b.d.e.DevToolsPropertyDefaultsPostProcessor - For additional web related logging consider setting the 'logging.level.web' property to 'DEBUG'
2025-06-27 16:24:51.578 [restartedMain] [INFO] o.s.d.r.c.RepositoryConfigurationDelegate - Multiple Spring Data modules found, entering strict repository configuration mode
2025-06-27 16:24:51.579 [restartedMain] [INFO] o.s.d.r.c.RepositoryConfigurationDelegate - Bootstrapping Spring Data JPA repositories in DEFAULT mode.
2025-06-27 16:24:51.729 [restartedMain] [INFO] o.s.d.r.c.RepositoryConfigurationDelegate - Finished Spring Data repository scanning in 141 ms. Found 5 JPA repository interfaces.
2025-06-27 16:24:51.740 [restartedMain] [INFO] o.s.d.r.c.RepositoryConfigurationDelegate - Multiple Spring Data modules found, entering strict repository configuration mode
2025-06-27 16:24:51.741 [restartedMain] [INFO] o.s.d.r.c.RepositoryConfigurationDelegate - Bootstrapping Spring Data Redis repositories in DEFAULT mode.
2025-06-27 16:24:51.760 [restartedMain] [INFO] o.s.d.r.c.RepositoryConfigurationExtensionSupport - Spring Data Redis - Could not safely identify store assignment for repository candidate interface org.example.backendproject.Auth.repository.AuthRepository; If you want this repository to be a Redis repository, consider annotating your entities with one of these annotations: org.springframework.data.redis.core.RedisHash (preferred), or consider extending one of the following types with your repository: org.springframework.data.keyvalue.repository.KeyValueRepository
2025-06-27 16:24:51.762 [restartedMain] [INFO] o.s.d.r.c.RepositoryConfigurationExtensionSupport - Spring Data Redis - Could not safely identify store assignment for repository candidate interface org.example.backendproject.board.repository.BoardRepository; If you want this repository to be a Redis repository, consider annotating your entities with one of these annotations: org.springframework.data.redis.core.RedisHash (preferred), or consider extending one of the following types with your repository: org.springframework.data.keyvalue.repository.KeyValueRepository
2025-06-27 16:24:51.762 [restartedMain] [INFO] o.s.d.r.c.RepositoryConfigurationExtensionSupport - Spring Data Redis - Could not safely identify store assignment for repository candidate interface org.example.backendproject.comment.repository.CommentRepository; If you want this repository to be a Redis repository, consider annotating your entities with one of these annotations: org.springframework.data.redis.core.RedisHash (preferred), or consider extending one of the following types with your repository: org.springframework.data.keyvalue.repository.KeyValueRepository
2025-06-27 16:24:51.763 [restartedMain] [INFO] o.s.d.r.c.RepositoryConfigurationExtensionSupport - Spring Data Redis - Could not safely identify store assignment for repository candidate interface org.example.backendproject.purewebsocket.room.repository.RoomRepository; If you want this repository to be a Redis repository, consider annotating your entities with one of these annotations: org.springframework.data.redis.core.RedisHash (preferred), or consider extending one of the following types with your repository: org.springframework.data.keyvalue.repository.KeyValueRepository
2025-06-27 16:24:51.763 [restartedMain] [INFO] o.s.d.r.c.RepositoryConfigurationExtensionSupport - Spring Data Redis - Could not safely identify store assignment for repository candidate interface org.example.backendproject.user.repository.UserRepository; If you want this repository to be a Redis repository, consider annotating your entities with one of these annotations: org.springframework.data.redis.core.RedisHash (preferred), or consider extending one of the following types with your repository: org.springframework.data.keyvalue.repository.KeyValueRepository
2025-06-27 16:24:51.763 [restartedMain] [INFO] o.s.d.r.c.RepositoryConfigurationDelegate - Finished Spring Data repository scanning in 13 ms. Found 0 Redis repository interfaces.
2025-06-27 16:24:52.443 [restartedMain] [INFO] o.s.b.w.e.t.TomcatWebServer - Tomcat initialized with port 8080 (http)
2025-06-27 16:24:52.455 [restartedMain] [INFO] o.a.c.h.Http11NioProtocol - Initializing ProtocolHandler ["http-nio-8080"]
2025-06-27 16:24:52.456 [restartedMain] [INFO] o.a.c.c.StandardService - Starting service [Tomcat]
2025-06-27 16:24:52.457 [restartedMain] [INFO] o.a.c.c.StandardEngine - Starting Servlet engine: [Apache Tomcat/10.1.41]
2025-06-27 16:24:52.507 [restartedMain] [INFO] o.a.c.c.C.[.[.[/] - Initializing Spring embedded WebApplicationContext
2025-06-27 16:24:52.508 [restartedMain] [INFO] o.s.b.w.s.c.ServletWebServerApplicationContext - Root WebApplicationContext: initialization completed in 2059 ms
2025-06-27 16:24:52.778 [restartedMain] [INFO] o.h.j.i.u.LogHelper - HHH000204: Processing PersistenceUnitInfo [name: default]
2025-06-27 16:24:52.820 [restartedMain] [INFO] o.h.Version - HHH000412: Hibernate ORM core version 6.6.15.Final
2025-06-27 16:24:52.850 [restartedMain] [INFO] o.h.c.i.RegionFactoryInitiator - HHH000026: Second-level cache disabled
2025-06-27 16:24:53.099 [restartedMain] [INFO] o.s.o.j.p.SpringPersistenceUnitInfo - No LoadTimeWeaver setup: ignoring JPA class transformer
2025-06-27 16:24:53.122 [restartedMain] [INFO] c.z.h.HikariDataSource - HikariPool-1 - Starting...
2025-06-27 16:24:53.406 [restartedMain] [INFO] c.z.h.p.HikariPool - HikariPool-1 - Added connection com.mysql.cj.jdbc.ConnectionImpl@66ce161c
2025-06-27 16:24:53.408 [restartedMain] [INFO] c.z.h.HikariDataSource - HikariPool-1 - Start completed.
2025-06-27 16:24:53.446 [restartedMain] [WARN] o.h.o.deprecation - HHH90000025: MySQL8Dialect does not need to be specified explicitly using 'hibernate.dialect' (remove the property setting and it will be selected by default)
2025-06-27 16:24:53.447 [restartedMain] [WARN] o.h.o.deprecation - HHH90000026: MySQL8Dialect has been deprecated; use org.hibernate.dialect.MySQLDialect instead
2025-06-27 16:24:53.464 [restartedMain] [INFO] o.h.o.c.pooling - HHH10001005: Database info:
	Database JDBC URL [Connecting through datasource 'HikariDataSource (HikariPool-1)']
	Database driver: undefined/unknown
	Database version: 8.0
	Autocommit mode: undefined/unknown
	Isolation level: undefined/unknown
	Minimum pool size: undefined/unknown
	Maximum pool size: undefined/unknown
2025-06-27 16:24:54.475 [restartedMain] [INFO] o.h.e.t.j.p.i.JtaPlatformInitiator - HHH000489: No JTA platform available (set 'hibernate.transaction.jta.platform' to enable JTA platform integration)
2025-06-27 16:24:54.603 [restartedMain] [INFO] o.s.o.j.LocalContainerEntityManagerFactoryBean - Initialized JPA EntityManagerFactory for persistence unit 'default'
2025-06-27 16:24:55.412 [restartedMain] [INFO] o.s.d.j.r.q.QueryEnhancerFactory - Hibernate is in classpath; If applicable, HQL parser will be used.
2025-06-27 16:24:56.225 [restartedMain] [WARN] o.s.b.a.o.j.JpaBaseConfiguration$JpaWebConfiguration - spring.jpa.open-in-view is enabled by default. Therefore, database queries may be performed during view rendering. Explicitly configure spring.jpa.open-in-view to disable this warning
2025-06-27 16:24:56.285 [restartedMain] [INFO] o.s.b.a.w.s.WelcomePageHandlerMapping - Adding welcome page: class path resource [static/index.html]
2025-06-27 16:24:56.542 [restartedMain] [INFO] o.s.b.a.e.w.EndpointLinksResolver - Exposing 14 endpoints beneath base path '/actuator'
2025-06-27 16:24:56.571 [restartedMain] [WARN] o.s.s.c.a.a.c.InitializeUserDetailsBeanManagerConfigurer$InitializeUserDetailsManagerConfigurer - Found 2 UserDetailsService beans, with names [customUserDetailService, customUserDetailsService]. Global Authentication Manager will not use a UserDetailsService for username/password login. Consider publishing a single UserDetailsService bean.
2025-06-27 16:24:57.177 [restartedMain] [INFO] o.s.b.d.a.OptionalLiveReloadServer - LiveReload server is running on port 35729
2025-06-27 16:24:57.236 [restartedMain] [INFO] o.s.m.s.b.SimpleBrokerMessageHandler - Starting...
2025-06-27 16:24:57.236 [restartedMain] [INFO] o.s.m.s.b.SimpleBrokerMessageHandler - BrokerAvailabilityEvent[available=true, SimpleBrokerMessageHandler [org.springframework.messaging.simp.broker.DefaultSubscriptionRegistry@7edd3701]]
2025-06-27 16:24:57.237 [restartedMain] [INFO] o.s.m.s.b.SimpleBrokerMessageHandler - Started.
2025-06-27 16:24:57.237 [restartedMain] [INFO] o.a.c.h.Http11NioProtocol - Starting ProtocolHandler ["http-nio-8080"]
2025-06-27 16:24:57.255 [restartedMain] [INFO] o.s.b.w.e.t.TomcatWebServer - Tomcat started on port 8080 (http) with context path '/'
2025-06-27 16:24:57.501 [http-nio-8080-exec-1] [INFO] o.a.c.c.C.[.[.[/] - Initializing Spring DispatcherServlet 'dispatcherServlet'
2025-06-27 16:24:57.501 [http-nio-8080-exec-1] [INFO] o.s.w.s.DispatcherServlet - Initializing Servlet 'dispatcherServlet'
2025-06-27 16:24:57.503 [http-nio-8080-exec-1] [INFO] o.s.w.s.DispatcherServlet - Completed initialization in 2 ms
2025-06-27 16:24:57.635 [http-nio-8080-exec-3] [INFO] o.e.b.s.j.JwtTokenFilter - ❌ 토큰 없음 또는 유효하지 않음: null
2025-06-27 16:24:57.758 [restartedMain] [INFO] o.e.b.BackendProjectApplication - Started BackendProjectApplication in 7.869 seconds (process running for 8.407)
2025-06-27 16:25:04.579 [http-nio-8080-exec-5] [INFO] o.e.b.a.LogAspect - [AOP_LOG] login 메서드 호출 시작 
2025-06-27 16:25:05.156 [http-nio-8080-exec-5] [INFO] o.e.b.a.LogAspect - [AOP_LOG] login 메서드 실행 완료 시간 = 578
2025-06-27 16:25:05.949 [http-nio-8080-exec-2] [INFO] o.e.b.s.j.JwtTokenFilter - ❌ 토큰 없음 또는 유효하지 않음: null
2025-06-27 16:25:06.057 [http-nio-8080-exec-7] [INFO] o.e.b.s.j.JwtTokenFilter - 현재 들어온 HTTP 요청 = /api/user/me
2025-06-27 16:25:06.058 [http-nio-8080-exec-7] [INFO] o.e.b.s.j.JwtTokenFilter - ✅ 토큰 인증 성공: eyJhbGciOiJIUzUxMiJ9.eyJ1c2VyLWlkIjo2LCJ1c2VybmFtZSI6InRlc3QxIiwiaWF0IjoxNzUxMDA5MTA1LCJleHAiOjE3NTEwMTAxMDR9.MIEo3XQuvlm-gbrzpgl0PPes5fL1jzy7O5M3y6uLZakilxABDgQBVqs3t_06kuv92Imqj_iVDfync9HbWohhtw
2025-06-27 16:25:57.208 [MessageBroker-1] [INFO] o.s.w.s.c.WebSocketMessageBrokerStats - WebSocketSession[0 current WS(0)-HttpStream(0)-HttpPoll(0), 0 total, 0 closed abnormally (0 connect failure, 0 send limit, 0 transport error)], stompSubProtocol[processed CONNECT(0)-CONNECTED(0)-DISCONNECT(0)], stompBrokerRelay[null], inboundChannel[pool size = 0, active threads = 0, queued tasks = 0, completed tasks = 0], outboundChannel[pool size = 0, active threads = 0, queued tasks = 0, completed tasks = 0], sockJsScheduler[pool size = 1, active threads = 1, queued tasks = 0, completed tasks = 0]
2025-06-27 16:26:32.043 [SpringApplicationShutdownHook] [INFO] o.s.b.w.e.t.GracefulShutdown - Commencing graceful shutdown. Waiting for active requests to complete
2025-06-27 16:26:32.355 [tomcat-shutdown] [INFO] o.s.b.w.e.t.GracefulShutdown - Graceful shutdown complete
2025-06-27 16:26:32.357 [SpringApplicationShutdownHook] [INFO] o.s.m.s.b.SimpleBrokerMessageHandler - Stopping...
2025-06-27 16:26:32.357 [SpringApplicationShutdownHook] [INFO] o.s.m.s.b.SimpleBrokerMessageHandler - BrokerAvailabilityEvent[available=false, SimpleBrokerMessageHandler [org.springframework.messaging.simp.broker.DefaultSubscriptionRegistry@7edd3701]]
2025-06-27 16:26:32.357 [SpringApplicationShutdownHook] [INFO] o.s.m.s.b.SimpleBrokerMessageHandler - Stopped.
2025-06-27 16:26:32.484 [SpringApplicationShutdownHook] [INFO] o.s.o.j.LocalContainerEntityManagerFactoryBean - Closing JPA EntityManagerFactory for persistence unit 'default'
2025-06-27 16:26:32.487 [SpringApplicationShutdownHook] [INFO] c.z.h.HikariDataSource - HikariPool-1 - Shutdown initiated...
2025-06-27 16:26:32.500 [SpringApplicationShutdownHook] [INFO] c.z.h.HikariDataSource - HikariPool-1 - Shutdown completed.
2025-06-27 16:26:35.120 [restartedMain] [INFO] o.e.b.BackendProjectApplication - Starting BackendProjectApplication using Java 17.0.12 with PID 12300 (C:\backend5\backendProject\build\classes\java\main started by win11 in C:\backend5)
2025-06-27 16:26:35.122 [restartedMain] [INFO] o.e.b.BackendProjectApplication - The following 1 profile is active: "dev"
2025-06-27 16:26:35.161 [restartedMain] [INFO] o.s.b.d.e.DevToolsPropertyDefaultsPostProcessor - Devtools property defaults active! Set 'spring.devtools.add-properties' to 'false' to disable
2025-06-27 16:26:35.162 [restartedMain] [INFO] o.s.b.d.e.DevToolsPropertyDefaultsPostProcessor - For additional web related logging consider setting the 'logging.level.web' property to 'DEBUG'
2025-06-27 16:26:36.205 [restartedMain] [INFO] o.s.d.r.c.RepositoryConfigurationDelegate - Multiple Spring Data modules found, entering strict repository configuration mode
2025-06-27 16:26:36.207 [restartedMain] [INFO] o.s.d.r.c.RepositoryConfigurationDelegate - Bootstrapping Spring Data JPA repositories in DEFAULT mode.
2025-06-27 16:26:36.370 [restartedMain] [INFO] o.s.d.r.c.RepositoryConfigurationDelegate - Finished Spring Data repository scanning in 155 ms. Found 5 JPA repository interfaces.
2025-06-27 16:26:36.381 [restartedMain] [INFO] o.s.d.r.c.RepositoryConfigurationDelegate - Multiple Spring Data modules found, entering strict repository configuration mode
2025-06-27 16:26:36.382 [restartedMain] [INFO] o.s.d.r.c.RepositoryConfigurationDelegate - Bootstrapping Spring Data Redis repositories in DEFAULT mode.
2025-06-27 16:26:36.400 [restartedMain] [INFO] o.s.d.r.c.RepositoryConfigurationExtensionSupport - Spring Data Redis - Could not safely identify store assignment for repository candidate interface org.example.backendproject.Auth.repository.AuthRepository; If you want this repository to be a Redis repository, consider annotating your entities with one of these annotations: org.springframework.data.redis.core.RedisHash (preferred), or consider extending one of the following types with your repository: org.springframework.data.keyvalue.repository.KeyValueRepository
2025-06-27 16:26:36.401 [restartedMain] [INFO] o.s.d.r.c.RepositoryConfigurationExtensionSupport - Spring Data Redis - Could not safely identify store assignment for repository candidate interface org.example.backendproject.board.repository.BoardRepository; If you want this repository to be a Redis repository, consider annotating your entities with one of these annotations: org.springframework.data.redis.core.RedisHash (preferred), or consider extending one of the following types with your repository: org.springframework.data.keyvalue.repository.KeyValueRepository
2025-06-27 16:26:36.401 [restartedMain] [INFO] o.s.d.r.c.RepositoryConfigurationExtensionSupport - Spring Data Redis - Could not safely identify store assignment for repository candidate interface org.example.backendproject.comment.repository.CommentRepository; If you want this repository to be a Redis repository, consider annotating your entities with one of these annotations: org.springframework.data.redis.core.RedisHash (preferred), or consider extending one of the following types with your repository: org.springframework.data.keyvalue.repository.KeyValueRepository
2025-06-27 16:26:36.402 [restartedMain] [INFO] o.s.d.r.c.RepositoryConfigurationExtensionSupport - Spring Data Redis - Could not safely identify store assignment for repository candidate interface org.example.backendproject.purewebsocket.room.repository.RoomRepository; If you want this repository to be a Redis repository, consider annotating your entities with one of these annotations: org.springframework.data.redis.core.RedisHash (preferred), or consider extending one of the following types with your repository: org.springframework.data.keyvalue.repository.KeyValueRepository
2025-06-27 16:26:36.402 [restartedMain] [INFO] o.s.d.r.c.RepositoryConfigurationExtensionSupport - Spring Data Redis - Could not safely identify store assignment for repository candidate interface org.example.backendproject.user.repository.UserRepository; If you want this repository to be a Redis repository, consider annotating your entities with one of these annotations: org.springframework.data.redis.core.RedisHash (preferred), or consider extending one of the following types with your repository: org.springframework.data.keyvalue.repository.KeyValueRepository
2025-06-27 16:26:36.402 [restartedMain] [INFO] o.s.d.r.c.RepositoryConfigurationDelegate - Finished Spring Data repository scanning in 11 ms. Found 0 Redis repository interfaces.
2025-06-27 16:26:37.097 [restartedMain] [INFO] o.s.b.w.e.t.TomcatWebServer - Tomcat initialized with port 8080 (http)
2025-06-27 16:26:37.109 [restartedMain] [INFO] o.a.c.h.Http11NioProtocol - Initializing ProtocolHandler ["http-nio-8080"]
2025-06-27 16:26:37.110 [restartedMain] [INFO] o.a.c.c.StandardService - Starting service [Tomcat]
2025-06-27 16:26:37.111 [restartedMain] [INFO] o.a.c.c.StandardEngine - Starting Servlet engine: [Apache Tomcat/10.1.41]
2025-06-27 16:26:37.158 [restartedMain] [INFO] o.a.c.c.C.[.[.[/] - Initializing Spring embedded WebApplicationContext
2025-06-27 16:26:37.159 [restartedMain] [INFO] o.s.b.w.s.c.ServletWebServerApplicationContext - Root WebApplicationContext: initialization completed in 1997 ms
2025-06-27 16:26:37.442 [restartedMain] [INFO] o.h.j.i.u.LogHelper - HHH000204: Processing PersistenceUnitInfo [name: default]
2025-06-27 16:26:37.484 [restartedMain] [INFO] o.h.Version - HHH000412: Hibernate ORM core version 6.6.15.Final
2025-06-27 16:26:37.510 [restartedMain] [INFO] o.h.c.i.RegionFactoryInitiator - HHH000026: Second-level cache disabled
2025-06-27 16:26:37.772 [restartedMain] [INFO] o.s.o.j.p.SpringPersistenceUnitInfo - No LoadTimeWeaver setup: ignoring JPA class transformer
2025-06-27 16:26:37.796 [restartedMain] [INFO] c.z.h.HikariDataSource - HikariPool-1 - Starting...
2025-06-27 16:26:38.045 [restartedMain] [INFO] c.z.h.p.HikariPool - HikariPool-1 - Added connection com.mysql.cj.jdbc.ConnectionImpl@118ec3b5
2025-06-27 16:26:38.046 [restartedMain] [INFO] c.z.h.HikariDataSource - HikariPool-1 - Start completed.
2025-06-27 16:26:38.087 [restartedMain] [WARN] o.h.o.deprecation - HHH90000025: MySQL8Dialect does not need to be specified explicitly using 'hibernate.dialect' (remove the property setting and it will be selected by default)
2025-06-27 16:26:38.088 [restartedMain] [WARN] o.h.o.deprecation - HHH90000026: MySQL8Dialect has been deprecated; use org.hibernate.dialect.MySQLDialect instead
2025-06-27 16:26:38.108 [restartedMain] [INFO] o.h.o.c.pooling - HHH10001005: Database info:
	Database JDBC URL [Connecting through datasource 'HikariDataSource (HikariPool-1)']
	Database driver: undefined/unknown
	Database version: 8.0
	Autocommit mode: undefined/unknown
	Isolation level: undefined/unknown
	Minimum pool size: undefined/unknown
	Maximum pool size: undefined/unknown
2025-06-27 16:26:39.120 [restartedMain] [INFO] o.h.e.t.j.p.i.JtaPlatformInitiator - HHH000489: No JTA platform available (set 'hibernate.transaction.jta.platform' to enable JTA platform integration)
2025-06-27 16:26:39.222 [restartedMain] [INFO] o.s.o.j.LocalContainerEntityManagerFactoryBean - Initialized JPA EntityManagerFactory for persistence unit 'default'
2025-06-27 16:26:39.970 [restartedMain] [INFO] o.s.d.j.r.q.QueryEnhancerFactory - Hibernate is in classpath; If applicable, HQL parser will be used.
2025-06-27 16:26:40.739 [restartedMain] [WARN] o.s.b.a.o.j.JpaBaseConfiguration$JpaWebConfiguration - spring.jpa.open-in-view is enabled by default. Therefore, database queries may be performed during view rendering. Explicitly configure spring.jpa.open-in-view to disable this warning
2025-06-27 16:26:40.810 [restartedMain] [INFO] o.s.b.a.w.s.WelcomePageHandlerMapping - Adding welcome page: class path resource [static/index.html]
2025-06-27 16:26:41.042 [restartedMain] [INFO] o.s.b.a.e.w.EndpointLinksResolver - Exposing 14 endpoints beneath base path '/actuator'
2025-06-27 16:26:41.071 [restartedMain] [WARN] o.s.s.c.a.a.c.InitializeUserDetailsBeanManagerConfigurer$InitializeUserDetailsManagerConfigurer - Found 2 UserDetailsService beans, with names [customUserDetailService, customUserDetailsService]. Global Authentication Manager will not use a UserDetailsService for username/password login. Consider publishing a single UserDetailsService bean.
2025-06-27 16:26:41.713 [restartedMain] [INFO] o.s.b.d.a.OptionalLiveReloadServer - LiveReload server is running on port 35729
2025-06-27 16:26:41.770 [restartedMain] [INFO] o.s.m.s.b.SimpleBrokerMessageHandler - Starting...
2025-06-27 16:26:41.770 [restartedMain] [INFO] o.s.m.s.b.SimpleBrokerMessageHandler - BrokerAvailabilityEvent[available=true, SimpleBrokerMessageHandler [org.springframework.messaging.simp.broker.DefaultSubscriptionRegistry@31e3ebe9]]
2025-06-27 16:26:41.771 [restartedMain] [INFO] o.s.m.s.b.SimpleBrokerMessageHandler - Started.
2025-06-27 16:26:41.771 [restartedMain] [INFO] o.a.c.h.Http11NioProtocol - Starting ProtocolHandler ["http-nio-8080"]
2025-06-27 16:26:41.789 [restartedMain] [INFO] o.s.b.w.e.t.TomcatWebServer - Tomcat started on port 8080 (http) with context path '/'
2025-06-27 16:26:42.756 [restartedMain] [INFO] o.e.b.BackendProjectApplication - Started BackendProjectApplication in 8.192 seconds (process running for 8.82)
2025-06-27 16:26:43.598 [RMI TCP Connection(1)-172.31.98.113] [INFO] o.a.c.c.C.[.[.[/] - Initializing Spring DispatcherServlet 'dispatcherServlet'
2025-06-27 16:26:43.598 [RMI TCP Connection(1)-172.31.98.113] [INFO] o.s.w.s.DispatcherServlet - Initializing Servlet 'dispatcherServlet'
2025-06-27 16:26:43.601 [RMI TCP Connection(1)-172.31.98.113] [INFO] o.s.w.s.DispatcherServlet - Completed initialization in 3 ms
2025-06-27 16:27:31.050 [http-nio-8080-exec-1] [INFO] o.e.b.s.j.JwtTokenFilter - ❌ 토큰 없음 또는 유효하지 않음: null
2025-06-27 16:27:35.747 [http-nio-8080-exec-4] [INFO] o.e.b.s.j.JwtTokenFilter - ❌ 토큰 없음 또는 유효하지 않음: null
2025-06-27 16:27:40.752 [http-nio-8080-exec-2] [INFO] o.e.b.s.j.JwtTokenFilter - ❌ 토큰 없음 또는 유효하지 않음: null
2025-06-27 16:27:41.748 [MessageBroker-1] [INFO] o.s.w.s.c.WebSocketMessageBrokerStats - WebSocketSession[0 current WS(0)-HttpStream(0)-HttpPoll(0), 0 total, 0 closed abnormally (0 connect failure, 0 send limit, 0 transport error)], stompSubProtocol[processed CONNECT(0)-CONNECTED(0)-DISCONNECT(0)], stompBrokerRelay[null], inboundChannel[pool size = 0, active threads = 0, queued tasks = 0, completed tasks = 0], outboundChannel[pool size = 0, active threads = 0, queued tasks = 0, completed tasks = 0], sockJsScheduler[pool size = 1, active threads = 1, queued tasks = 0, completed tasks = 0]
2025-06-27 16:27:45.743 [http-nio-8080-exec-3] [INFO] o.e.b.s.j.JwtTokenFilter - ❌ 토큰 없음 또는 유효하지 않음: null
2025-06-27 16:27:50.743 [http-nio-8080-exec-5] [INFO] o.e.b.s.j.JwtTokenFilter - ❌ 토큰 없음 또는 유효하지 않음: null
2025-06-27 16:27:55.744 [http-nio-8080-exec-9] [INFO] o.e.b.s.j.JwtTokenFilter - ❌ 토큰 없음 또는 유효하지 않음: null
2025-06-27 16:27:57.802 [SpringApplicationShutdownHook] [INFO] o.s.b.w.e.t.GracefulShutdown - Commencing graceful shutdown. Waiting for active requests to complete
2025-06-27 16:27:59.621 [tomcat-shutdown] [INFO] o.s.b.w.e.t.GracefulShutdown - Graceful shutdown complete
2025-06-27 16:27:59.629 [SpringApplicationShutdownHook] [INFO] o.s.m.s.b.SimpleBrokerMessageHandler - Stopping...
2025-06-27 16:27:59.630 [SpringApplicationShutdownHook] [INFO] o.s.m.s.b.SimpleBrokerMessageHandler - BrokerAvailabilityEvent[available=false, SimpleBrokerMessageHandler [org.springframework.messaging.simp.broker.DefaultSubscriptionRegistry@31e3ebe9]]
2025-06-27 16:27:59.630 [SpringApplicationShutdownHook] [INFO] o.s.m.s.b.SimpleBrokerMessageHandler - Stopped.
2025-06-27 16:27:59.803 [SpringApplicationShutdownHook] [INFO] o.s.o.j.LocalContainerEntityManagerFactoryBean - Closing JPA EntityManagerFactory for persistence unit 'default'
2025-06-27 16:27:59.813 [SpringApplicationShutdownHook] [INFO] c.z.h.HikariDataSource - HikariPool-1 - Shutdown initiated...
2025-06-27 16:27:59.850 [SpringApplicationShutdownHook] [INFO] c.z.h.HikariDataSource - HikariPool-1 - Shutdown completed.
2025-06-27 16:28:09.385 [restartedMain] [INFO] o.e.b.BackendProjectApplication - Starting BackendProjectApplication using Java 17.0.12 with PID 20396 (C:\backend5\backendProject\build\classes\java\main started by win11 in C:\backend5)
2025-06-27 16:28:09.393 [restartedMain] [INFO] o.e.b.BackendProjectApplication - The following 1 profile is active: "dev"
2025-06-27 16:28:09.595 [restartedMain] [INFO] o.s.b.d.e.DevToolsPropertyDefaultsPostProcessor - Devtools property defaults active! Set 'spring.devtools.add-properties' to 'false' to disable
2025-06-27 16:28:09.596 [restartedMain] [INFO] o.s.b.d.e.DevToolsPropertyDefaultsPostProcessor - For additional web related logging consider setting the 'logging.level.web' property to 'DEBUG'
2025-06-27 16:28:14.464 [restartedMain] [INFO] o.s.d.r.c.RepositoryConfigurationDelegate - Multiple Spring Data modules found, entering strict repository configuration mode
2025-06-27 16:28:14.468 [restartedMain] [INFO] o.s.d.r.c.RepositoryConfigurationDelegate - Bootstrapping Spring Data JPA repositories in DEFAULT mode.
2025-06-27 16:28:14.877 [restartedMain] [INFO] o.s.d.r.c.RepositoryConfigurationDelegate - Finished Spring Data repository scanning in 389 ms. Found 5 JPA repository interfaces.
2025-06-27 16:28:14.911 [restartedMain] [INFO] o.s.d.r.c.RepositoryConfigurationDelegate - Multiple Spring Data modules found, entering strict repository configuration mode
2025-06-27 16:28:14.914 [restartedMain] [INFO] o.s.d.r.c.RepositoryConfigurationDelegate - Bootstrapping Spring Data Redis repositories in DEFAULT mode.
2025-06-27 16:28:14.961 [restartedMain] [INFO] o.s.d.r.c.RepositoryConfigurationExtensionSupport - Spring Data Redis - Could not safely identify store assignment for repository candidate interface org.example.backendproject.Auth.repository.AuthRepository; If you want this repository to be a Redis repository, consider annotating your entities with one of these annotations: org.springframework.data.redis.core.RedisHash (preferred), or consider extending one of the following types with your repository: org.springframework.data.keyvalue.repository.KeyValueRepository
2025-06-27 16:28:14.966 [restartedMain] [INFO] o.s.d.r.c.RepositoryConfigurationExtensionSupport - Spring Data Redis - Could not safely identify store assignment for repository candidate interface org.example.backendproject.board.repository.BoardRepository; If you want this repository to be a Redis repository, consider annotating your entities with one of these annotations: org.springframework.data.redis.core.RedisHash (preferred), or consider extending one of the following types with your repository: org.springframework.data.keyvalue.repository.KeyValueRepository
2025-06-27 16:28:14.967 [restartedMain] [INFO] o.s.d.r.c.RepositoryConfigurationExtensionSupport - Spring Data Redis - Could not safely identify store assignment for repository candidate interface org.example.backendproject.comment.repository.CommentRepository; If you want this repository to be a Redis repository, consider annotating your entities with one of these annotations: org.springframework.data.redis.core.RedisHash (preferred), or consider extending one of the following types with your repository: org.springframework.data.keyvalue.repository.KeyValueRepository
2025-06-27 16:28:14.969 [restartedMain] [INFO] o.s.d.r.c.RepositoryConfigurationExtensionSupport - Spring Data Redis - Could not safely identify store assignment for repository candidate interface org.example.backendproject.purewebsocket.room.repository.RoomRepository; If you want this repository to be a Redis repository, consider annotating your entities with one of these annotations: org.springframework.data.redis.core.RedisHash (preferred), or consider extending one of the following types with your repository: org.springframework.data.keyvalue.repository.KeyValueRepository
2025-06-27 16:28:14.971 [restartedMain] [INFO] o.s.d.r.c.RepositoryConfigurationExtensionSupport - Spring Data Redis - Could not safely identify store assignment for repository candidate interface org.example.backendproject.user.repository.UserRepository; If you want this repository to be a Redis repository, consider annotating your entities with one of these annotations: org.springframework.data.redis.core.RedisHash (preferred), or consider extending one of the following types with your repository: org.springframework.data.keyvalue.repository.KeyValueRepository
2025-06-27 16:28:14.971 [restartedMain] [INFO] o.s.d.r.c.RepositoryConfigurationDelegate - Finished Spring Data repository scanning in 36 ms. Found 0 Redis repository interfaces.
2025-06-27 16:28:17.445 [restartedMain] [INFO] o.s.b.w.e.t.TomcatWebServer - Tomcat initialized with port 8080 (http)
2025-06-27 16:28:17.561 [restartedMain] [INFO] o.a.c.h.Http11NioProtocol - Initializing ProtocolHandler ["http-nio-8080"]
2025-06-27 16:28:17.576 [restartedMain] [INFO] o.a.c.c.StandardService - Starting service [Tomcat]
2025-06-27 16:28:17.577 [restartedMain] [INFO] o.a.c.c.StandardEngine - Starting Servlet engine: [Apache Tomcat/10.1.41]
2025-06-27 16:28:17.855 [restartedMain] [INFO] o.a.c.c.C.[.[.[/] - Initializing Spring embedded WebApplicationContext
2025-06-27 16:28:17.860 [restartedMain] [INFO] o.s.b.w.s.c.ServletWebServerApplicationContext - Root WebApplicationContext: initialization completed in 8260 ms
2025-06-27 16:28:19.213 [restartedMain] [INFO] o.h.j.i.u.LogHelper - HHH000204: Processing PersistenceUnitInfo [name: default]
2025-06-27 16:28:19.531 [restartedMain] [INFO] o.h.Version - HHH000412: Hibernate ORM core version 6.6.15.Final
2025-06-27 16:28:19.705 [restartedMain] [INFO] o.h.c.i.RegionFactoryInitiator - HHH000026: Second-level cache disabled
2025-06-27 16:28:21.273 [restartedMain] [INFO] o.s.o.j.p.SpringPersistenceUnitInfo - No LoadTimeWeaver setup: ignoring JPA class transformer
2025-06-27 16:28:21.387 [restartedMain] [INFO] c.z.h.HikariDataSource - HikariPool-1 - Starting...
2025-06-27 16:28:22.655 [restartedMain] [INFO] c.z.h.p.HikariPool - HikariPool-1 - Added connection com.mysql.cj.jdbc.ConnectionImpl@457848ea
2025-06-27 16:28:22.673 [restartedMain] [INFO] c.z.h.HikariDataSource - HikariPool-1 - Start completed.
2025-06-27 16:28:22.823 [restartedMain] [WARN] o.h.o.deprecation - HHH90000025: MySQL8Dialect does not need to be specified explicitly using 'hibernate.dialect' (remove the property setting and it will be selected by default)
2025-06-27 16:28:22.826 [restartedMain] [WARN] o.h.o.deprecation - HHH90000026: MySQL8Dialect has been deprecated; use org.hibernate.dialect.MySQLDialect instead
2025-06-27 16:28:22.888 [restartedMain] [INFO] o.h.o.c.pooling - HHH10001005: Database info:
	Database JDBC URL [Connecting through datasource 'HikariDataSource (HikariPool-1)']
	Database driver: undefined/unknown
	Database version: 8.0
	Autocommit mode: undefined/unknown
	Isolation level: undefined/unknown
	Minimum pool size: undefined/unknown
	Maximum pool size: undefined/unknown
2025-06-27 16:28:27.363 [restartedMain] [INFO] o.h.e.t.j.p.i.JtaPlatformInitiator - HHH000489: No JTA platform available (set 'hibernate.transaction.jta.platform' to enable JTA platform integration)
2025-06-27 16:28:27.789 [restartedMain] [INFO] o.s.o.j.LocalContainerEntityManagerFactoryBean - Initialized JPA EntityManagerFactory for persistence unit 'default'
2025-06-27 16:28:32.724 [restartedMain] [INFO] o.s.d.j.r.q.QueryEnhancerFactory - Hibernate is in classpath; If applicable, HQL parser will be used.
2025-06-27 16:28:37.933 [restartedMain] [WARN] o.s.b.a.o.j.JpaBaseConfiguration$JpaWebConfiguration - spring.jpa.open-in-view is enabled by default. Therefore, database queries may be performed during view rendering. Explicitly configure spring.jpa.open-in-view to disable this warning
2025-06-27 16:28:38.420 [restartedMain] [INFO] o.s.b.a.w.s.WelcomePageHandlerMapping - Adding welcome page: class path resource [static/index.html]
2025-06-27 16:28:39.727 [restartedMain] [INFO] o.s.b.a.e.w.EndpointLinksResolver - Exposing 14 endpoints beneath base path '/actuator'
2025-06-27 16:28:39.888 [restartedMain] [WARN] o.s.s.c.a.a.c.InitializeUserDetailsBeanManagerConfigurer$InitializeUserDetailsManagerConfigurer - Found 2 UserDetailsService beans, with names [customUserDetailService, customUserDetailsService]. Global Authentication Manager will not use a UserDetailsService for username/password login. Consider publishing a single UserDetailsService bean.
2025-06-27 16:28:43.588 [restartedMain] [INFO] o.s.b.d.a.OptionalLiveReloadServer - LiveReload server is running on port 35729
2025-06-27 16:28:43.803 [restartedMain] [INFO] o.s.m.s.b.SimpleBrokerMessageHandler - Starting...
2025-06-27 16:28:43.805 [restartedMain] [INFO] o.s.m.s.b.SimpleBrokerMessageHandler - BrokerAvailabilityEvent[available=true, SimpleBrokerMessageHandler [org.springframework.messaging.simp.broker.DefaultSubscriptionRegistry@3588af16]]
2025-06-27 16:28:43.809 [restartedMain] [INFO] o.s.m.s.b.SimpleBrokerMessageHandler - Started.
2025-06-27 16:28:43.809 [restartedMain] [INFO] o.a.c.h.Http11NioProtocol - Starting ProtocolHandler ["http-nio-8080"]
2025-06-27 16:28:43.885 [restartedMain] [INFO] o.s.b.w.e.t.TomcatWebServer - Tomcat started on port 8080 (http) with context path '/'
2025-06-27 16:28:45.701 [restartedMain] [INFO] o.e.b.BackendProjectApplication - Started BackendProjectApplication in 38.777 seconds (process running for 41.599)
2025-06-27 16:28:45.938 [http-nio-8080-exec-1] [INFO] o.a.c.c.C.[.[.[/] - Initializing Spring DispatcherServlet 'dispatcherServlet'
2025-06-27 16:28:45.939 [http-nio-8080-exec-1] [INFO] o.s.w.s.DispatcherServlet - Initializing Servlet 'dispatcherServlet'
2025-06-27 16:28:45.943 [http-nio-8080-exec-1] [INFO] o.s.w.s.DispatcherServlet - Completed initialization in 3 ms
2025-06-27 16:28:46.061 [http-nio-8080-exec-1] [INFO] o.e.b.s.j.JwtTokenFilter - ❌ 토큰 없음 또는 유효하지 않음: null
2025-06-27 16:28:50.737 [http-nio-8080-exec-2] [INFO] o.e.b.s.j.JwtTokenFilter - ❌ 토큰 없음 또는 유효하지 않음: null
2025-06-27 16:28:55.739 [http-nio-8080-exec-3] [INFO] o.e.b.s.j.JwtTokenFilter - ❌ 토큰 없음 또는 유효하지 않음: null
2025-06-27 16:29:00.741 [http-nio-8080-exec-4] [INFO] o.e.b.s.j.JwtTokenFilter - ❌ 토큰 없음 또는 유효하지 않음: null
2025-06-27 16:29:05.741 [http-nio-8080-exec-5] [INFO] o.e.b.s.j.JwtTokenFilter - ❌ 토큰 없음 또는 유효하지 않음: null
2025-06-27 16:29:10.738 [http-nio-8080-exec-6] [INFO] o.e.b.s.j.JwtTokenFilter - ❌ 토큰 없음 또는 유효하지 않음: null
2025-06-27 16:29:15.735 [http-nio-8080-exec-7] [INFO] o.e.b.s.j.JwtTokenFilter - ❌ 토큰 없음 또는 유효하지 않음: null
2025-06-27 16:29:20.756 [http-nio-8080-exec-8] [INFO] o.e.b.s.j.JwtTokenFilter - ❌ 토큰 없음 또는 유효하지 않음: null
2025-06-27 16:29:25.729 [http-nio-8080-exec-9] [INFO] o.e.b.s.j.JwtTokenFilter - ❌ 토큰 없음 또는 유효하지 않음: null
2025-06-27 16:29:30.732 [http-nio-8080-exec-10] [INFO] o.e.b.s.j.JwtTokenFilter - ❌ 토큰 없음 또는 유효하지 않음: null
2025-06-27 16:29:35.729 [http-nio-8080-exec-1] [INFO] o.e.b.s.j.JwtTokenFilter - ❌ 토큰 없음 또는 유효하지 않음: null
2025-06-27 16:29:40.728 [http-nio-8080-exec-2] [INFO] o.e.b.s.j.JwtTokenFilter - ❌ 토큰 없음 또는 유효하지 않음: null
2025-06-27 16:29:43.668 [MessageBroker-1] [INFO] o.s.w.s.c.WebSocketMessageBrokerStats - WebSocketSession[0 current WS(0)-HttpStream(0)-HttpPoll(0), 0 total, 0 closed abnormally (0 connect failure, 0 send limit, 0 transport error)], stompSubProtocol[processed CONNECT(0)-CONNECTED(0)-DISCONNECT(0)], stompBrokerRelay[null], inboundChannel[pool size = 0, active threads = 0, queued tasks = 0, completed tasks = 0], outboundChannel[pool size = 0, active threads = 0, queued tasks = 0, completed tasks = 0], sockJsScheduler[pool size = 1, active threads = 1, queued tasks = 0, completed tasks = 0]
2025-06-27 16:29:45.729 [http-nio-8080-exec-3] [INFO] o.e.b.s.j.JwtTokenFilter - ❌ 토큰 없음 또는 유효하지 않음: null
2025-06-27 16:29:50.727 [http-nio-8080-exec-4] [INFO] o.e.b.s.j.JwtTokenFilter - ❌ 토큰 없음 또는 유효하지 않음: null
2025-06-27 16:29:55.726 [http-nio-8080-exec-5] [INFO] o.e.b.s.j.JwtTokenFilter - ❌ 토큰 없음 또는 유효하지 않음: null
2025-06-27 16:30:00.724 [http-nio-8080-exec-6] [INFO] o.e.b.s.j.JwtTokenFilter - ❌ 토큰 없음 또는 유효하지 않음: null
2025-06-27 16:30:05.724 [http-nio-8080-exec-7] [INFO] o.e.b.s.j.JwtTokenFilter - ❌ 토큰 없음 또는 유효하지 않음: null
2025-06-27 16:30:10.724 [http-nio-8080-exec-8] [INFO] o.e.b.s.j.JwtTokenFilter - ❌ 토큰 없음 또는 유효하지 않음: null
2025-06-27 16:30:15.722 [http-nio-8080-exec-9] [INFO] o.e.b.s.j.JwtTokenFilter - ❌ 토큰 없음 또는 유효하지 않음: null
2025-06-27 16:30:20.722 [http-nio-8080-exec-10] [INFO] o.e.b.s.j.JwtTokenFilter - ❌ 토큰 없음 또는 유효하지 않음: null
2025-06-27 16:30:25.723 [http-nio-8080-exec-1] [INFO] o.e.b.s.j.JwtTokenFilter - ❌ 토큰 없음 또는 유효하지 않음: null
2025-06-27 16:30:30.721 [http-nio-8080-exec-2] [INFO] o.e.b.s.j.JwtTokenFilter - ❌ 토큰 없음 또는 유효하지 않음: null
2025-06-27 16:30:35.724 [http-nio-8080-exec-3] [INFO] o.e.b.s.j.JwtTokenFilter - ❌ 토큰 없음 또는 유효하지 않음: null
2025-06-27 16:30:40.722 [http-nio-8080-exec-4] [INFO] o.e.b.s.j.JwtTokenFilter - ❌ 토큰 없음 또는 유효하지 않음: null
2025-06-27 16:30:45.721 [http-nio-8080-exec-5] [INFO] o.e.b.s.j.JwtTokenFilter - ❌ 토큰 없음 또는 유효하지 않음: null
2025-06-27 16:30:50.721 [http-nio-8080-exec-6] [INFO] o.e.b.s.j.JwtTokenFilter - ❌ 토큰 없음 또는 유효하지 않음: null
2025-06-27 16:30:55.720 [http-nio-8080-exec-7] [INFO] o.e.b.s.j.JwtTokenFilter - ❌ 토큰 없음 또는 유효하지 않음: null
2025-06-27 16:31:00.723 [http-nio-8080-exec-8] [INFO] o.e.b.s.j.JwtTokenFilter - ❌ 토큰 없음 또는 유효하지 않음: null
2025-06-27 16:31:05.720 [http-nio-8080-exec-9] [INFO] o.e.b.s.j.JwtTokenFilter - ❌ 토큰 없음 또는 유효하지 않음: null
2025-06-27 16:31:10.719 [http-nio-8080-exec-10] [INFO] o.e.b.s.j.JwtTokenFilter - ❌ 토큰 없음 또는 유효하지 않음: null
2025-06-27 16:31:15.718 [http-nio-8080-exec-1] [INFO] o.e.b.s.j.JwtTokenFilter - ❌ 토큰 없음 또는 유효하지 않음: null
2025-06-27 16:31:20.718 [http-nio-8080-exec-2] [INFO] o.e.b.s.j.JwtTokenFilter - ❌ 토큰 없음 또는 유효하지 않음: null
2025-06-27 16:31:25.718 [http-nio-8080-exec-3] [INFO] o.e.b.s.j.JwtTokenFilter - ❌ 토큰 없음 또는 유효하지 않음: null
2025-06-27 16:31:30.718 [http-nio-8080-exec-4] [INFO] o.e.b.s.j.JwtTokenFilter - ❌ 토큰 없음 또는 유효하지 않음: null
2025-06-27 16:31:35.719 [http-nio-8080-exec-5] [INFO] o.e.b.s.j.JwtTokenFilter - ❌ 토큰 없음 또는 유효하지 않음: null
2025-06-27 16:31:40.717 [http-nio-8080-exec-6] [INFO] o.e.b.s.j.JwtTokenFilter - ❌ 토큰 없음 또는 유효하지 않음: null
2025-06-27 16:31:45.718 [http-nio-8080-exec-7] [INFO] o.e.b.s.j.JwtTokenFilter - ❌ 토큰 없음 또는 유효하지 않음: null
2025-06-27 16:31:50.717 [http-nio-8080-exec-8] [INFO] o.e.b.s.j.JwtTokenFilter - ❌ 토큰 없음 또는 유효하지 않음: null
2025-06-27 16:31:55.720 [http-nio-8080-exec-9] [INFO] o.e.b.s.j.JwtTokenFilter - ❌ 토큰 없음 또는 유효하지 않음: null
2025-06-27 16:32:00.715 [http-nio-8080-exec-10] [INFO] o.e.b.s.j.JwtTokenFilter - ❌ 토큰 없음 또는 유효하지 않음: null
2025-06-27 16:32:05.715 [http-nio-8080-exec-1] [INFO] o.e.b.s.j.JwtTokenFilter - ❌ 토큰 없음 또는 유효하지 않음: null
2025-06-27 16:32:10.714 [http-nio-8080-exec-2] [INFO] o.e.b.s.j.JwtTokenFilter - ❌ 토큰 없음 또는 유효하지 않음: null
2025-06-27 16:32:15.714 [http-nio-8080-exec-3] [INFO] o.e.b.s.j.JwtTokenFilter - ❌ 토큰 없음 또는 유효하지 않음: null
2025-06-27 16:32:20.714 [http-nio-8080-exec-4] [INFO] o.e.b.s.j.JwtTokenFilter - ❌ 토큰 없음 또는 유효하지 않음: null
2025-06-27 16:32:25.715 [http-nio-8080-exec-5] [INFO] o.e.b.s.j.JwtTokenFilter - ❌ 토큰 없음 또는 유효하지 않음: null
2025-06-27 16:32:30.715 [http-nio-8080-exec-6] [INFO] o.e.b.s.j.JwtTokenFilter - ❌ 토큰 없음 또는 유효하지 않음: null
2025-06-27 16:32:35.714 [http-nio-8080-exec-7] [INFO] o.e.b.s.j.JwtTokenFilter - ❌ 토큰 없음 또는 유효하지 않음: null
2025-06-27 16:32:40.713 [http-nio-8080-exec-8] [INFO] o.e.b.s.j.JwtTokenFilter - ❌ 토큰 없음 또는 유효하지 않음: null
2025-06-27 16:32:45.716 [http-nio-8080-exec-9] [INFO] o.e.b.s.j.JwtTokenFilter - ❌ 토큰 없음 또는 유효하지 않음: null
2025-06-27 16:32:50.713 [http-nio-8080-exec-10] [INFO] o.e.b.s.j.JwtTokenFilter - ❌ 토큰 없음 또는 유효하지 않음: null
2025-06-27 16:32:55.713 [http-nio-8080-exec-1] [INFO] o.e.b.s.j.JwtTokenFilter - ❌ 토큰 없음 또는 유효하지 않음: null
2025-06-27 16:33:00.714 [http-nio-8080-exec-2] [INFO] o.e.b.s.j.JwtTokenFilter - ❌ 토큰 없음 또는 유효하지 않음: null
2025-06-27 16:33:05.713 [http-nio-8080-exec-3] [INFO] o.e.b.s.j.JwtTokenFilter - ❌ 토큰 없음 또는 유효하지 않음: null
2025-06-27 16:33:10.712 [http-nio-8080-exec-4] [INFO] o.e.b.s.j.JwtTokenFilter - ❌ 토큰 없음 또는 유효하지 않음: null
2025-06-27 16:33:15.710 [http-nio-8080-exec-5] [INFO] o.e.b.s.j.JwtTokenFilter - ❌ 토큰 없음 또는 유효하지 않음: null
2025-06-27 16:33:20.710 [http-nio-8080-exec-6] [INFO] o.e.b.s.j.JwtTokenFilter - ❌ 토큰 없음 또는 유효하지 않음: null
2025-06-27 16:33:25.713 [http-nio-8080-exec-7] [INFO] o.e.b.s.j.JwtTokenFilter - ❌ 토큰 없음 또는 유효하지 않음: null
2025-06-27 16:33:30.712 [http-nio-8080-exec-8] [INFO] o.e.b.s.j.JwtTokenFilter - ❌ 토큰 없음 또는 유효하지 않음: null
2025-06-27 16:33:35.711 [http-nio-8080-exec-9] [INFO] o.e.b.s.j.JwtTokenFilter - ❌ 토큰 없음 또는 유효하지 않음: null
2025-06-27 16:33:40.709 [http-nio-8080-exec-10] [INFO] o.e.b.s.j.JwtTokenFilter - ❌ 토큰 없음 또는 유효하지 않음: null
2025-06-27 16:33:45.709 [http-nio-8080-exec-1] [INFO] o.e.b.s.j.JwtTokenFilter - ❌ 토큰 없음 또는 유효하지 않음: null
2025-06-27 16:33:50.708 [http-nio-8080-exec-2] [INFO] o.e.b.s.j.JwtTokenFilter - ❌ 토큰 없음 또는 유효하지 않음: null
2025-06-27 16:33:55.712 [http-nio-8080-exec-3] [INFO] o.e.b.s.j.JwtTokenFilter - ❌ 토큰 없음 또는 유효하지 않음: null
2025-06-27 16:34:00.709 [http-nio-8080-exec-4] [INFO] o.e.b.s.j.JwtTokenFilter - ❌ 토큰 없음 또는 유효하지 않음: null
2025-06-27 16:34:05.708 [http-nio-8080-exec-5] [INFO] o.e.b.s.j.JwtTokenFilter - ❌ 토큰 없음 또는 유효하지 않음: null
2025-06-27 16:34:10.708 [http-nio-8080-exec-6] [INFO] o.e.b.s.j.JwtTokenFilter - ❌ 토큰 없음 또는 유효하지 않음: null
2025-06-27 16:34:15.708 [http-nio-8080-exec-7] [INFO] o.e.b.s.j.JwtTokenFilter - ❌ 토큰 없음 또는 유효하지 않음: null
2025-06-27 16:34:20.706 [http-nio-8080-exec-8] [INFO] o.e.b.s.j.JwtTokenFilter - ❌ 토큰 없음 또는 유효하지 않음: null
2025-06-27 16:34:25.707 [http-nio-8080-exec-9] [INFO] o.e.b.s.j.JwtTokenFilter - ❌ 토큰 없음 또는 유효하지 않음: null
2025-06-27 16:34:30.706 [http-nio-8080-exec-10] [INFO] o.e.b.s.j.JwtTokenFilter - ❌ 토큰 없음 또는 유효하지 않음: null
2025-06-27 16:34:35.707 [http-nio-8080-exec-1] [INFO] o.e.b.s.j.JwtTokenFilter - ❌ 토큰 없음 또는 유효하지 않음: null
2025-06-27 16:34:40.708 [http-nio-8080-exec-2] [INFO] o.e.b.s.j.JwtTokenFilter - ❌ 토큰 없음 또는 유효하지 않음: null
2025-06-27 16:34:45.705 [http-nio-8080-exec-3] [INFO] o.e.b.s.j.JwtTokenFilter - ❌ 토큰 없음 또는 유효하지 않음: null
2025-06-27 16:34:50.705 [http-nio-8080-exec-4] [INFO] o.e.b.s.j.JwtTokenFilter - ❌ 토큰 없음 또는 유효하지 않음: null
2025-06-27 16:34:55.705 [http-nio-8080-exec-5] [INFO] o.e.b.s.j.JwtTokenFilter - ❌ 토큰 없음 또는 유효하지 않음: null
2025-06-27 16:35:00.705 [http-nio-8080-exec-6] [INFO] o.e.b.s.j.JwtTokenFilter - ❌ 토큰 없음 또는 유효하지 않음: null
2025-06-27 16:35:05.707 [http-nio-8080-exec-7] [INFO] o.e.b.s.j.JwtTokenFilter - ❌ 토큰 없음 또는 유효하지 않음: null
2025-06-27 16:35:10.705 [http-nio-8080-exec-8] [INFO] o.e.b.s.j.JwtTokenFilter - ❌ 토큰 없음 또는 유효하지 않음: null
2025-06-27 16:35:15.704 [http-nio-8080-exec-9] [INFO] o.e.b.s.j.JwtTokenFilter - ❌ 토큰 없음 또는 유효하지 않음: null
2025-06-27 16:35:20.703 [http-nio-8080-exec-10] [INFO] o.e.b.s.j.JwtTokenFilter - ❌ 토큰 없음 또는 유효하지 않음: null
2025-06-27 16:35:25.703 [http-nio-8080-exec-1] [INFO] o.e.b.s.j.JwtTokenFilter - ❌ 토큰 없음 또는 유효하지 않음: null
2025-06-27 16:35:30.704 [http-nio-8080-exec-2] [INFO] o.e.b.s.j.JwtTokenFilter - ❌ 토큰 없음 또는 유효하지 않음: null
2025-06-27 16:35:35.703 [http-nio-8080-exec-3] [INFO] o.e.b.s.j.JwtTokenFilter - ❌ 토큰 없음 또는 유효하지 않음: null
2025-06-27 16:35:40.702 [http-nio-8080-exec-4] [INFO] o.e.b.s.j.JwtTokenFilter - ❌ 토큰 없음 또는 유효하지 않음: null
2025-06-27 16:35:45.701 [http-nio-8080-exec-5] [INFO] o.e.b.s.j.JwtTokenFilter - ❌ 토큰 없음 또는 유효하지 않음: null
2025-06-27 16:35:50.700 [http-nio-8080-exec-6] [INFO] o.e.b.s.j.JwtTokenFilter - ❌ 토큰 없음 또는 유효하지 않음: null
2025-06-27 16:35:55.701 [http-nio-8080-exec-7] [INFO] o.e.b.s.j.JwtTokenFilter - ❌ 토큰 없음 또는 유효하지 않음: null
2025-06-27 16:36:00.702 [http-nio-8080-exec-8] [INFO] o.e.b.s.j.JwtTokenFilter - ❌ 토큰 없음 또는 유효하지 않음: null
2025-06-27 16:36:05.704 [http-nio-8080-exec-9] [INFO] o.e.b.s.j.JwtTokenFilter - ❌ 토큰 없음 또는 유효하지 않음: null
2025-06-27 16:36:10.702 [http-nio-8080-exec-10] [INFO] o.e.b.s.j.JwtTokenFilter - ❌ 토큰 없음 또는 유효하지 않음: null
2025-06-27 16:36:15.702 [http-nio-8080-exec-1] [INFO] o.e.b.s.j.JwtTokenFilter - ❌ 토큰 없음 또는 유효하지 않음: null
2025-06-27 16:36:20.699 [http-nio-8080-exec-2] [INFO] o.e.b.s.j.JwtTokenFilter - ❌ 토큰 없음 또는 유효하지 않음: null
2025-06-27 16:36:25.700 [http-nio-8080-exec-3] [INFO] o.e.b.s.j.JwtTokenFilter - ❌ 토큰 없음 또는 유효하지 않음: null
2025-06-27 16:36:30.700 [http-nio-8080-exec-4] [INFO] o.e.b.s.j.JwtTokenFilter - ❌ 토큰 없음 또는 유효하지 않음: null
2025-06-27 16:36:35.700 [http-nio-8080-exec-5] [INFO] o.e.b.s.j.JwtTokenFilter - ❌ 토큰 없음 또는 유효하지 않음: null
2025-06-27 16:36:40.697 [http-nio-8080-exec-6] [INFO] o.e.b.s.j.JwtTokenFilter - ❌ 토큰 없음 또는 유효하지 않음: null
2025-06-27 16:36:45.700 [http-nio-8080-exec-7] [INFO] o.e.b.s.j.JwtTokenFilter - ❌ 토큰 없음 또는 유효하지 않음: null
2025-06-27 16:36:50.697 [http-nio-8080-exec-8] [INFO] o.e.b.s.j.JwtTokenFilter - ❌ 토큰 없음 또는 유효하지 않음: null
2025-06-27 16:36:55.699 [http-nio-8080-exec-9] [INFO] o.e.b.s.j.JwtTokenFilter - ❌ 토큰 없음 또는 유효하지 않음: null
2025-06-27 16:37:00.697 [http-nio-8080-exec-10] [INFO] o.e.b.s.j.JwtTokenFilter - ❌ 토큰 없음 또는 유효하지 않음: null
2025-06-27 16:37:05.737 [http-nio-8080-exec-1] [INFO] o.e.b.s.j.JwtTokenFilter - ❌ 토큰 없음 또는 유효하지 않음: null
2025-06-27 16:37:10.695 [http-nio-8080-exec-2] [INFO] o.e.b.s.j.JwtTokenFilter - ❌ 토큰 없음 또는 유효하지 않음: null
2025-06-27 16:37:15.695 [http-nio-8080-exec-3] [INFO] o.e.b.s.j.JwtTokenFilter - ❌ 토큰 없음 또는 유효하지 않음: null
2025-06-27 16:37:20.694 [http-nio-8080-exec-4] [INFO] o.e.b.s.j.JwtTokenFilter - ❌ 토큰 없음 또는 유효하지 않음: null
2025-06-27 16:37:25.697 [http-nio-8080-exec-5] [INFO] o.e.b.s.j.JwtTokenFilter - ❌ 토큰 없음 또는 유효하지 않음: null
2025-06-27 16:37:30.697 [http-nio-8080-exec-6] [INFO] o.e.b.s.j.JwtTokenFilter - ❌ 토큰 없음 또는 유효하지 않음: null
2025-06-27 16:37:35.695 [http-nio-8080-exec-7] [INFO] o.e.b.s.j.JwtTokenFilter - ❌ 토큰 없음 또는 유효하지 않음: null
2025-06-27 16:37:40.694 [http-nio-8080-exec-8] [INFO] o.e.b.s.j.JwtTokenFilter - ❌ 토큰 없음 또는 유효하지 않음: null
2025-06-27 16:37:45.695 [http-nio-8080-exec-9] [INFO] o.e.b.s.j.JwtTokenFilter - ❌ 토큰 없음 또는 유효하지 않음: null
2025-06-27 16:37:50.696 [http-nio-8080-exec-10] [INFO] o.e.b.s.j.JwtTokenFilter - ❌ 토큰 없음 또는 유효하지 않음: null
2025-06-27 16:37:55.692 [http-nio-8080-exec-1] [INFO] o.e.b.s.j.JwtTokenFilter - ❌ 토큰 없음 또는 유효하지 않음: null
2025-06-27 16:38:00.693 [http-nio-8080-exec-2] [INFO] o.e.b.s.j.JwtTokenFilter - ❌ 토큰 없음 또는 유효하지 않음: null
2025-06-27 16:38:05.694 [http-nio-8080-exec-3] [INFO] o.e.b.s.j.JwtTokenFilter - ❌ 토큰 없음 또는 유효하지 않음: null
2025-06-27 16:38:10.696 [http-nio-8080-exec-4] [INFO] o.e.b.s.j.JwtTokenFilter - ❌ 토큰 없음 또는 유효하지 않음: null
2025-06-27 16:38:15.693 [http-nio-8080-exec-5] [INFO] o.e.b.s.j.JwtTokenFilter - ❌ 토큰 없음 또는 유효하지 않음: null
2025-06-27 16:38:20.690 [http-nio-8080-exec-6] [INFO] o.e.b.s.j.JwtTokenFilter - ❌ 토큰 없음 또는 유효하지 않음: null
2025-06-27 16:38:25.691 [http-nio-8080-exec-7] [INFO] o.e.b.s.j.JwtTokenFilter - ❌ 토큰 없음 또는 유효하지 않음: null
2025-06-27 16:38:30.691 [http-nio-8080-exec-8] [INFO] o.e.b.s.j.JwtTokenFilter - ❌ 토큰 없음 또는 유효하지 않음: null
2025-06-27 16:38:35.689 [http-nio-8080-exec-9] [INFO] o.e.b.s.j.JwtTokenFilter - ❌ 토큰 없음 또는 유효하지 않음: null
2025-06-27 16:38:40.690 [http-nio-8080-exec-10] [INFO] o.e.b.s.j.JwtTokenFilter - ❌ 토큰 없음 또는 유효하지 않음: null
2025-06-27 16:38:45.690 [http-nio-8080-exec-1] [INFO] o.e.b.s.j.JwtTokenFilter - ❌ 토큰 없음 또는 유효하지 않음: null
2025-06-27 16:38:50.689 [http-nio-8080-exec-2] [INFO] o.e.b.s.j.JwtTokenFilter - ❌ 토큰 없음 또는 유효하지 않음: null
2025-06-27 16:38:55.691 [http-nio-8080-exec-3] [INFO] o.e.b.s.j.JwtTokenFilter - ❌ 토큰 없음 또는 유효하지 않음: null
2025-06-27 16:39:00.691 [http-nio-8080-exec-4] [INFO] o.e.b.s.j.JwtTokenFilter - ❌ 토큰 없음 또는 유효하지 않음: null
2025-06-27 16:39:05.690 [http-nio-8080-exec-5] [INFO] o.e.b.s.j.JwtTokenFilter - ❌ 토큰 없음 또는 유효하지 않음: null
2025-06-27 16:39:10.688 [http-nio-8080-exec-6] [INFO] o.e.b.s.j.JwtTokenFilter - ❌ 토큰 없음 또는 유효하지 않음: null
2025-06-27 16:39:15.695 [http-nio-8080-exec-7] [INFO] o.e.b.s.j.JwtTokenFilter - ❌ 토큰 없음 또는 유효하지 않음: null
2025-06-27 16:39:20.691 [http-nio-8080-exec-8] [INFO] o.e.b.s.j.JwtTokenFilter - ❌ 토큰 없음 또는 유효하지 않음: null
2025-06-27 16:39:25.710 [http-nio-8080-exec-9] [INFO] o.e.b.s.j.JwtTokenFilter - ❌ 토큰 없음 또는 유효하지 않음: null
2025-06-27 16:39:30.686 [http-nio-8080-exec-10] [INFO] o.e.b.s.j.JwtTokenFilter - ❌ 토큰 없음 또는 유효하지 않음: null
2025-06-27 16:39:35.685 [http-nio-8080-exec-1] [INFO] o.e.b.s.j.JwtTokenFilter - ❌ 토큰 없음 또는 유효하지 않음: null
2025-06-27 16:39:40.686 [http-nio-8080-exec-2] [INFO] o.e.b.s.j.JwtTokenFilter - ❌ 토큰 없음 또는 유효하지 않음: null
2025-06-27 16:39:45.685 [http-nio-8080-exec-3] [INFO] o.e.b.s.j.JwtTokenFilter - ❌ 토큰 없음 또는 유효하지 않음: null
2025-06-27 16:39:50.686 [http-nio-8080-exec-4] [INFO] o.e.b.s.j.JwtTokenFilter - ❌ 토큰 없음 또는 유효하지 않음: null
2025-06-27 16:39:55.684 [http-nio-8080-exec-5] [INFO] o.e.b.s.j.JwtTokenFilter - ❌ 토큰 없음 또는 유효하지 않음: null
2025-06-27 16:40:00.684 [http-nio-8080-exec-6] [INFO] o.e.b.s.j.JwtTokenFilter - ❌ 토큰 없음 또는 유효하지 않음: null
2025-06-27 16:40:05.686 [http-nio-8080-exec-7] [INFO] o.e.b.s.j.JwtTokenFilter - ❌ 토큰 없음 또는 유효하지 않음: null
2025-06-27 16:40:10.683 [http-nio-8080-exec-8] [INFO] o.e.b.s.j.JwtTokenFilter - ❌ 토큰 없음 또는 유효하지 않음: null
2025-06-27 16:40:15.684 [http-nio-8080-exec-9] [INFO] o.e.b.s.j.JwtTokenFilter - ❌ 토큰 없음 또는 유효하지 않음: null
2025-06-27 16:40:20.684 [http-nio-8080-exec-10] [INFO] o.e.b.s.j.JwtTokenFilter - ❌ 토큰 없음 또는 유효하지 않음: null
2025-06-27 16:40:25.683 [http-nio-8080-exec-1] [INFO] o.e.b.s.j.JwtTokenFilter - ❌ 토큰 없음 또는 유효하지 않음: null
2025-06-27 16:40:30.682 [http-nio-8080-exec-2] [INFO] o.e.b.s.j.JwtTokenFilter - ❌ 토큰 없음 또는 유효하지 않음: null
2025-06-27 16:40:35.682 [http-nio-8080-exec-3] [INFO] o.e.b.s.j.JwtTokenFilter - ❌ 토큰 없음 또는 유효하지 않음: null
2025-06-27 16:40:40.682 [http-nio-8080-exec-4] [INFO] o.e.b.s.j.JwtTokenFilter - ❌ 토큰 없음 또는 유효하지 않음: null
2025-06-27 16:40:45.682 [http-nio-8080-exec-5] [INFO] o.e.b.s.j.JwtTokenFilter - ❌ 토큰 없음 또는 유효하지 않음: null
2025-06-27 16:40:50.680 [http-nio-8080-exec-6] [INFO] o.e.b.s.j.JwtTokenFilter - ❌ 토큰 없음 또는 유효하지 않음: null
2025-06-27 16:40:55.682 [http-nio-8080-exec-7] [INFO] o.e.b.s.j.JwtTokenFilter - ❌ 토큰 없음 또는 유효하지 않음: null
2025-06-27 16:41:00.680 [http-nio-8080-exec-8] [INFO] o.e.b.s.j.JwtTokenFilter - ❌ 토큰 없음 또는 유효하지 않음: null
2025-06-27 16:41:05.680 [http-nio-8080-exec-9] [INFO] o.e.b.s.j.JwtTokenFilter - ❌ 토큰 없음 또는 유효하지 않음: null
2025-06-27 16:41:10.680 [http-nio-8080-exec-10] [INFO] o.e.b.s.j.JwtTokenFilter - ❌ 토큰 없음 또는 유효하지 않음: null
2025-06-27 16:41:15.678 [http-nio-8080-exec-1] [INFO] o.e.b.s.j.JwtTokenFilter - ❌ 토큰 없음 또는 유효하지 않음: null
2025-06-27 16:41:20.679 [http-nio-8080-exec-2] [INFO] o.e.b.s.j.JwtTokenFilter - ❌ 토큰 없음 또는 유효하지 않음: null
2025-06-27 16:41:25.679 [http-nio-8080-exec-3] [INFO] o.e.b.s.j.JwtTokenFilter - ❌ 토큰 없음 또는 유효하지 않음: null
2025-06-27 16:41:30.680 [http-nio-8080-exec-4] [INFO] o.e.b.s.j.JwtTokenFilter - ❌ 토큰 없음 또는 유효하지 않음: null
2025-06-27 16:41:35.677 [http-nio-8080-exec-5] [INFO] o.e.b.s.j.JwtTokenFilter - ❌ 토큰 없음 또는 유효하지 않음: null
2025-06-27 16:41:40.679 [http-nio-8080-exec-6] [INFO] o.e.b.s.j.JwtTokenFilter - ❌ 토큰 없음 또는 유효하지 않음: null
2025-06-27 16:41:45.679 [http-nio-8080-exec-7] [INFO] o.e.b.s.j.JwtTokenFilter - ❌ 토큰 없음 또는 유효하지 않음: null
2025-06-27 16:41:50.676 [http-nio-8080-exec-8] [INFO] o.e.b.s.j.JwtTokenFilter - ❌ 토큰 없음 또는 유효하지 않음: null
2025-06-27 16:41:55.679 [http-nio-8080-exec-9] [INFO] o.e.b.s.j.JwtTokenFilter - ❌ 토큰 없음 또는 유효하지 않음: null
2025-06-27 16:42:00.677 [http-nio-8080-exec-10] [INFO] o.e.b.s.j.JwtTokenFilter - ❌ 토큰 없음 또는 유효하지 않음: null
2025-06-27 16:42:05.677 [http-nio-8080-exec-1] [INFO] o.e.b.s.j.JwtTokenFilter - ❌ 토큰 없음 또는 유효하지 않음: null
2025-06-27 16:42:10.677 [http-nio-8080-exec-2] [INFO] o.e.b.s.j.JwtTokenFilter - ❌ 토큰 없음 또는 유효하지 않음: null
2025-06-27 16:42:15.674 [http-nio-8080-exec-3] [INFO] o.e.b.s.j.JwtTokenFilter - ❌ 토큰 없음 또는 유효하지 않음: null
2025-06-27 16:42:20.675 [http-nio-8080-exec-4] [INFO] o.e.b.s.j.JwtTokenFilter - ❌ 토큰 없음 또는 유효하지 않음: null
2025-06-27 16:42:25.675 [http-nio-8080-exec-5] [INFO] o.e.b.s.j.JwtTokenFilter - ❌ 토큰 없음 또는 유효하지 않음: null
2025-06-27 16:42:30.674 [http-nio-8080-exec-6] [INFO] o.e.b.s.j.JwtTokenFilter - ❌ 토큰 없음 또는 유효하지 않음: null
2025-06-27 16:42:35.676 [http-nio-8080-exec-7] [INFO] o.e.b.s.j.JwtTokenFilter - ❌ 토큰 없음 또는 유효하지 않음: null
2025-06-27 16:42:40.674 [http-nio-8080-exec-8] [INFO] o.e.b.s.j.JwtTokenFilter - ❌ 토큰 없음 또는 유효하지 않음: null
2025-06-27 16:42:45.673 [http-nio-8080-exec-9] [INFO] o.e.b.s.j.JwtTokenFilter - ❌ 토큰 없음 또는 유효하지 않음: null
2025-06-27 16:42:50.672 [http-nio-8080-exec-10] [INFO] o.e.b.s.j.JwtTokenFilter - ❌ 토큰 없음 또는 유효하지 않음: null
2025-06-27 16:42:55.674 [http-nio-8080-exec-1] [INFO] o.e.b.s.j.JwtTokenFilter - ❌ 토큰 없음 또는 유효하지 않음: null
2025-06-27 16:43:00.673 [http-nio-8080-exec-2] [INFO] o.e.b.s.j.JwtTokenFilter - ❌ 토큰 없음 또는 유효하지 않음: null
2025-06-27 16:43:05.672 [http-nio-8080-exec-3] [INFO] o.e.b.s.j.JwtTokenFilter - ❌ 토큰 없음 또는 유효하지 않음: null
2025-06-27 16:43:10.672 [http-nio-8080-exec-4] [INFO] o.e.b.s.j.JwtTokenFilter - ❌ 토큰 없음 또는 유효하지 않음: null
2025-06-27 16:43:15.670 [http-nio-8080-exec-5] [INFO] o.e.b.s.j.JwtTokenFilter - ❌ 토큰 없음 또는 유효하지 않음: null
2025-06-27 16:43:20.670 [http-nio-8080-exec-6] [INFO] o.e.b.s.j.JwtTokenFilter - ❌ 토큰 없음 또는 유효하지 않음: null
2025-06-27 16:43:25.672 [http-nio-8080-exec-7] [INFO] o.e.b.s.j.JwtTokenFilter - ❌ 토큰 없음 또는 유효하지 않음: null
2025-06-27 16:43:30.671 [http-nio-8080-exec-8] [INFO] o.e.b.s.j.JwtTokenFilter - ❌ 토큰 없음 또는 유효하지 않음: null
2025-06-27 16:43:35.670 [http-nio-8080-exec-9] [INFO] o.e.b.s.j.JwtTokenFilter - ❌ 토큰 없음 또는 유효하지 않음: null
2025-06-27 16:43:40.669 [http-nio-8080-exec-10] [INFO] o.e.b.s.j.JwtTokenFilter - ❌ 토큰 없음 또는 유효하지 않음: null
2025-06-27 16:43:45.668 [http-nio-8080-exec-1] [INFO] o.e.b.s.j.JwtTokenFilter - ❌ 토큰 없음 또는 유효하지 않음: null
2025-06-27 16:43:50.670 [http-nio-8080-exec-2] [INFO] o.e.b.s.j.JwtTokenFilter - ❌ 토큰 없음 또는 유효하지 않음: null
2025-06-27 16:43:55.671 [http-nio-8080-exec-3] [INFO] o.e.b.s.j.JwtTokenFilter - ❌ 토큰 없음 또는 유효하지 않음: null
2025-06-27 16:44:00.668 [http-nio-8080-exec-4] [INFO] o.e.b.s.j.JwtTokenFilter - ❌ 토큰 없음 또는 유효하지 않음: null
2025-06-27 16:44:05.672 [http-nio-8080-exec-5] [INFO] o.e.b.s.j.JwtTokenFilter - ❌ 토큰 없음 또는 유효하지 않음: null
2025-06-27 16:44:10.668 [http-nio-8080-exec-6] [INFO] o.e.b.s.j.JwtTokenFilter - ❌ 토큰 없음 또는 유효하지 않음: null
2025-06-27 16:44:15.666 [http-nio-8080-exec-7] [INFO] o.e.b.s.j.JwtTokenFilter - ❌ 토큰 없음 또는 유효하지 않음: null
2025-06-27 16:44:20.667 [http-nio-8080-exec-8] [INFO] o.e.b.s.j.JwtTokenFilter - ❌ 토큰 없음 또는 유효하지 않음: null
2025-06-27 16:44:25.667 [http-nio-8080-exec-9] [INFO] o.e.b.s.j.JwtTokenFilter - ❌ 토큰 없음 또는 유효하지 않음: null
2025-06-27 16:44:30.666 [http-nio-8080-exec-10] [INFO] o.e.b.s.j.JwtTokenFilter - ❌ 토큰 없음 또는 유효하지 않음: null
2025-06-27 16:44:35.668 [http-nio-8080-exec-1] [INFO] o.e.b.s.j.JwtTokenFilter - ❌ 토큰 없음 또는 유효하지 않음: null
2025-06-27 16:44:40.666 [http-nio-8080-exec-2] [INFO] o.e.b.s.j.JwtTokenFilter - ❌ 토큰 없음 또는 유효하지 않음: null
2025-06-27 16:44:45.666 [http-nio-8080-exec-3] [INFO] o.e.b.s.j.JwtTokenFilter - ❌ 토큰 없음 또는 유효하지 않음: null
2025-06-27 16:44:50.664 [http-nio-8080-exec-4] [INFO] o.e.b.s.j.JwtTokenFilter - ❌ 토큰 없음 또는 유효하지 않음: null
2025-06-27 16:44:55.663 [http-nio-8080-exec-5] [INFO] o.e.b.s.j.JwtTokenFilter - ❌ 토큰 없음 또는 유효하지 않음: null
2025-06-27 16:45:00.664 [http-nio-8080-exec-6] [INFO] o.e.b.s.j.JwtTokenFilter - ❌ 토큰 없음 또는 유효하지 않음: null
2025-06-27 16:45:05.663 [http-nio-8080-exec-7] [INFO] o.e.b.s.j.JwtTokenFilter - ❌ 토큰 없음 또는 유효하지 않음: null
2025-06-27 16:45:10.664 [http-nio-8080-exec-8] [INFO] o.e.b.s.j.JwtTokenFilter - ❌ 토큰 없음 또는 유효하지 않음: null
2025-06-27 16:45:15.664 [http-nio-8080-exec-9] [INFO] o.e.b.s.j.JwtTokenFilter - ❌ 토큰 없음 또는 유효하지 않음: null
2025-06-27 16:45:20.663 [http-nio-8080-exec-10] [INFO] o.e.b.s.j.JwtTokenFilter - ❌ 토큰 없음 또는 유효하지 않음: null
2025-06-27 16:45:25.685 [http-nio-8080-exec-1] [INFO] o.e.b.s.j.JwtTokenFilter - ❌ 토큰 없음 또는 유효하지 않음: null
2025-06-27 16:45:30.663 [http-nio-8080-exec-2] [INFO] o.e.b.s.j.JwtTokenFilter - ❌ 토큰 없음 또는 유효하지 않음: null
2025-06-27 16:45:35.661 [http-nio-8080-exec-3] [INFO] o.e.b.s.j.JwtTokenFilter - ❌ 토큰 없음 또는 유효하지 않음: null
2025-06-27 16:45:40.663 [http-nio-8080-exec-4] [INFO] o.e.b.s.j.JwtTokenFilter - ❌ 토큰 없음 또는 유효하지 않음: null
2025-06-27 16:45:45.661 [http-nio-8080-exec-5] [INFO] o.e.b.s.j.JwtTokenFilter - ❌ 토큰 없음 또는 유효하지 않음: null
2025-06-27 16:45:50.661 [http-nio-8080-exec-6] [INFO] o.e.b.s.j.JwtTokenFilter - ❌ 토큰 없음 또는 유효하지 않음: null
2025-06-27 16:45:55.661 [http-nio-8080-exec-7] [INFO] o.e.b.s.j.JwtTokenFilter - ❌ 토큰 없음 또는 유효하지 않음: null
2025-06-27 16:46:00.661 [http-nio-8080-exec-8] [INFO] o.e.b.s.j.JwtTokenFilter - ❌ 토큰 없음 또는 유효하지 않음: null
2025-06-27 16:46:05.661 [http-nio-8080-exec-9] [INFO] o.e.b.s.j.JwtTokenFilter - ❌ 토큰 없음 또는 유효하지 않음: null
2025-06-27 16:46:10.660 [http-nio-8080-exec-10] [INFO] o.e.b.s.j.JwtTokenFilter - ❌ 토큰 없음 또는 유효하지 않음: null
2025-06-27 16:46:15.660 [http-nio-8080-exec-1] [INFO] o.e.b.s.j.JwtTokenFilter - ❌ 토큰 없음 또는 유효하지 않음: null
2025-06-27 16:46:20.658 [http-nio-8080-exec-2] [INFO] o.e.b.s.j.JwtTokenFilter - ❌ 토큰 없음 또는 유효하지 않음: null
2025-06-27 16:46:25.658 [http-nio-8080-exec-3] [INFO] o.e.b.s.j.JwtTokenFilter - ❌ 토큰 없음 또는 유효하지 않음: null
2025-06-27 16:46:30.658 [http-nio-8080-exec-4] [INFO] o.e.b.s.j.JwtTokenFilter - ❌ 토큰 없음 또는 유효하지 않음: null
2025-06-27 16:46:35.666 [http-nio-8080-exec-5] [INFO] o.e.b.s.j.JwtTokenFilter - ❌ 토큰 없음 또는 유효하지 않음: null
2025-06-27 16:46:40.659 [http-nio-8080-exec-6] [INFO] o.e.b.s.j.JwtTokenFilter - ❌ 토큰 없음 또는 유효하지 않음: null
2025-06-27 16:46:45.656 [http-nio-8080-exec-7] [INFO] o.e.b.s.j.JwtTokenFilter - ❌ 토큰 없음 또는 유효하지 않음: null
2025-06-27 16:46:50.657 [http-nio-8080-exec-8] [INFO] o.e.b.s.j.JwtTokenFilter - ❌ 토큰 없음 또는 유효하지 않음: null
2025-06-27 16:46:55.656 [http-nio-8080-exec-9] [INFO] o.e.b.s.j.JwtTokenFilter - ❌ 토큰 없음 또는 유효하지 않음: null
2025-06-27 16:47:00.657 [http-nio-8080-exec-10] [INFO] o.e.b.s.j.JwtTokenFilter - ❌ 토큰 없음 또는 유효하지 않음: null
2025-06-27 16:47:05.657 [http-nio-8080-exec-1] [INFO] o.e.b.s.j.JwtTokenFilter - ❌ 토큰 없음 또는 유효하지 않음: null
2025-06-27 16:47:10.655 [http-nio-8080-exec-2] [INFO] o.e.b.s.j.JwtTokenFilter - ❌ 토큰 없음 또는 유효하지 않음: null
2025-06-27 16:47:15.657 [http-nio-8080-exec-3] [INFO] o.e.b.s.j.JwtTokenFilter - ❌ 토큰 없음 또는 유효하지 않음: null
2025-06-27 16:47:20.655 [http-nio-8080-exec-4] [INFO] o.e.b.s.j.JwtTokenFilter - ❌ 토큰 없음 또는 유효하지 않음: null
2025-06-27 16:47:25.655 [http-nio-8080-exec-5] [INFO] o.e.b.s.j.JwtTokenFilter - ❌ 토큰 없음 또는 유효하지 않음: null
2025-06-27 16:47:26.231 [SpringApplicationShutdownHook] [INFO] o.s.b.w.e.t.GracefulShutdown - Commencing graceful shutdown. Waiting for active requests to complete
2025-06-27 16:47:26.603 [tomcat-shutdown] [INFO] o.s.b.w.e.t.GracefulShutdown - Graceful shutdown complete
2025-06-27 16:47:26.608 [SpringApplicationShutdownHook] [INFO] o.s.m.s.b.SimpleBrokerMessageHandler - Stopping...
2025-06-27 16:47:26.609 [SpringApplicationShutdownHook] [INFO] o.s.m.s.b.SimpleBrokerMessageHandler - BrokerAvailabilityEvent[available=false, SimpleBrokerMessageHandler [org.springframework.messaging.simp.broker.DefaultSubscriptionRegistry@3588af16]]
2025-06-27 16:47:26.609 [SpringApplicationShutdownHook] [INFO] o.s.m.s.b.SimpleBrokerMessageHandler - Stopped.
2025-06-27 16:47:26.757 [SpringApplicationShutdownHook] [INFO] o.s.o.j.LocalContainerEntityManagerFactoryBean - Closing JPA EntityManagerFactory for persistence unit 'default'
2025-06-27 16:47:26.785 [SpringApplicationShutdownHook] [INFO] c.z.h.HikariDataSource - HikariPool-1 - Shutdown initiated...
2025-06-27 16:47:26.801 [SpringApplicationShutdownHook] [INFO] c.z.h.HikariDataSource - HikariPool-1 - Shutdown completed.
2025-06-27 16:47:32.975 [restartedMain] [INFO] o.e.b.BackendProjectApplication - Starting BackendProjectApplication using Java 17.0.12 with PID 21896 (C:\backend5\backendProject\build\classes\java\main started by win11 in C:\backend5)
2025-06-27 16:47:32.977 [restartedMain] [INFO] o.e.b.BackendProjectApplication - The following 1 profile is active: "dev"
2025-06-27 16:47:33.030 [restartedMain] [INFO] o.s.b.d.e.DevToolsPropertyDefaultsPostProcessor - Devtools property defaults active! Set 'spring.devtools.add-properties' to 'false' to disable
2025-06-27 16:47:33.030 [restartedMain] [INFO] o.s.b.d.e.DevToolsPropertyDefaultsPostProcessor - For additional web related logging consider setting the 'logging.level.web' property to 'DEBUG'
2025-06-27 16:47:34.448 [restartedMain] [INFO] o.s.d.r.c.RepositoryConfigurationDelegate - Multiple Spring Data modules found, entering strict repository configuration mode
2025-06-27 16:47:34.450 [restartedMain] [INFO] o.s.d.r.c.RepositoryConfigurationDelegate - Bootstrapping Spring Data JPA repositories in DEFAULT mode.
2025-06-27 16:47:34.649 [restartedMain] [INFO] o.s.d.r.c.RepositoryConfigurationDelegate - Finished Spring Data repository scanning in 189 ms. Found 5 JPA repository interfaces.
2025-06-27 16:47:34.664 [restartedMain] [INFO] o.s.d.r.c.RepositoryConfigurationDelegate - Multiple Spring Data modules found, entering strict repository configuration mode
2025-06-27 16:47:34.665 [restartedMain] [INFO] o.s.d.r.c.RepositoryConfigurationDelegate - Bootstrapping Spring Data Redis repositories in DEFAULT mode.
2025-06-27 16:47:34.687 [restartedMain] [INFO] o.s.d.r.c.RepositoryConfigurationExtensionSupport - Spring Data Redis - Could not safely identify store assignment for repository candidate interface org.example.backendproject.Auth.repository.AuthRepository; If you want this repository to be a Redis repository, consider annotating your entities with one of these annotations: org.springframework.data.redis.core.RedisHash (preferred), or consider extending one of the following types with your repository: org.springframework.data.keyvalue.repository.KeyValueRepository
2025-06-27 16:47:34.688 [restartedMain] [INFO] o.s.d.r.c.RepositoryConfigurationExtensionSupport - Spring Data Redis - Could not safely identify store assignment for repository candidate interface org.example.backendproject.board.repository.BoardRepository; If you want this repository to be a Redis repository, consider annotating your entities with one of these annotations: org.springframework.data.redis.core.RedisHash (preferred), or consider extending one of the following types with your repository: org.springframework.data.keyvalue.repository.KeyValueRepository
2025-06-27 16:47:34.688 [restartedMain] [INFO] o.s.d.r.c.RepositoryConfigurationExtensionSupport - Spring Data Redis - Could not safely identify store assignment for repository candidate interface org.example.backendproject.comment.repository.CommentRepository; If you want this repository to be a Redis repository, consider annotating your entities with one of these annotations: org.springframework.data.redis.core.RedisHash (preferred), or consider extending one of the following types with your repository: org.springframework.data.keyvalue.repository.KeyValueRepository
2025-06-27 16:47:34.689 [restartedMain] [INFO] o.s.d.r.c.RepositoryConfigurationExtensionSupport - Spring Data Redis - Could not safely identify store assignment for repository candidate interface org.example.backendproject.purewebsocket.room.repository.RoomRepository; If you want this repository to be a Redis repository, consider annotating your entities with one of these annotations: org.springframework.data.redis.core.RedisHash (preferred), or consider extending one of the following types with your repository: org.springframework.data.keyvalue.repository.KeyValueRepository
2025-06-27 16:47:34.689 [restartedMain] [INFO] o.s.d.r.c.RepositoryConfigurationExtensionSupport - Spring Data Redis - Could not safely identify store assignment for repository candidate interface org.example.backendproject.user.repository.UserRepository; If you want this repository to be a Redis repository, consider annotating your entities with one of these annotations: org.springframework.data.redis.core.RedisHash (preferred), or consider extending one of the following types with your repository: org.springframework.data.keyvalue.repository.KeyValueRepository
2025-06-27 16:47:34.689 [restartedMain] [INFO] o.s.d.r.c.RepositoryConfigurationDelegate - Finished Spring Data repository scanning in 14 ms. Found 0 Redis repository interfaces.
2025-06-27 16:47:35.461 [restartedMain] [INFO] o.s.b.w.e.t.TomcatWebServer - Tomcat initialized with port 8080 (http)
2025-06-27 16:47:35.476 [restartedMain] [INFO] o.a.c.h.Http11NioProtocol - Initializing ProtocolHandler ["http-nio-8080"]
2025-06-27 16:47:35.479 [restartedMain] [INFO] o.a.c.c.StandardService - Starting service [Tomcat]
2025-06-27 16:47:35.479 [restartedMain] [INFO] o.a.c.c.StandardEngine - Starting Servlet engine: [Apache Tomcat/10.1.41]
2025-06-27 16:47:35.539 [restartedMain] [INFO] o.a.c.c.C.[.[.[/] - Initializing Spring embedded WebApplicationContext
2025-06-27 16:47:35.539 [restartedMain] [INFO] o.s.b.w.s.c.ServletWebServerApplicationContext - Root WebApplicationContext: initialization completed in 2508 ms
2025-06-27 16:47:35.885 [restartedMain] [INFO] o.h.j.i.u.LogHelper - HHH000204: Processing PersistenceUnitInfo [name: default]
2025-06-27 16:47:35.949 [restartedMain] [INFO] o.h.Version - HHH000412: Hibernate ORM core version 6.6.15.Final
2025-06-27 16:47:35.984 [restartedMain] [INFO] o.h.c.i.RegionFactoryInitiator - HHH000026: Second-level cache disabled
2025-06-27 16:47:36.314 [restartedMain] [INFO] o.s.o.j.p.SpringPersistenceUnitInfo - No LoadTimeWeaver setup: ignoring JPA class transformer
2025-06-27 16:47:36.358 [restartedMain] [INFO] c.z.h.HikariDataSource - HikariPool-1 - Starting...
2025-06-27 16:47:36.731 [restartedMain] [INFO] c.z.h.p.HikariPool - HikariPool-1 - Added connection com.mysql.cj.jdbc.ConnectionImpl@5557c898
2025-06-27 16:47:36.734 [restartedMain] [INFO] c.z.h.HikariDataSource - HikariPool-1 - Start completed.
2025-06-27 16:47:36.805 [restartedMain] [WARN] o.h.o.deprecation - HHH90000025: MySQL8Dialect does not need to be specified explicitly using 'hibernate.dialect' (remove the property setting and it will be selected by default)
2025-06-27 16:47:36.805 [restartedMain] [WARN] o.h.o.deprecation - HHH90000026: MySQL8Dialect has been deprecated; use org.hibernate.dialect.MySQLDialect instead
2025-06-27 16:47:36.828 [restartedMain] [INFO] o.h.o.c.pooling - HHH10001005: Database info:
	Database JDBC URL [Connecting through datasource 'HikariDataSource (HikariPool-1)']
	Database driver: undefined/unknown
	Database version: 8.0
	Autocommit mode: undefined/unknown
	Isolation level: undefined/unknown
	Minimum pool size: undefined/unknown
	Maximum pool size: undefined/unknown
2025-06-27 16:47:38.213 [restartedMain] [INFO] o.h.e.t.j.p.i.JtaPlatformInitiator - HHH000489: No JTA platform available (set 'hibernate.transaction.jta.platform' to enable JTA platform integration)
2025-06-27 16:47:38.420 [restartedMain] [INFO] o.s.o.j.LocalContainerEntityManagerFactoryBean - Initialized JPA EntityManagerFactory for persistence unit 'default'
2025-06-27 16:47:39.472 [restartedMain] [INFO] o.s.d.j.r.q.QueryEnhancerFactory - Hibernate is in classpath; If applicable, HQL parser will be used.
2025-06-27 16:47:41.599 [restartedMain] [WARN] o.s.b.a.o.j.JpaBaseConfiguration$JpaWebConfiguration - spring.jpa.open-in-view is enabled by default. Therefore, database queries may be performed during view rendering. Explicitly configure spring.jpa.open-in-view to disable this warning
2025-06-27 16:47:41.779 [restartedMain] [INFO] o.s.b.a.w.s.WelcomePageHandlerMapping - Adding welcome page: class path resource [static/index.html]
2025-06-27 16:47:42.461 [restartedMain] [INFO] o.s.b.a.e.w.EndpointLinksResolver - Exposing 14 endpoints beneath base path '/actuator'
2025-06-27 16:47:42.612 [restartedMain] [WARN] o.s.s.c.a.a.c.InitializeUserDetailsBeanManagerConfigurer$InitializeUserDetailsManagerConfigurer - Found 2 UserDetailsService beans, with names [customUserDetailService, customUserDetailsService]. Global Authentication Manager will not use a UserDetailsService for username/password login. Consider publishing a single UserDetailsService bean.
2025-06-27 16:47:44.916 [restartedMain] [INFO] o.s.b.d.a.OptionalLiveReloadServer - LiveReload server is running on port 35729
2025-06-27 16:47:45.174 [restartedMain] [INFO] o.s.m.s.b.SimpleBrokerMessageHandler - Starting...
2025-06-27 16:47:45.179 [restartedMain] [INFO] o.s.m.s.b.SimpleBrokerMessageHandler - BrokerAvailabilityEvent[available=true, SimpleBrokerMessageHandler [org.springframework.messaging.simp.broker.DefaultSubscriptionRegistry@55108c60]]
2025-06-27 16:47:45.187 [restartedMain] [INFO] o.s.m.s.b.SimpleBrokerMessageHandler - Started.
2025-06-27 16:47:45.188 [restartedMain] [INFO] o.a.c.h.Http11NioProtocol - Starting ProtocolHandler ["http-nio-8080"]
2025-06-27 16:47:45.305 [restartedMain] [INFO] o.s.b.w.e.t.TomcatWebServer - Tomcat started on port 8080 (http) with context path '/'
2025-06-27 16:47:45.851 [http-nio-8080-exec-1] [INFO] o.a.c.c.C.[.[.[/] - Initializing Spring DispatcherServlet 'dispatcherServlet'
2025-06-27 16:47:45.852 [http-nio-8080-exec-1] [INFO] o.s.w.s.DispatcherServlet - Initializing Servlet 'dispatcherServlet'
2025-06-27 16:47:45.859 [http-nio-8080-exec-1] [INFO] o.s.w.s.DispatcherServlet - Completed initialization in 7 ms
2025-06-27 16:47:46.052 [http-nio-8080-exec-1] [INFO] o.e.b.s.j.JwtTokenFilter - ❌ 토큰 없음 또는 유효하지 않음: null
2025-06-27 16:47:48.029 [restartedMain] [INFO] o.e.b.BackendProjectApplication - Started BackendProjectApplication in 15.673 seconds (process running for 16.579)
2025-06-27 16:47:49.214 [http-nio-8080-exec-3] [INFO] o.e.b.s.j.JwtTokenFilter - ❌ 토큰 없음 또는 유효하지 않음: null
2025-06-27 16:47:50.656 [http-nio-8080-exec-4] [INFO] o.e.b.s.j.JwtTokenFilter - ❌ 토큰 없음 또는 유효하지 않음: null
2025-06-27 16:47:52.545 [http-nio-8080-exec-6] [INFO] o.e.b.s.j.JwtTokenFilter - ❌ 토큰 없음 또는 유효하지 않음: null
2025-06-27 16:47:55.656 [http-nio-8080-exec-8] [INFO] o.e.b.s.j.JwtTokenFilter - ❌ 토큰 없음 또는 유효하지 않음: null
2025-06-27 16:47:58.016 [http-nio-8080-exec-9] [INFO] o.e.b.a.LogAspect - [AOP_LOG] login 메서드 호출 시작 
2025-06-27 16:47:58.396 [http-nio-8080-exec-9] [INFO] o.e.b.a.LogAspect - [AOP_LOG] login 메서드 실행 완료 시간 = 381 
2025-06-27 16:47:59.174 [http-nio-8080-exec-2] [INFO] o.e.b.s.j.JwtTokenFilter - ❌ 토큰 없음 또는 유효하지 않음: null
2025-06-27 16:47:59.256 [http-nio-8080-exec-3] [INFO] o.e.b.s.j.JwtTokenFilter - 현재 들어온 HTTP 요청 = /api/user/me
2025-06-27 16:47:59.256 [http-nio-8080-exec-3] [INFO] o.e.b.s.j.JwtTokenFilter - ✅ 토큰 인증 성공: eyJhbGciOiJIUzUxMiJ9.eyJ1c2VyLWlkIjo2LCJ1c2VybmFtZSI6InRlc3QxIiwiaWF0IjoxNzUxMDEwNDc4LCJleHAiOjE3NTEwMTE0Nzh9.HE7ZDkrQFULXDY3qwhXxXaEkgOtLX8D_7J0y80DLysMf68xLxah1gq9BidQLGJEMHR1FuOK6T9CrXwk4rM1EzA
2025-06-27 16:48:00.652 [http-nio-8080-exec-1] [INFO] o.e.b.s.j.JwtTokenFilter - ❌ 토큰 없음 또는 유효하지 않음: null
2025-06-27 16:48:05.653 [http-nio-8080-exec-4] [INFO] o.e.b.s.j.JwtTokenFilter - ❌ 토큰 없음 또는 유효하지 않음: null
2025-06-27 16:48:06.731 [http-nio-8080-exec-6] [INFO] o.e.b.s.j.JwtTokenFilter - ❌ 토큰 없음 또는 유효하지 않음: null
2025-06-27 16:48:06.771 [http-nio-8080-exec-7] [INFO] o.e.b.s.j.JwtTokenFilter - 현재 들어온 HTTP 요청 = /boards
2025-06-27 16:48:06.771 [http-nio-8080-exec-7] [INFO] o.e.b.s.j.JwtTokenFilter - ✅ 토큰 인증 성공: eyJhbGciOiJIUzUxMiJ9.eyJ1c2VyLWlkIjo2LCJ1c2VybmFtZSI6InRlc3QxIiwiaWF0IjoxNzUxMDEwNDc4LCJleHAiOjE3NTEwMTE0Nzh9.HE7ZDkrQFULXDY3qwhXxXaEkgOtLX8D_7J0y80DLysMf68xLxah1gq9BidQLGJEMHR1FuOK6T9CrXwk4rM1EzA
2025-06-27 16:48:06.774 [http-nio-8080-exec-7] [INFO] o.e.b.a.LogAspect - [AOP_LOG] getBoards 메서드 호출 시작 
2025-06-27 16:48:06.797 [http-nio-8080-exec-7] [INFO] o.e.b.a.LogAspect - [AOP_LOG] getBoards 메서드 실행 완료 시간 = 23 
2025-06-27 16:48:06.799 [http-nio-8080-exec-7] [WARN] o.s.d.w.c.SpringDataJacksonConfiguration$PageModule$WarningLoggingModifier - Serializing PageImpl instances as-is is not supported, meaning that there is no guarantee about the stability of the resulting JSON structure!
	For a stable JSON structure, please use Spring Data's PagedModel (globally via @EnableSpringDataWebSupport(pageSerializationMode = VIA_DTO))
	or Spring HATEOAS and Spring Data's PagedResourcesAssembler as documented in https://docs.spring.io/spring-data/commons/reference/repositories/core-extensions.html#core.web.pageables.

2025-06-27 16:48:10.020 [http-nio-8080-exec-8] [INFO] o.e.b.s.j.JwtTokenFilter - 현재 들어온 HTTP 요청 = /boards
2025-06-27 16:48:10.020 [http-nio-8080-exec-8] [INFO] o.e.b.s.j.JwtTokenFilter - ✅ 토큰 인증 성공: eyJhbGciOiJIUzUxMiJ9.eyJ1c2VyLWlkIjo2LCJ1c2VybmFtZSI6InRlc3QxIiwiaWF0IjoxNzUxMDEwNDc4LCJleHAiOjE3NTEwMTE0Nzh9.HE7ZDkrQFULXDY3qwhXxXaEkgOtLX8D_7J0y80DLysMf68xLxah1gq9BidQLGJEMHR1FuOK6T9CrXwk4rM1EzA
2025-06-27 16:48:10.031 [http-nio-8080-exec-8] [INFO] o.e.b.a.LogAspect - [AOP_LOG] createBoard 메서드 호출 시작 
2025-06-27 16:48:10.127 [http-nio-8080-exec-8] [INFO] o.e.b.a.LogAspect - [AOP_LOG] createBoard 메서드 실행 완료 시간 = 96 
2025-06-27 16:48:10.196 [http-nio-8080-exec-9] [INFO] o.e.b.s.j.JwtTokenFilter - 현재 들어온 HTTP 요청 = /boards
2025-06-27 16:48:10.197 [http-nio-8080-exec-9] [INFO] o.e.b.s.j.JwtTokenFilter - ✅ 토큰 인증 성공: eyJhbGciOiJIUzUxMiJ9.eyJ1c2VyLWlkIjo2LCJ1c2VybmFtZSI6InRlc3QxIiwiaWF0IjoxNzUxMDEwNDc4LCJleHAiOjE3NTEwMTE0Nzh9.HE7ZDkrQFULXDY3qwhXxXaEkgOtLX8D_7J0y80DLysMf68xLxah1gq9BidQLGJEMHR1FuOK6T9CrXwk4rM1EzA
2025-06-27 16:48:10.199 [http-nio-8080-exec-9] [INFO] o.e.b.a.LogAspect - [AOP_LOG] getBoards 메서드 호출 시작 
2025-06-27 16:48:10.209 [http-nio-8080-exec-9] [INFO] o.e.b.a.LogAspect - [AOP_LOG] getBoards 메서드 실행 완료 시간 = 10 
2025-06-27 16:48:10.655 [http-nio-8080-exec-4] [INFO] o.e.b.s.j.JwtTokenFilter - ❌ 토큰 없음 또는 유효하지 않음: null
2025-06-27 16:48:15.655 [http-nio-8080-exec-5] [INFO] o.e.b.s.j.JwtTokenFilter - ❌ 토큰 없음 또는 유효하지 않음: null
2025-06-27 16:48:16.924 [http-nio-8080-exec-6] [INFO] o.e.b.s.j.JwtTokenFilter - 현재 들어온 HTTP 요청 = /boards/8
2025-06-27 16:48:16.924 [http-nio-8080-exec-6] [INFO] o.e.b.s.j.JwtTokenFilter - ✅ 토큰 인증 성공: eyJhbGciOiJIUzUxMiJ9.eyJ1c2VyLWlkIjo2LCJ1c2VybmFtZSI6InRlc3QxIiwiaWF0IjoxNzUxMDEwNDc4LCJleHAiOjE3NTEwMTE0Nzh9.HE7ZDkrQFULXDY3qwhXxXaEkgOtLX8D_7J0y80DLysMf68xLxah1gq9BidQLGJEMHR1FuOK6T9CrXwk4rM1EzA
2025-06-27 16:48:16.932 [http-nio-8080-exec-6] [INFO] o.e.b.a.LogAspect - [AOP_LOG] getBoardDetail 메서드 호출 시작 
2025-06-27 16:48:16.943 [http-nio-8080-exec-6] [INFO] o.e.b.a.LogAspect - [AOP_LOG] getBoardDetail 메서드 실행 완료 시간 = 11 
2025-06-27 16:48:16.964 [http-nio-8080-exec-7] [INFO] o.e.b.s.j.JwtTokenFilter - 현재 들어온 HTTP 요청 = /api/comments
2025-06-27 16:48:16.964 [http-nio-8080-exec-7] [INFO] o.e.b.s.j.JwtTokenFilter - ✅ 토큰 인증 성공: eyJhbGciOiJIUzUxMiJ9.eyJ1c2VyLWlkIjo2LCJ1c2VybmFtZSI6InRlc3QxIiwiaWF0IjoxNzUxMDEwNDc4LCJleHAiOjE3NTEwMTE0Nzh9.HE7ZDkrQFULXDY3qwhXxXaEkgOtLX8D_7J0y80DLysMf68xLxah1gq9BidQLGJEMHR1FuOK6T9CrXwk4rM1EzA
2025-06-27 16:48:20.650 [http-nio-8080-exec-9] [INFO] o.e.b.s.j.JwtTokenFilter - ❌ 토큰 없음 또는 유효하지 않음: null
2025-06-27 16:48:21.769 [http-nio-8080-exec-2] [INFO] o.e.b.s.j.JwtTokenFilter - 현재 들어온 HTTP 요청 = /boards/8
2025-06-27 16:48:21.770 [http-nio-8080-exec-2] [INFO] o.e.b.s.j.JwtTokenFilter - ✅ 토큰 인증 성공: eyJhbGciOiJIUzUxMiJ9.eyJ1c2VyLWlkIjo2LCJ1c2VybmFtZSI6InRlc3QxIiwiaWF0IjoxNzUxMDEwNDc4LCJleHAiOjE3NTEwMTE0Nzh9.HE7ZDkrQFULXDY3qwhXxXaEkgOtLX8D_7J0y80DLysMf68xLxah1gq9BidQLGJEMHR1FuOK6T9CrXwk4rM1EzA
2025-06-27 16:48:21.773 [http-nio-8080-exec-2] [INFO] o.e.b.a.LogAspect - [AOP_LOG] getBoardDetail 메서드 호출 시작 
2025-06-27 16:48:21.779 [http-nio-8080-exec-2] [INFO] o.e.b.a.LogAspect - [AOP_LOG] getBoardDetail 메서드 실행 완료 시간 = 6 
2025-06-27 16:48:24.528 [http-nio-8080-exec-10] [INFO] o.e.b.s.j.JwtTokenFilter - 현재 들어온 HTTP 요청 = /boards/8
2025-06-27 16:48:24.528 [http-nio-8080-exec-10] [INFO] o.e.b.s.j.JwtTokenFilter - ✅ 토큰 인증 성공: eyJhbGciOiJIUzUxMiJ9.eyJ1c2VyLWlkIjo2LCJ1c2VybmFtZSI6InRlc3QxIiwiaWF0IjoxNzUxMDEwNDc4LCJleHAiOjE3NTEwMTE0Nzh9.HE7ZDkrQFULXDY3qwhXxXaEkgOtLX8D_7J0y80DLysMf68xLxah1gq9BidQLGJEMHR1FuOK6T9CrXwk4rM1EzA
2025-06-27 16:48:24.533 [http-nio-8080-exec-10] [INFO] o.e.b.a.LogAspect - [AOP_LOG] updateBoard 메서드 호출 시작 
2025-06-27 16:48:24.539 [http-nio-8080-exec-10] [INFO] o.e.b.a.LogAspect - [AOP_LOG] updateBoard 메서드 실행 완료 시간 = 6 
2025-06-27 16:48:24.567 [http-nio-8080-exec-3] [INFO] o.e.b.s.j.JwtTokenFilter - 현재 들어온 HTTP 요청 = /boards
2025-06-27 16:48:24.567 [http-nio-8080-exec-3] [INFO] o.e.b.s.j.JwtTokenFilter - ✅ 토큰 인증 성공: eyJhbGciOiJIUzUxMiJ9.eyJ1c2VyLWlkIjo2LCJ1c2VybmFtZSI6InRlc3QxIiwiaWF0IjoxNzUxMDEwNDc4LCJleHAiOjE3NTEwMTE0Nzh9.HE7ZDkrQFULXDY3qwhXxXaEkgOtLX8D_7J0y80DLysMf68xLxah1gq9BidQLGJEMHR1FuOK6T9CrXwk4rM1EzA
2025-06-27 16:48:24.568 [http-nio-8080-exec-3] [INFO] o.e.b.a.LogAspect - [AOP_LOG] getBoards 메서드 호출 시작 
2025-06-27 16:48:24.573 [http-nio-8080-exec-3] [INFO] o.e.b.a.LogAspect - [AOP_LOG] getBoards 메서드 실행 완료 시간 = 5 
2025-06-27 16:48:25.650 [http-nio-8080-exec-1] [INFO] o.e.b.s.j.JwtTokenFilter - ❌ 토큰 없음 또는 유효하지 않음: null
2025-06-27 16:48:30.653 [http-nio-8080-exec-5] [INFO] o.e.b.s.j.JwtTokenFilter - ❌ 토큰 없음 또는 유효하지 않음: null
2025-06-27 16:48:35.651 [http-nio-8080-exec-6] [INFO] o.e.b.s.j.JwtTokenFilter - ❌ 토큰 없음 또는 유효하지 않음: null
2025-06-27 16:48:40.652 [http-nio-8080-exec-7] [INFO] o.e.b.s.j.JwtTokenFilter - ❌ 토큰 없음 또는 유효하지 않음: null
2025-06-27 16:48:44.989 [MessageBroker-1] [INFO] o.s.w.s.c.WebSocketMessageBrokerStats - WebSocketSession[0 current WS(0)-HttpStream(0)-HttpPoll(0), 0 total, 0 closed abnormally (0 connect failure, 0 send limit, 0 transport error)], stompSubProtocol[processed CONNECT(0)-CONNECTED(0)-DISCONNECT(0)], stompBrokerRelay[null], inboundChannel[pool size = 0, active threads = 0, queued tasks = 0, completed tasks = 0], outboundChannel[pool size = 0, active threads = 0, queued tasks = 0, completed tasks = 0], sockJsScheduler[pool size = 1, active threads = 1, queued tasks = 0, completed tasks = 0]
2025-06-27 16:48:45.653 [http-nio-8080-exec-8] [INFO] o.e.b.s.j.JwtTokenFilter - ❌ 토큰 없음 또는 유효하지 않음: null
2025-06-27 16:48:50.649 [http-nio-8080-exec-9] [INFO] o.e.b.s.j.JwtTokenFilter - ❌ 토큰 없음 또는 유효하지 않음: null
2025-06-27 16:48:55.650 [http-nio-8080-exec-2] [INFO] o.e.b.s.j.JwtTokenFilter - ❌ 토큰 없음 또는 유효하지 않음: null
2025-06-27 16:49:00.649 [http-nio-8080-exec-10] [INFO] o.e.b.s.j.JwtTokenFilter - ❌ 토큰 없음 또는 유효하지 않음: null
2025-06-27 16:49:05.649 [http-nio-8080-exec-3] [INFO] o.e.b.s.j.JwtTokenFilter - ❌ 토큰 없음 또는 유효하지 않음: null
2025-06-27 16:49:10.648 [http-nio-8080-exec-1] [INFO] o.e.b.s.j.JwtTokenFilter - ❌ 토큰 없음 또는 유효하지 않음: null
2025-06-27 16:49:15.649 [http-nio-8080-exec-4] [INFO] o.e.b.s.j.JwtTokenFilter - ❌ 토큰 없음 또는 유효하지 않음: null
2025-06-27 16:49:20.647 [http-nio-8080-exec-5] [INFO] o.e.b.s.j.JwtTokenFilter - ❌ 토큰 없음 또는 유효하지 않음: null
2025-06-27 16:49:25.649 [http-nio-8080-exec-6] [INFO] o.e.b.s.j.JwtTokenFilter - ❌ 토큰 없음 또는 유효하지 않음: null
2025-06-27 16:49:30.648 [http-nio-8080-exec-7] [INFO] o.e.b.s.j.JwtTokenFilter - ❌ 토큰 없음 또는 유효하지 않음: null
2025-06-27 16:49:35.648 [http-nio-8080-exec-8] [INFO] o.e.b.s.j.JwtTokenFilter - ❌ 토큰 없음 또는 유효하지 않음: null
2025-06-27 16:49:40.646 [http-nio-8080-exec-9] [INFO] o.e.b.s.j.JwtTokenFilter - ❌ 토큰 없음 또는 유효하지 않음: null
2025-06-27 16:49:45.647 [http-nio-8080-exec-2] [INFO] o.e.b.s.j.JwtTokenFilter - ❌ 토큰 없음 또는 유효하지 않음: null
2025-06-27 16:49:50.645 [http-nio-8080-exec-10] [INFO] o.e.b.s.j.JwtTokenFilter - ❌ 토큰 없음 또는 유효하지 않음: null
2025-06-27 16:49:55.647 [http-nio-8080-exec-3] [INFO] o.e.b.s.j.JwtTokenFilter - ❌ 토큰 없음 또는 유효하지 않음: null
2025-06-27 16:50:00.646 [http-nio-8080-exec-1] [INFO] o.e.b.s.j.JwtTokenFilter - ❌ 토큰 없음 또는 유효하지 않음: null
2025-06-27 16:50:05.645 [http-nio-8080-exec-4] [INFO] o.e.b.s.j.JwtTokenFilter - ❌ 토큰 없음 또는 유효하지 않음: null
2025-06-27 16:50:10.647 [http-nio-8080-exec-5] [INFO] o.e.b.s.j.JwtTokenFilter - ❌ 토큰 없음 또는 유효하지 않음: null
2025-06-27 16:50:15.643 [http-nio-8080-exec-6] [INFO] o.e.b.s.j.JwtTokenFilter - ❌ 토큰 없음 또는 유효하지 않음: null
2025-06-27 16:50:20.643 [http-nio-8080-exec-7] [INFO] o.e.b.s.j.JwtTokenFilter - ❌ 토큰 없음 또는 유효하지 않음: null
2025-06-27 16:50:25.642 [http-nio-8080-exec-8] [INFO] o.e.b.s.j.JwtTokenFilter - ❌ 토큰 없음 또는 유효하지 않음: null
2025-06-27 16:50:30.643 [http-nio-8080-exec-9] [INFO] o.e.b.s.j.JwtTokenFilter - ❌ 토큰 없음 또는 유효하지 않음: null
2025-06-27 16:50:35.663 [http-nio-8080-exec-2] [INFO] o.e.b.s.j.JwtTokenFilter - ❌ 토큰 없음 또는 유효하지 않음: null
2025-06-27 16:50:40.647 [http-nio-8080-exec-10] [INFO] o.e.b.s.j.JwtTokenFilter - ❌ 토큰 없음 또는 유효하지 않음: null
2025-06-27 16:50:41.904 [http-nio-8080-exec-1] [INFO] o.e.b.s.j.JwtTokenFilter - ❌ 토큰 없음 또는 유효하지 않음: null
2025-06-27 16:50:45.648 [http-nio-8080-exec-5] [INFO] o.e.b.s.j.JwtTokenFilter - ❌ 토큰 없음 또는 유효하지 않음: null
2025-06-27 16:50:50.686 [http-nio-8080-exec-6] [INFO] o.e.b.s.j.JwtTokenFilter - ❌ 토큰 없음 또는 유효하지 않음: null
2025-06-27 16:50:55.645 [http-nio-8080-exec-8] [INFO] o.e.b.s.j.JwtTokenFilter - ❌ 토큰 없음 또는 유효하지 않음: null
2025-06-27 16:51:00.643 [http-nio-8080-exec-9] [INFO] o.e.b.s.j.JwtTokenFilter - ❌ 토큰 없음 또는 유효하지 않음: null
2025-06-27 16:51:05.640 [http-nio-8080-exec-2] [INFO] o.e.b.s.j.JwtTokenFilter - ❌ 토큰 없음 또는 유효하지 않음: null
2025-06-27 16:51:10.638 [http-nio-8080-exec-10] [INFO] o.e.b.s.j.JwtTokenFilter - ❌ 토큰 없음 또는 유효하지 않음: null
2025-06-27 16:51:15.632 [http-nio-8080-exec-3] [INFO] o.e.b.s.j.JwtTokenFilter - ❌ 토큰 없음 또는 유효하지 않음: null
2025-06-27 16:51:20.632 [http-nio-8080-exec-1] [INFO] o.e.b.s.j.JwtTokenFilter - ❌ 토큰 없음 또는 유효하지 않음: null
2025-06-27 16:51:25.630 [http-nio-8080-exec-4] [INFO] o.e.b.s.j.JwtTokenFilter - ❌ 토큰 없음 또는 유효하지 않음: null
2025-06-27 16:51:30.630 [http-nio-8080-exec-5] [INFO] o.e.b.s.j.JwtTokenFilter - ❌ 토큰 없음 또는 유효하지 않음: null
2025-06-27 16:51:32.174 [SpringApplicationShutdownHook] [INFO] o.s.b.w.e.t.GracefulShutdown - Commencing graceful shutdown. Waiting for active requests to complete
2025-06-27 16:51:32.470 [tomcat-shutdown] [INFO] o.s.b.w.e.t.GracefulShutdown - Graceful shutdown complete
2025-06-27 16:51:32.473 [SpringApplicationShutdownHook] [INFO] o.s.m.s.b.SimpleBrokerMessageHandler - Stopping...
2025-06-27 16:51:32.474 [SpringApplicationShutdownHook] [INFO] o.s.m.s.b.SimpleBrokerMessageHandler - BrokerAvailabilityEvent[available=false, SimpleBrokerMessageHandler [org.springframework.messaging.simp.broker.DefaultSubscriptionRegistry@55108c60]]
2025-06-27 16:51:32.474 [SpringApplicationShutdownHook] [INFO] o.s.m.s.b.SimpleBrokerMessageHandler - Stopped.
2025-06-27 16:51:32.620 [SpringApplicationShutdownHook] [INFO] o.s.o.j.LocalContainerEntityManagerFactoryBean - Closing JPA EntityManagerFactory for persistence unit 'default'
2025-06-27 16:51:32.624 [SpringApplicationShutdownHook] [INFO] c.z.h.HikariDataSource - HikariPool-1 - Shutdown initiated...
2025-06-27 16:51:32.635 [SpringApplicationShutdownHook] [INFO] c.z.h.HikariDataSource - HikariPool-1 - Shutdown completed.
2025-06-27 16:51:36.023 [restartedMain] [INFO] o.e.b.BackendProjectApplication - Starting BackendProjectApplication using Java 17.0.12 with PID 20772 (C:\backend5\backendProject\build\classes\java\main started by win11 in C:\backend5)
2025-06-27 16:51:36.026 [restartedMain] [INFO] o.e.b.BackendProjectApplication - The following 1 profile is active: "dev"
2025-06-27 16:51:36.103 [restartedMain] [INFO] o.s.b.d.e.DevToolsPropertyDefaultsPostProcessor - Devtools property defaults active! Set 'spring.devtools.add-properties' to 'false' to disable
2025-06-27 16:51:36.103 [restartedMain] [INFO] o.s.b.d.e.DevToolsPropertyDefaultsPostProcessor - For additional web related logging consider setting the 'logging.level.web' property to 'DEBUG'
2025-06-27 16:51:38.044 [restartedMain] [INFO] o.s.d.r.c.RepositoryConfigurationDelegate - Multiple Spring Data modules found, entering strict repository configuration mode
2025-06-27 16:51:38.046 [restartedMain] [INFO] o.s.d.r.c.RepositoryConfigurationDelegate - Bootstrapping Spring Data JPA repositories in DEFAULT mode.
2025-06-27 16:51:38.302 [restartedMain] [INFO] o.s.d.r.c.RepositoryConfigurationDelegate - Finished Spring Data repository scanning in 225 ms. Found 5 JPA repository interfaces.
2025-06-27 16:51:38.322 [restartedMain] [INFO] o.s.d.r.c.RepositoryConfigurationDelegate - Multiple Spring Data modules found, entering strict repository configuration mode
2025-06-27 16:51:38.325 [restartedMain] [INFO] o.s.d.r.c.RepositoryConfigurationDelegate - Bootstrapping Spring Data Redis repositories in DEFAULT mode.
2025-06-27 16:51:38.350 [restartedMain] [INFO] o.s.d.r.c.RepositoryConfigurationExtensionSupport - Spring Data Redis - Could not safely identify store assignment for repository candidate interface org.example.backendproject.Auth.repository.AuthRepository; If you want this repository to be a Redis repository, consider annotating your entities with one of these annotations: org.springframework.data.redis.core.RedisHash (preferred), or consider extending one of the following types with your repository: org.springframework.data.keyvalue.repository.KeyValueRepository
2025-06-27 16:51:38.351 [restartedMain] [INFO] o.s.d.r.c.RepositoryConfigurationExtensionSupport - Spring Data Redis - Could not safely identify store assignment for repository candidate interface org.example.backendproject.board.repository.BoardRepository; If you want this repository to be a Redis repository, consider annotating your entities with one of these annotations: org.springframework.data.redis.core.RedisHash (preferred), or consider extending one of the following types with your repository: org.springframework.data.keyvalue.repository.KeyValueRepository
2025-06-27 16:51:38.352 [restartedMain] [INFO] o.s.d.r.c.RepositoryConfigurationExtensionSupport - Spring Data Redis - Could not safely identify store assignment for repository candidate interface org.example.backendproject.comment.repository.CommentRepository; If you want this repository to be a Redis repository, consider annotating your entities with one of these annotations: org.springframework.data.redis.core.RedisHash (preferred), or consider extending one of the following types with your repository: org.springframework.data.keyvalue.repository.KeyValueRepository
2025-06-27 16:51:38.352 [restartedMain] [INFO] o.s.d.r.c.RepositoryConfigurationExtensionSupport - Spring Data Redis - Could not safely identify store assignment for repository candidate interface org.example.backendproject.purewebsocket.room.repository.RoomRepository; If you want this repository to be a Redis repository, consider annotating your entities with one of these annotations: org.springframework.data.redis.core.RedisHash (preferred), or consider extending one of the following types with your repository: org.springframework.data.keyvalue.repository.KeyValueRepository
2025-06-27 16:51:38.353 [restartedMain] [INFO] o.s.d.r.c.RepositoryConfigurationExtensionSupport - Spring Data Redis - Could not safely identify store assignment for repository candidate interface org.example.backendproject.user.repository.UserRepository; If you want this repository to be a Redis repository, consider annotating your entities with one of these annotations: org.springframework.data.redis.core.RedisHash (preferred), or consider extending one of the following types with your repository: org.springframework.data.keyvalue.repository.KeyValueRepository
2025-06-27 16:51:38.353 [restartedMain] [INFO] o.s.d.r.c.RepositoryConfigurationDelegate - Finished Spring Data repository scanning in 16 ms. Found 0 Redis repository interfaces.
2025-06-27 16:51:39.454 [restartedMain] [INFO] o.s.b.w.e.t.TomcatWebServer - Tomcat initialized with port 8080 (http)
2025-06-27 16:51:39.475 [restartedMain] [INFO] o.a.c.h.Http11NioProtocol - Initializing ProtocolHandler ["http-nio-8080"]
2025-06-27 16:51:39.477 [restartedMain] [INFO] o.a.c.c.StandardService - Starting service [Tomcat]
2025-06-27 16:51:39.478 [restartedMain] [INFO] o.a.c.c.StandardEngine - Starting Servlet engine: [Apache Tomcat/10.1.41]
2025-06-27 16:51:39.563 [restartedMain] [INFO] o.a.c.c.C.[.[.[/] - Initializing Spring embedded WebApplicationContext
2025-06-27 16:51:39.565 [restartedMain] [INFO] o.s.b.w.s.c.ServletWebServerApplicationContext - Root WebApplicationContext: initialization completed in 3461 ms
2025-06-27 16:51:40.028 [restartedMain] [INFO] o.h.j.i.u.LogHelper - HHH000204: Processing PersistenceUnitInfo [name: default]
2025-06-27 16:51:40.125 [restartedMain] [INFO] o.h.Version - HHH000412: Hibernate ORM core version 6.6.15.Final
2025-06-27 16:51:40.181 [restartedMain] [INFO] o.h.c.i.RegionFactoryInitiator - HHH000026: Second-level cache disabled
2025-06-27 16:51:40.610 [restartedMain] [INFO] o.s.o.j.p.SpringPersistenceUnitInfo - No LoadTimeWeaver setup: ignoring JPA class transformer
2025-06-27 16:51:40.658 [restartedMain] [INFO] c.z.h.HikariDataSource - HikariPool-1 - Starting...
2025-06-27 16:51:41.166 [restartedMain] [INFO] c.z.h.p.HikariPool - HikariPool-1 - Added connection com.mysql.cj.jdbc.ConnectionImpl@6480716a
2025-06-27 16:51:41.170 [restartedMain] [INFO] c.z.h.HikariDataSource - HikariPool-1 - Start completed.
2025-06-27 16:51:41.254 [restartedMain] [WARN] o.h.o.deprecation - HHH90000025: MySQL8Dialect does not need to be specified explicitly using 'hibernate.dialect' (remove the property setting and it will be selected by default)
2025-06-27 16:51:41.256 [restartedMain] [WARN] o.h.o.deprecation - HHH90000026: MySQL8Dialect has been deprecated; use org.hibernate.dialect.MySQLDialect instead
2025-06-27 16:51:41.293 [restartedMain] [INFO] o.h.o.c.pooling - HHH10001005: Database info:
	Database JDBC URL [Connecting through datasource 'HikariDataSource (HikariPool-1)']
	Database driver: undefined/unknown
	Database version: 8.0
	Autocommit mode: undefined/unknown
	Isolation level: undefined/unknown
	Minimum pool size: undefined/unknown
	Maximum pool size: undefined/unknown
2025-06-27 16:51:44.287 [restartedMain] [INFO] o.h.e.t.j.p.i.JtaPlatformInitiator - HHH000489: No JTA platform available (set 'hibernate.transaction.jta.platform' to enable JTA platform integration)
2025-06-27 16:51:45.006 [restartedMain] [INFO] o.s.o.j.LocalContainerEntityManagerFactoryBean - Initialized JPA EntityManagerFactory for persistence unit 'default'
2025-06-27 16:51:47.584 [restartedMain] [INFO] o.s.d.j.r.q.QueryEnhancerFactory - Hibernate is in classpath; If applicable, HQL parser will be used.
2025-06-27 16:51:48.981 [restartedMain] [WARN] o.s.b.a.o.j.JpaBaseConfiguration$JpaWebConfiguration - spring.jpa.open-in-view is enabled by default. Therefore, database queries may be performed during view rendering. Explicitly configure spring.jpa.open-in-view to disable this warning
2025-06-27 16:51:49.101 [restartedMain] [INFO] o.s.b.a.w.s.WelcomePageHandlerMapping - Adding welcome page: class path resource [static/index.html]
2025-06-27 16:51:49.603 [restartedMain] [INFO] o.s.b.a.e.w.EndpointLinksResolver - Exposing 14 endpoints beneath base path '/actuator'
2025-06-27 16:51:49.669 [restartedMain] [WARN] o.s.s.c.a.a.c.InitializeUserDetailsBeanManagerConfigurer$InitializeUserDetailsManagerConfigurer - Found 2 UserDetailsService beans, with names [customUserDetailService, customUserDetailsService]. Global Authentication Manager will not use a UserDetailsService for username/password login. Consider publishing a single UserDetailsService bean.
2025-06-27 16:51:50.923 [restartedMain] [INFO] o.s.b.d.a.OptionalLiveReloadServer - LiveReload server is running on port 35729
2025-06-27 16:51:51.049 [restartedMain] [INFO] o.s.m.s.b.SimpleBrokerMessageHandler - Starting...
2025-06-27 16:51:51.050 [restartedMain] [INFO] o.s.m.s.b.SimpleBrokerMessageHandler - BrokerAvailabilityEvent[available=true, SimpleBrokerMessageHandler [org.springframework.messaging.simp.broker.DefaultSubscriptionRegistry@150aea67]]
2025-06-27 16:51:51.052 [restartedMain] [INFO] o.s.m.s.b.SimpleBrokerMessageHandler - Started.
2025-06-27 16:51:51.053 [restartedMain] [INFO] o.a.c.h.Http11NioProtocol - Starting ProtocolHandler ["http-nio-8080"]
2025-06-27 16:51:51.099 [restartedMain] [INFO] o.s.b.w.e.t.TomcatWebServer - Tomcat started on port 8080 (http) with context path '/'
2025-06-27 16:51:52.059 [restartedMain] [INFO] o.e.b.BackendProjectApplication - Started BackendProjectApplication in 16.786 seconds (process running for 17.431)
2025-06-27 16:51:52.588 [RMI TCP Connection(4)-172.31.98.113] [INFO] o.a.c.c.C.[.[.[/] - Initializing Spring DispatcherServlet 'dispatcherServlet'
2025-06-27 16:51:52.589 [RMI TCP Connection(4)-172.31.98.113] [INFO] o.s.w.s.DispatcherServlet - Initializing Servlet 'dispatcherServlet'
2025-06-27 16:51:52.591 [RMI TCP Connection(4)-172.31.98.113] [INFO] o.s.w.s.DispatcherServlet - Completed initialization in 2 ms
2025-06-27 16:51:55.752 [http-nio-8080-exec-1] [INFO] o.e.b.s.j.JwtTokenFilter - ❌ 토큰 없음 또는 유효하지 않음: null
2025-06-27 16:52:00.631 [http-nio-8080-exec-3] [INFO] o.e.b.s.j.JwtTokenFilter - ❌ 토큰 없음 또는 유효하지 않음: null
2025-06-27 16:52:05.634 [http-nio-8080-exec-2] [INFO] o.e.b.s.j.JwtTokenFilter - ❌ 토큰 없음 또는 유효하지 않음: null
2025-06-27 16:52:10.630 [http-nio-8080-exec-4] [INFO] o.e.b.s.j.JwtTokenFilter - ❌ 토큰 없음 또는 유효하지 않음: null
2025-06-27 16:52:15.626 [http-nio-8080-exec-5] [INFO] o.e.b.s.j.JwtTokenFilter - ❌ 토큰 없음 또는 유효하지 않음: null
2025-06-27 16:52:20.623 [http-nio-8080-exec-6] [INFO] o.e.b.s.j.JwtTokenFilter - ❌ 토큰 없음 또는 유효하지 않음: null
2025-06-27 16:52:25.624 [http-nio-8080-exec-7] [INFO] o.e.b.s.j.JwtTokenFilter - ❌ 토큰 없음 또는 유효하지 않음: null
2025-06-27 16:52:30.627 [http-nio-8080-exec-8] [INFO] o.e.b.s.j.JwtTokenFilter - ❌ 토큰 없음 또는 유효하지 않음: null
2025-06-27 16:52:35.623 [http-nio-8080-exec-9] [INFO] o.e.b.s.j.JwtTokenFilter - ❌ 토큰 없음 또는 유효하지 않음: null
2025-06-27 16:52:40.624 [http-nio-8080-exec-10] [INFO] o.e.b.s.j.JwtTokenFilter - ❌ 토큰 없음 또는 유효하지 않음: null
2025-06-27 16:52:45.623 [http-nio-8080-exec-1] [INFO] o.e.b.s.j.JwtTokenFilter - ❌ 토큰 없음 또는 유효하지 않음: null
2025-06-27 16:52:50.623 [http-nio-8080-exec-3] [INFO] o.e.b.s.j.JwtTokenFilter - ❌ 토큰 없음 또는 유효하지 않음: null
2025-06-27 16:52:50.980 [MessageBroker-1] [INFO] o.s.w.s.c.WebSocketMessageBrokerStats - WebSocketSession[0 current WS(0)-HttpStream(0)-HttpPoll(0), 0 total, 0 closed abnormally (0 connect failure, 0 send limit, 0 transport error)], stompSubProtocol[processed CONNECT(0)-CONNECTED(0)-DISCONNECT(0)], stompBrokerRelay[null], inboundChannel[pool size = 0, active threads = 0, queued tasks = 0, completed tasks = 0], outboundChannel[pool size = 0, active threads = 0, queued tasks = 0, completed tasks = 0], sockJsScheduler[pool size = 1, active threads = 1, queued tasks = 0, completed tasks = 0]
2025-06-27 16:52:55.622 [http-nio-8080-exec-2] [INFO] o.e.b.s.j.JwtTokenFilter - ❌ 토큰 없음 또는 유효하지 않음: null
2025-06-27 16:53:00.621 [http-nio-8080-exec-4] [INFO] o.e.b.s.j.JwtTokenFilter - ❌ 토큰 없음 또는 유효하지 않음: null
2025-06-27 16:53:05.621 [http-nio-8080-exec-5] [INFO] o.e.b.s.j.JwtTokenFilter - ❌ 토큰 없음 또는 유효하지 않음: null
2025-06-27 16:53:10.619 [http-nio-8080-exec-6] [INFO] o.e.b.s.j.JwtTokenFilter - ❌ 토큰 없음 또는 유효하지 않음: null
2025-06-27 16:53:15.619 [http-nio-8080-exec-7] [INFO] o.e.b.s.j.JwtTokenFilter - ❌ 토큰 없음 또는 유효하지 않음: null
2025-06-27 16:53:20.618 [http-nio-8080-exec-8] [INFO] o.e.b.s.j.JwtTokenFilter - ❌ 토큰 없음 또는 유효하지 않음: null
2025-06-27 16:53:25.626 [http-nio-8080-exec-9] [INFO] o.e.b.s.j.JwtTokenFilter - ❌ 토큰 없음 또는 유효하지 않음: null
2025-06-27 16:53:30.636 [http-nio-8080-exec-10] [INFO] o.e.b.s.j.JwtTokenFilter - ❌ 토큰 없음 또는 유효하지 않음: null
2025-06-27 16:53:35.619 [http-nio-8080-exec-1] [INFO] o.e.b.s.j.JwtTokenFilter - ❌ 토큰 없음 또는 유효하지 않음: null
2025-06-27 16:53:40.615 [http-nio-8080-exec-3] [INFO] o.e.b.s.j.JwtTokenFilter - ❌ 토큰 없음 또는 유효하지 않음: null
2025-06-27 16:53:45.614 [http-nio-8080-exec-2] [INFO] o.e.b.s.j.JwtTokenFilter - ❌ 토큰 없음 또는 유효하지 않음: null
2025-06-27 16:53:50.614 [http-nio-8080-exec-4] [INFO] o.e.b.s.j.JwtTokenFilter - ❌ 토큰 없음 또는 유효하지 않음: null
2025-06-27 16:53:55.616 [http-nio-8080-exec-5] [INFO] o.e.b.s.j.JwtTokenFilter - ❌ 토큰 없음 또는 유효하지 않음: null
2025-06-27 16:54:00.613 [http-nio-8080-exec-6] [INFO] o.e.b.s.j.JwtTokenFilter - ❌ 토큰 없음 또는 유효하지 않음: null
2025-06-27 16:54:05.613 [http-nio-8080-exec-7] [INFO] o.e.b.s.j.JwtTokenFilter - ❌ 토큰 없음 또는 유효하지 않음: null
2025-06-27 16:54:10.614 [http-nio-8080-exec-8] [INFO] o.e.b.s.j.JwtTokenFilter - ❌ 토큰 없음 또는 유효하지 않음: null
2025-06-27 16:54:15.614 [http-nio-8080-exec-9] [INFO] o.e.b.s.j.JwtTokenFilter - ❌ 토큰 없음 또는 유효하지 않음: null
2025-06-27 16:54:20.612 [http-nio-8080-exec-10] [INFO] o.e.b.s.j.JwtTokenFilter - ❌ 토큰 없음 또는 유효하지 않음: null
2025-06-27 16:54:25.613 [http-nio-8080-exec-1] [INFO] o.e.b.s.j.JwtTokenFilter - ❌ 토큰 없음 또는 유효하지 않음: null
2025-06-27 16:54:30.613 [http-nio-8080-exec-3] [INFO] o.e.b.s.j.JwtTokenFilter - ❌ 토큰 없음 또는 유효하지 않음: null
2025-06-27 16:54:35.612 [http-nio-8080-exec-2] [INFO] o.e.b.s.j.JwtTokenFilter - ❌ 토큰 없음 또는 유효하지 않음: null
2025-06-27 16:54:36.724 [SpringApplicationShutdownHook] [INFO] o.s.b.w.e.t.GracefulShutdown - Commencing graceful shutdown. Waiting for active requests to complete
2025-06-27 16:54:37.196 [tomcat-shutdown] [INFO] o.s.b.w.e.t.GracefulShutdown - Graceful shutdown complete
2025-06-27 16:54:37.200 [SpringApplicationShutdownHook] [INFO] o.s.m.s.b.SimpleBrokerMessageHandler - Stopping...
2025-06-27 16:54:37.200 [SpringApplicationShutdownHook] [INFO] o.s.m.s.b.SimpleBrokerMessageHandler - BrokerAvailabilityEvent[available=false, SimpleBrokerMessageHandler [org.springframework.messaging.simp.broker.DefaultSubscriptionRegistry@150aea67]]
2025-06-27 16:54:37.201 [SpringApplicationShutdownHook] [INFO] o.s.m.s.b.SimpleBrokerMessageHandler - Stopped.
2025-06-27 16:54:37.338 [SpringApplicationShutdownHook] [INFO] o.s.o.j.LocalContainerEntityManagerFactoryBean - Closing JPA EntityManagerFactory for persistence unit 'default'
2025-06-27 16:54:37.341 [SpringApplicationShutdownHook] [INFO] c.z.h.HikariDataSource - HikariPool-1 - Shutdown initiated...
2025-06-27 16:54:37.356 [SpringApplicationShutdownHook] [INFO] c.z.h.HikariDataSource - HikariPool-1 - Shutdown completed.
2025-06-27 16:54:49.508 [restartedMain] [INFO] o.e.b.BackendProjectApplication - Starting BackendProjectApplication using Java 17.0.12 with PID 23888 (C:\backend5\backendProject\build\classes\java\main started by win11 in C:\backend5)
2025-06-27 16:54:49.511 [restartedMain] [INFO] o.e.b.BackendProjectApplication - The following 1 profile is active: "dev"
2025-06-27 16:54:49.597 [restartedMain] [INFO] o.s.b.d.e.DevToolsPropertyDefaultsPostProcessor - Devtools property defaults active! Set 'spring.devtools.add-properties' to 'false' to disable
2025-06-27 16:54:49.598 [restartedMain] [INFO] o.s.b.d.e.DevToolsPropertyDefaultsPostProcessor - For additional web related logging consider setting the 'logging.level.web' property to 'DEBUG'
2025-06-27 16:54:51.419 [restartedMain] [INFO] o.s.d.r.c.RepositoryConfigurationDelegate - Multiple Spring Data modules found, entering strict repository configuration mode
2025-06-27 16:54:51.421 [restartedMain] [INFO] o.s.d.r.c.RepositoryConfigurationDelegate - Bootstrapping Spring Data JPA repositories in DEFAULT mode.
2025-06-27 16:54:51.640 [restartedMain] [INFO] o.s.d.r.c.RepositoryConfigurationDelegate - Finished Spring Data repository scanning in 207 ms. Found 5 JPA repository interfaces.
2025-06-27 16:54:51.656 [restartedMain] [INFO] o.s.d.r.c.RepositoryConfigurationDelegate - Multiple Spring Data modules found, entering strict repository configuration mode
2025-06-27 16:54:51.657 [restartedMain] [INFO] o.s.d.r.c.RepositoryConfigurationDelegate - Bootstrapping Spring Data Redis repositories in DEFAULT mode.
2025-06-27 16:54:51.682 [restartedMain] [INFO] o.s.d.r.c.RepositoryConfigurationExtensionSupport - Spring Data Redis - Could not safely identify store assignment for repository candidate interface org.example.backendproject.Auth.repository.AuthRepository; If you want this repository to be a Redis repository, consider annotating your entities with one of these annotations: org.springframework.data.redis.core.RedisHash (preferred), or consider extending one of the following types with your repository: org.springframework.data.keyvalue.repository.KeyValueRepository
2025-06-27 16:54:51.684 [restartedMain] [INFO] o.s.d.r.c.RepositoryConfigurationExtensionSupport - Spring Data Redis - Could not safely identify store assignment for repository candidate interface org.example.backendproject.board.repository.BoardRepository; If you want this repository to be a Redis repository, consider annotating your entities with one of these annotations: org.springframework.data.redis.core.RedisHash (preferred), or consider extending one of the following types with your repository: org.springframework.data.keyvalue.repository.KeyValueRepository
2025-06-27 16:54:51.684 [restartedMain] [INFO] o.s.d.r.c.RepositoryConfigurationExtensionSupport - Spring Data Redis - Could not safely identify store assignment for repository candidate interface org.example.backendproject.comment.repository.CommentRepository; If you want this repository to be a Redis repository, consider annotating your entities with one of these annotations: org.springframework.data.redis.core.RedisHash (preferred), or consider extending one of the following types with your repository: org.springframework.data.keyvalue.repository.KeyValueRepository
2025-06-27 16:54:51.685 [restartedMain] [INFO] o.s.d.r.c.RepositoryConfigurationExtensionSupport - Spring Data Redis - Could not safely identify store assignment for repository candidate interface org.example.backendproject.purewebsocket.room.repository.RoomRepository; If you want this repository to be a Redis repository, consider annotating your entities with one of these annotations: org.springframework.data.redis.core.RedisHash (preferred), or consider extending one of the following types with your repository: org.springframework.data.keyvalue.repository.KeyValueRepository
2025-06-27 16:54:51.685 [restartedMain] [INFO] o.s.d.r.c.RepositoryConfigurationExtensionSupport - Spring Data Redis - Could not safely identify store assignment for repository candidate interface org.example.backendproject.user.repository.UserRepository; If you want this repository to be a Redis repository, consider annotating your entities with one of these annotations: org.springframework.data.redis.core.RedisHash (preferred), or consider extending one of the following types with your repository: org.springframework.data.keyvalue.repository.KeyValueRepository
2025-06-27 16:54:51.685 [restartedMain] [INFO] o.s.d.r.c.RepositoryConfigurationDelegate - Finished Spring Data repository scanning in 17 ms. Found 0 Redis repository interfaces.
2025-06-27 16:54:52.749 [restartedMain] [INFO] o.s.b.w.e.t.TomcatWebServer - Tomcat initialized with port 8080 (http)
2025-06-27 16:54:52.768 [restartedMain] [INFO] o.a.c.h.Http11NioProtocol - Initializing ProtocolHandler ["http-nio-8080"]
2025-06-27 16:54:52.771 [restartedMain] [INFO] o.a.c.c.StandardService - Starting service [Tomcat]
2025-06-27 16:54:52.771 [restartedMain] [INFO] o.a.c.c.StandardEngine - Starting Servlet engine: [Apache Tomcat/10.1.41]
2025-06-27 16:54:52.850 [restartedMain] [INFO] o.a.c.c.C.[.[.[/] - Initializing Spring embedded WebApplicationContext
2025-06-27 16:54:52.850 [restartedMain] [INFO] o.s.b.w.s.c.ServletWebServerApplicationContext - Root WebApplicationContext: initialization completed in 3252 ms
2025-06-27 16:54:53.247 [restartedMain] [INFO] o.h.j.i.u.LogHelper - HHH000204: Processing PersistenceUnitInfo [name: default]
2025-06-27 16:54:53.350 [restartedMain] [INFO] o.h.Version - HHH000412: Hibernate ORM core version 6.6.15.Final
2025-06-27 16:54:53.401 [restartedMain] [INFO] o.h.c.i.RegionFactoryInitiator - HHH000026: Second-level cache disabled
2025-06-27 16:54:53.979 [restartedMain] [INFO] o.s.o.j.p.SpringPersistenceUnitInfo - No LoadTimeWeaver setup: ignoring JPA class transformer
2025-06-27 16:54:54.035 [restartedMain] [INFO] c.z.h.HikariDataSource - HikariPool-1 - Starting...
2025-06-27 16:54:54.505 [restartedMain] [INFO] c.z.h.p.HikariPool - HikariPool-1 - Added connection com.mysql.cj.jdbc.ConnectionImpl@7e2eaf6d
2025-06-27 16:54:54.509 [restartedMain] [INFO] c.z.h.HikariDataSource - HikariPool-1 - Start completed.
2025-06-27 16:54:54.596 [restartedMain] [WARN] o.h.o.deprecation - HHH90000025: MySQL8Dialect does not need to be specified explicitly using 'hibernate.dialect' (remove the property setting and it will be selected by default)
2025-06-27 16:54:54.598 [restartedMain] [WARN] o.h.o.deprecation - HHH90000026: MySQL8Dialect has been deprecated; use org.hibernate.dialect.MySQLDialect instead
2025-06-27 16:54:54.625 [restartedMain] [INFO] o.h.o.c.pooling - HHH10001005: Database info:
	Database JDBC URL [Connecting through datasource 'HikariDataSource (HikariPool-1)']
	Database driver: undefined/unknown
	Database version: 8.0
	Autocommit mode: undefined/unknown
	Isolation level: undefined/unknown
	Minimum pool size: undefined/unknown
	Maximum pool size: undefined/unknown
2025-06-27 16:54:56.072 [restartedMain] [INFO] o.h.e.t.j.p.i.JtaPlatformInitiator - HHH000489: No JTA platform available (set 'hibernate.transaction.jta.platform' to enable JTA platform integration)
2025-06-27 16:54:56.246 [restartedMain] [INFO] o.s.o.j.LocalContainerEntityManagerFactoryBean - Initialized JPA EntityManagerFactory for persistence unit 'default'
2025-06-27 16:54:57.314 [restartedMain] [INFO] o.s.d.j.r.q.QueryEnhancerFactory - Hibernate is in classpath; If applicable, HQL parser will be used.
2025-06-27 16:54:58.419 [restartedMain] [WARN] o.s.b.a.o.j.JpaBaseConfiguration$JpaWebConfiguration - spring.jpa.open-in-view is enabled by default. Therefore, database queries may be performed during view rendering. Explicitly configure spring.jpa.open-in-view to disable this warning
2025-06-27 16:54:58.525 [restartedMain] [INFO] o.s.b.a.w.s.WelcomePageHandlerMapping - Adding welcome page: class path resource [static/index.html]
2025-06-27 16:54:58.859 [restartedMain] [INFO] o.s.b.a.e.w.EndpointLinksResolver - Exposing 14 endpoints beneath base path '/actuator'
2025-06-27 16:54:58.900 [restartedMain] [WARN] o.s.s.c.a.a.c.InitializeUserDetailsBeanManagerConfigurer$InitializeUserDetailsManagerConfigurer - Found 2 UserDetailsService beans, with names [customUserDetailService, customUserDetailsService]. Global Authentication Manager will not use a UserDetailsService for username/password login. Consider publishing a single UserDetailsService bean.
2025-06-27 16:54:59.671 [restartedMain] [INFO] o.s.b.d.a.OptionalLiveReloadServer - LiveReload server is running on port 35729
2025-06-27 16:54:59.757 [restartedMain] [INFO] o.s.m.s.b.SimpleBrokerMessageHandler - Starting...
2025-06-27 16:54:59.758 [restartedMain] [INFO] o.s.m.s.b.SimpleBrokerMessageHandler - BrokerAvailabilityEvent[available=true, SimpleBrokerMessageHandler [org.springframework.messaging.simp.broker.DefaultSubscriptionRegistry@275946de]]
2025-06-27 16:54:59.759 [restartedMain] [INFO] o.s.m.s.b.SimpleBrokerMessageHandler - Started.
2025-06-27 16:54:59.760 [restartedMain] [INFO] o.a.c.h.Http11NioProtocol - Starting ProtocolHandler ["http-nio-8080"]
2025-06-27 16:54:59.787 [restartedMain] [INFO] o.s.b.w.e.t.TomcatWebServer - Tomcat started on port 8080 (http) with context path '/'
2025-06-27 16:55:00.368 [restartedMain] [INFO] o.e.b.BackendProjectApplication - Started BackendProjectApplication in 11.988 seconds (process running for 13.295)
2025-06-27 16:55:00.695 [RMI TCP Connection(3)-172.31.98.113] [INFO] o.a.c.c.C.[.[.[/] - Initializing Spring DispatcherServlet 'dispatcherServlet'
2025-06-27 16:55:00.695 [RMI TCP Connection(3)-172.31.98.113] [INFO] o.s.w.s.DispatcherServlet - Initializing Servlet 'dispatcherServlet'
2025-06-27 16:55:00.697 [RMI TCP Connection(3)-172.31.98.113] [INFO] o.s.w.s.DispatcherServlet - Completed initialization in 2 ms
2025-06-27 16:55:00.765 [http-nio-8080-exec-1] [INFO] o.e.b.s.j.JwtTokenFilter - ❌ 토큰 없음 또는 유효하지 않음: null
2025-06-27 16:55:05.610 [http-nio-8080-exec-3] [INFO] o.e.b.s.j.JwtTokenFilter - ❌ 토큰 없음 또는 유효하지 않음: null
2025-06-27 16:55:10.612 [http-nio-8080-exec-2] [INFO] o.e.b.s.j.JwtTokenFilter - ❌ 토큰 없음 또는 유효하지 않음: null
2025-06-27 16:55:15.608 [http-nio-8080-exec-4] [INFO] o.e.b.s.j.JwtTokenFilter - ❌ 토큰 없음 또는 유효하지 않음: null
2025-06-27 16:55:20.613 [http-nio-8080-exec-5] [INFO] o.e.b.s.j.JwtTokenFilter - ❌ 토큰 없음 또는 유효하지 않음: null
2025-06-27 16:55:25.606 [http-nio-8080-exec-6] [INFO] o.e.b.s.j.JwtTokenFilter - ❌ 토큰 없음 또는 유효하지 않음: null
2025-06-27 16:55:30.607 [http-nio-8080-exec-7] [INFO] o.e.b.s.j.JwtTokenFilter - ❌ 토큰 없음 또는 유효하지 않음: null
2025-06-27 16:55:35.607 [http-nio-8080-exec-8] [INFO] o.e.b.s.j.JwtTokenFilter - ❌ 토큰 없음 또는 유효하지 않음: null
2025-06-27 16:55:40.607 [http-nio-8080-exec-10] [INFO] o.e.b.s.j.JwtTokenFilter - ❌ 토큰 없음 또는 유효하지 않음: null
2025-06-27 16:55:45.605 [http-nio-8080-exec-9] [INFO] o.e.b.s.j.JwtTokenFilter - ❌ 토큰 없음 또는 유효하지 않음: null
2025-06-27 16:55:50.606 [http-nio-8080-exec-1] [INFO] o.e.b.s.j.JwtTokenFilter - ❌ 토큰 없음 또는 유효하지 않음: null
2025-06-27 16:55:55.613 [http-nio-8080-exec-3] [INFO] o.e.b.s.j.JwtTokenFilter - ❌ 토큰 없음 또는 유효하지 않음: null
2025-06-27 16:55:59.701 [MessageBroker-1] [INFO] o.s.w.s.c.WebSocketMessageBrokerStats - WebSocketSession[0 current WS(0)-HttpStream(0)-HttpPoll(0), 0 total, 0 closed abnormally (0 connect failure, 0 send limit, 0 transport error)], stompSubProtocol[processed CONNECT(0)-CONNECTED(0)-DISCONNECT(0)], stompBrokerRelay[null], inboundChannel[pool size = 0, active threads = 0, queued tasks = 0, completed tasks = 0], outboundChannel[pool size = 0, active threads = 0, queued tasks = 0, completed tasks = 0], sockJsScheduler[pool size = 1, active threads = 1, queued tasks = 0, completed tasks = 0]
2025-06-27 16:56:00.605 [http-nio-8080-exec-2] [INFO] o.e.b.s.j.JwtTokenFilter - ❌ 토큰 없음 또는 유효하지 않음: null
2025-06-27 16:56:05.605 [http-nio-8080-exec-4] [INFO] o.e.b.s.j.JwtTokenFilter - ❌ 토큰 없음 또는 유효하지 않음: null
2025-06-27 16:56:10.603 [http-nio-8080-exec-5] [INFO] o.e.b.s.j.JwtTokenFilter - ❌ 토큰 없음 또는 유효하지 않음: null
2025-06-27 16:56:15.609 [http-nio-8080-exec-6] [INFO] o.e.b.s.j.JwtTokenFilter - ❌ 토큰 없음 또는 유효하지 않음: null
2025-06-27 16:56:20.604 [http-nio-8080-exec-7] [INFO] o.e.b.s.j.JwtTokenFilter - ❌ 토큰 없음 또는 유효하지 않음: null
2025-06-27 16:56:25.602 [http-nio-8080-exec-8] [INFO] o.e.b.s.j.JwtTokenFilter - ❌ 토큰 없음 또는 유효하지 않음: null
2025-06-27 16:56:30.603 [http-nio-8080-exec-10] [INFO] o.e.b.s.j.JwtTokenFilter - ❌ 토큰 없음 또는 유효하지 않음: null
2025-06-27 16:56:35.609 [http-nio-8080-exec-9] [INFO] o.e.b.s.j.JwtTokenFilter - ❌ 토큰 없음 또는 유효하지 않음: null
2025-06-27 16:56:40.601 [http-nio-8080-exec-1] [INFO] o.e.b.s.j.JwtTokenFilter - ❌ 토큰 없음 또는 유효하지 않음: null
2025-06-27 16:56:45.606 [http-nio-8080-exec-3] [INFO] o.e.b.s.j.JwtTokenFilter - ❌ 토큰 없음 또는 유효하지 않음: null
2025-06-27 16:56:50.600 [http-nio-8080-exec-2] [INFO] o.e.b.s.j.JwtTokenFilter - ❌ 토큰 없음 또는 유효하지 않음: null
2025-06-27 16:56:55.601 [http-nio-8080-exec-4] [INFO] o.e.b.s.j.JwtTokenFilter - ❌ 토큰 없음 또는 유효하지 않음: null
2025-06-27 16:57:00.599 [http-nio-8080-exec-5] [INFO] o.e.b.s.j.JwtTokenFilter - ❌ 토큰 없음 또는 유효하지 않음: null
2025-06-27 16:57:05.601 [http-nio-8080-exec-6] [INFO] o.e.b.s.j.JwtTokenFilter - ❌ 토큰 없음 또는 유효하지 않음: null
2025-06-27 16:57:10.601 [http-nio-8080-exec-7] [INFO] o.e.b.s.j.JwtTokenFilter - ❌ 토큰 없음 또는 유효하지 않음: null
2025-06-27 16:57:15.603 [http-nio-8080-exec-8] [INFO] o.e.b.s.j.JwtTokenFilter - ❌ 토큰 없음 또는 유효하지 않음: null
2025-06-27 16:57:20.599 [http-nio-8080-exec-10] [INFO] o.e.b.s.j.JwtTokenFilter - ❌ 토큰 없음 또는 유효하지 않음: null
2025-06-27 16:57:25.597 [http-nio-8080-exec-9] [INFO] o.e.b.s.j.JwtTokenFilter - ❌ 토큰 없음 또는 유효하지 않음: null
2025-06-27 16:57:30.598 [http-nio-8080-exec-1] [INFO] o.e.b.s.j.JwtTokenFilter - ❌ 토큰 없음 또는 유효하지 않음: null
2025-06-27 16:57:35.599 [http-nio-8080-exec-3] [INFO] o.e.b.s.j.JwtTokenFilter - ❌ 토큰 없음 또는 유효하지 않음: null
2025-06-27 16:57:40.597 [http-nio-8080-exec-2] [INFO] o.e.b.s.j.JwtTokenFilter - ❌ 토큰 없음 또는 유효하지 않음: null
2025-06-27 16:57:45.595 [http-nio-8080-exec-4] [INFO] o.e.b.s.j.JwtTokenFilter - ❌ 토큰 없음 또는 유효하지 않음: null
2025-06-27 16:57:50.596 [http-nio-8080-exec-5] [INFO] o.e.b.s.j.JwtTokenFilter - ❌ 토큰 없음 또는 유효하지 않음: null
2025-06-27 16:57:55.597 [http-nio-8080-exec-6] [INFO] o.e.b.s.j.JwtTokenFilter - ❌ 토큰 없음 또는 유효하지 않음: null
2025-06-27 16:58:00.595 [http-nio-8080-exec-7] [INFO] o.e.b.s.j.JwtTokenFilter - ❌ 토큰 없음 또는 유효하지 않음: null
2025-06-27 16:58:05.596 [http-nio-8080-exec-8] [INFO] o.e.b.s.j.JwtTokenFilter - ❌ 토큰 없음 또는 유효하지 않음: null
2025-06-27 16:58:10.595 [http-nio-8080-exec-10] [INFO] o.e.b.s.j.JwtTokenFilter - ❌ 토큰 없음 또는 유효하지 않음: null
2025-06-27 16:58:15.594 [http-nio-8080-exec-9] [INFO] o.e.b.s.j.JwtTokenFilter - ❌ 토큰 없음 또는 유효하지 않음: null
2025-06-27 16:58:20.593 [http-nio-8080-exec-1] [INFO] o.e.b.s.j.JwtTokenFilter - ❌ 토큰 없음 또는 유효하지 않음: null
2025-06-27 16:58:25.593 [http-nio-8080-exec-3] [INFO] o.e.b.s.j.JwtTokenFilter - ❌ 토큰 없음 또는 유효하지 않음: null
2025-06-27 16:58:30.594 [http-nio-8080-exec-2] [INFO] o.e.b.s.j.JwtTokenFilter - ❌ 토큰 없음 또는 유효하지 않음: null
2025-06-27 16:58:35.593 [http-nio-8080-exec-4] [INFO] o.e.b.s.j.JwtTokenFilter - ❌ 토큰 없음 또는 유효하지 않음: null
2025-06-27 16:58:40.592 [http-nio-8080-exec-5] [INFO] o.e.b.s.j.JwtTokenFilter - ❌ 토큰 없음 또는 유효하지 않음: null
2025-06-27 16:58:45.591 [http-nio-8080-exec-6] [INFO] o.e.b.s.j.JwtTokenFilter - ❌ 토큰 없음 또는 유효하지 않음: null
2025-06-27 16:58:50.590 [http-nio-8080-exec-7] [INFO] o.e.b.s.j.JwtTokenFilter - ❌ 토큰 없음 또는 유효하지 않음: null
2025-06-27 16:58:55.592 [http-nio-8080-exec-8] [INFO] o.e.b.s.j.JwtTokenFilter - ❌ 토큰 없음 또는 유효하지 않음: null
2025-06-27 16:59:00.590 [http-nio-8080-exec-10] [INFO] o.e.b.s.j.JwtTokenFilter - ❌ 토큰 없음 또는 유효하지 않음: null
2025-06-27 16:59:05.591 [http-nio-8080-exec-9] [INFO] o.e.b.s.j.JwtTokenFilter - ❌ 토큰 없음 또는 유효하지 않음: null
2025-06-27 16:59:10.590 [http-nio-8080-exec-1] [INFO] o.e.b.s.j.JwtTokenFilter - ❌ 토큰 없음 또는 유효하지 않음: null
2025-06-27 16:59:15.589 [http-nio-8080-exec-3] [INFO] o.e.b.s.j.JwtTokenFilter - ❌ 토큰 없음 또는 유효하지 않음: null
2025-06-27 16:59:20.589 [http-nio-8080-exec-2] [INFO] o.e.b.s.j.JwtTokenFilter - ❌ 토큰 없음 또는 유효하지 않음: null
2025-06-27 16:59:25.588 [http-nio-8080-exec-4] [INFO] o.e.b.s.j.JwtTokenFilter - ❌ 토큰 없음 또는 유효하지 않음: null
2025-06-27 16:59:30.587 [http-nio-8080-exec-5] [INFO] o.e.b.s.j.JwtTokenFilter - ❌ 토큰 없음 또는 유효하지 않음: null
2025-06-27 16:59:35.587 [http-nio-8080-exec-6] [INFO] o.e.b.s.j.JwtTokenFilter - ❌ 토큰 없음 또는 유효하지 않음: null
2025-06-27 16:59:40.588 [http-nio-8080-exec-7] [INFO] o.e.b.s.j.JwtTokenFilter - ❌ 토큰 없음 또는 유효하지 않음: null
2025-06-27 16:59:45.586 [http-nio-8080-exec-8] [INFO] o.e.b.s.j.JwtTokenFilter - ❌ 토큰 없음 또는 유효하지 않음: null
2025-06-27 16:59:50.585 [http-nio-8080-exec-10] [INFO] o.e.b.s.j.JwtTokenFilter - ❌ 토큰 없음 또는 유효하지 않음: null
2025-06-27 16:59:55.587 [http-nio-8080-exec-9] [INFO] o.e.b.s.j.JwtTokenFilter - ❌ 토큰 없음 또는 유효하지 않음: null
2025-06-27 17:00:00.584 [http-nio-8080-exec-1] [INFO] o.e.b.s.j.JwtTokenFilter - ❌ 토큰 없음 또는 유효하지 않음: null
2025-06-27 17:00:05.583 [http-nio-8080-exec-3] [INFO] o.e.b.s.j.JwtTokenFilter - ❌ 토큰 없음 또는 유효하지 않음: null
2025-06-27 17:00:10.583 [http-nio-8080-exec-2] [INFO] o.e.b.s.j.JwtTokenFilter - ❌ 토큰 없음 또는 유효하지 않음: null
2025-06-27 17:00:15.585 [http-nio-8080-exec-4] [INFO] o.e.b.s.j.JwtTokenFilter - ❌ 토큰 없음 또는 유효하지 않음: null
2025-06-27 17:00:20.586 [http-nio-8080-exec-5] [INFO] o.e.b.s.j.JwtTokenFilter - ❌ 토큰 없음 또는 유효하지 않음: null
2025-06-27 17:00:25.584 [http-nio-8080-exec-6] [INFO] o.e.b.s.j.JwtTokenFilter - ❌ 토큰 없음 또는 유효하지 않음: null
2025-06-27 17:00:30.583 [http-nio-8080-exec-7] [INFO] o.e.b.s.j.JwtTokenFilter - ❌ 토큰 없음 또는 유효하지 않음: null
2025-06-27 17:00:35.580 [http-nio-8080-exec-8] [INFO] o.e.b.s.j.JwtTokenFilter - ❌ 토큰 없음 또는 유효하지 않음: null
2025-06-27 17:00:40.581 [http-nio-8080-exec-10] [INFO] o.e.b.s.j.JwtTokenFilter - ❌ 토큰 없음 또는 유효하지 않음: null
2025-06-27 17:00:45.582 [http-nio-8080-exec-9] [INFO] o.e.b.s.j.JwtTokenFilter - ❌ 토큰 없음 또는 유효하지 않음: null
2025-06-27 17:00:50.583 [http-nio-8080-exec-1] [INFO] o.e.b.s.j.JwtTokenFilter - ❌ 토큰 없음 또는 유효하지 않음: null
2025-06-27 17:00:55.581 [http-nio-8080-exec-3] [INFO] o.e.b.s.j.JwtTokenFilter - ❌ 토큰 없음 또는 유효하지 않음: null
2025-06-27 17:01:00.580 [http-nio-8080-exec-2] [INFO] o.e.b.s.j.JwtTokenFilter - ❌ 토큰 없음 또는 유효하지 않음: null
2025-06-27 17:01:05.582 [http-nio-8080-exec-4] [INFO] o.e.b.s.j.JwtTokenFilter - ❌ 토큰 없음 또는 유효하지 않음: null
2025-06-27 17:01:10.580 [http-nio-8080-exec-5] [INFO] o.e.b.s.j.JwtTokenFilter - ❌ 토큰 없음 또는 유효하지 않음: null
2025-06-27 17:01:15.580 [http-nio-8080-exec-6] [INFO] o.e.b.s.j.JwtTokenFilter - ❌ 토큰 없음 또는 유효하지 않음: null
2025-06-27 17:01:20.577 [http-nio-8080-exec-7] [INFO] o.e.b.s.j.JwtTokenFilter - ❌ 토큰 없음 또는 유효하지 않음: null
2025-06-27 17:01:25.581 [http-nio-8080-exec-8] [INFO] o.e.b.s.j.JwtTokenFilter - ❌ 토큰 없음 또는 유효하지 않음: null
2025-06-27 17:01:30.581 [http-nio-8080-exec-10] [INFO] o.e.b.s.j.JwtTokenFilter - ❌ 토큰 없음 또는 유효하지 않음: null
2025-06-27 17:01:35.580 [http-nio-8080-exec-9] [INFO] o.e.b.s.j.JwtTokenFilter - ❌ 토큰 없음 또는 유효하지 않음: null
2025-06-27 17:01:40.580 [http-nio-8080-exec-1] [INFO] o.e.b.s.j.JwtTokenFilter - ❌ 토큰 없음 또는 유효하지 않음: null
2025-06-27 17:01:45.577 [http-nio-8080-exec-3] [INFO] o.e.b.s.j.JwtTokenFilter - ❌ 토큰 없음 또는 유효하지 않음: null
2025-06-27 17:01:50.577 [http-nio-8080-exec-2] [INFO] o.e.b.s.j.JwtTokenFilter - ❌ 토큰 없음 또는 유효하지 않음: null
2025-06-27 17:01:55.578 [http-nio-8080-exec-4] [INFO] o.e.b.s.j.JwtTokenFilter - ❌ 토큰 없음 또는 유효하지 않음: null
2025-06-27 17:02:00.576 [http-nio-8080-exec-5] [INFO] o.e.b.s.j.JwtTokenFilter - ❌ 토큰 없음 또는 유효하지 않음: null
2025-06-27 17:02:05.577 [http-nio-8080-exec-6] [INFO] o.e.b.s.j.JwtTokenFilter - ❌ 토큰 없음 또는 유효하지 않음: null
2025-06-27 17:02:10.575 [http-nio-8080-exec-7] [INFO] o.e.b.s.j.JwtTokenFilter - ❌ 토큰 없음 또는 유효하지 않음: null
2025-06-27 17:02:15.576 [http-nio-8080-exec-8] [INFO] o.e.b.s.j.JwtTokenFilter - ❌ 토큰 없음 또는 유효하지 않음: null
2025-06-27 17:02:20.576 [http-nio-8080-exec-10] [INFO] o.e.b.s.j.JwtTokenFilter - ❌ 토큰 없음 또는 유효하지 않음: null
2025-06-27 17:02:25.575 [http-nio-8080-exec-9] [INFO] o.e.b.s.j.JwtTokenFilter - ❌ 토큰 없음 또는 유효하지 않음: null
2025-06-27 17:02:30.576 [http-nio-8080-exec-1] [INFO] o.e.b.s.j.JwtTokenFilter - ❌ 토큰 없음 또는 유효하지 않음: null
2025-06-27 17:02:35.573 [http-nio-8080-exec-3] [INFO] o.e.b.s.j.JwtTokenFilter - ❌ 토큰 없음 또는 유효하지 않음: null
2025-06-27 17:02:40.571 [http-nio-8080-exec-2] [INFO] o.e.b.s.j.JwtTokenFilter - ❌ 토큰 없음 또는 유효하지 않음: null
2025-06-27 17:02:45.573 [http-nio-8080-exec-4] [INFO] o.e.b.s.j.JwtTokenFilter - ❌ 토큰 없음 또는 유효하지 않음: null
2025-06-27 17:02:50.572 [http-nio-8080-exec-5] [INFO] o.e.b.s.j.JwtTokenFilter - ❌ 토큰 없음 또는 유효하지 않음: null
2025-06-27 17:02:55.573 [http-nio-8080-exec-6] [INFO] o.e.b.s.j.JwtTokenFilter - ❌ 토큰 없음 또는 유효하지 않음: null
2025-06-27 17:03:00.570 [http-nio-8080-exec-7] [INFO] o.e.b.s.j.JwtTokenFilter - ❌ 토큰 없음 또는 유효하지 않음: null
2025-06-27 17:03:05.571 [http-nio-8080-exec-8] [INFO] o.e.b.s.j.JwtTokenFilter - ❌ 토큰 없음 또는 유효하지 않음: null
2025-06-27 17:03:10.569 [http-nio-8080-exec-10] [INFO] o.e.b.s.j.JwtTokenFilter - ❌ 토큰 없음 또는 유효하지 않음: null
2025-06-27 17:03:15.571 [http-nio-8080-exec-9] [INFO] o.e.b.s.j.JwtTokenFilter - ❌ 토큰 없음 또는 유효하지 않음: null
2025-06-27 17:03:20.596 [http-nio-8080-exec-1] [INFO] o.e.b.s.j.JwtTokenFilter - ❌ 토큰 없음 또는 유효하지 않음: null
2025-06-27 17:03:25.571 [http-nio-8080-exec-3] [INFO] o.e.b.s.j.JwtTokenFilter - ❌ 토큰 없음 또는 유효하지 않음: null
2025-06-27 17:03:30.571 [http-nio-8080-exec-2] [INFO] o.e.b.s.j.JwtTokenFilter - ❌ 토큰 없음 또는 유효하지 않음: null
2025-06-27 17:03:35.571 [http-nio-8080-exec-4] [INFO] o.e.b.s.j.JwtTokenFilter - ❌ 토큰 없음 또는 유효하지 않음: null
2025-06-27 17:03:40.567 [http-nio-8080-exec-5] [INFO] o.e.b.s.j.JwtTokenFilter - ❌ 토큰 없음 또는 유효하지 않음: null
2025-06-27 17:03:45.568 [http-nio-8080-exec-6] [INFO] o.e.b.s.j.JwtTokenFilter - ❌ 토큰 없음 또는 유효하지 않음: null
2025-06-27 17:03:50.567 [http-nio-8080-exec-7] [INFO] o.e.b.s.j.JwtTokenFilter - ❌ 토큰 없음 또는 유효하지 않음: null
2025-06-27 17:03:55.570 [http-nio-8080-exec-8] [INFO] o.e.b.s.j.JwtTokenFilter - ❌ 토큰 없음 또는 유효하지 않음: null
2025-06-27 17:04:00.569 [http-nio-8080-exec-10] [INFO] o.e.b.s.j.JwtTokenFilter - ❌ 토큰 없음 또는 유효하지 않음: null
2025-06-27 17:04:05.566 [http-nio-8080-exec-9] [INFO] o.e.b.s.j.JwtTokenFilter - ❌ 토큰 없음 또는 유효하지 않음: null
2025-06-27 17:04:10.567 [http-nio-8080-exec-1] [INFO] o.e.b.s.j.JwtTokenFilter - ❌ 토큰 없음 또는 유효하지 않음: null
2025-06-27 17:04:15.566 [http-nio-8080-exec-3] [INFO] o.e.b.s.j.JwtTokenFilter - ❌ 토큰 없음 또는 유효하지 않음: null
2025-06-27 17:04:20.565 [http-nio-8080-exec-2] [INFO] o.e.b.s.j.JwtTokenFilter - ❌ 토큰 없음 또는 유효하지 않음: null
2025-06-27 17:04:25.565 [http-nio-8080-exec-4] [INFO] o.e.b.s.j.JwtTokenFilter - ❌ 토큰 없음 또는 유효하지 않음: null
2025-06-27 17:04:27.919 [http-nio-8080-exec-6] [INFO] o.e.b.s.j.JwtTokenFilter - ❌ 토큰 없음 또는 유효하지 않음: null
2025-06-27 17:04:28.130 [http-nio-8080-exec-10] [INFO] o.e.b.s.j.JwtTokenFilter - ❌ 토큰 없음 또는 유효하지 않음: null
2025-06-27 17:04:30.566 [http-nio-8080-exec-9] [INFO] o.e.b.s.j.JwtTokenFilter - ❌ 토큰 없음 또는 유효하지 않음: null
2025-06-27 17:04:35.566 [http-nio-8080-exec-1] [INFO] o.e.b.s.j.JwtTokenFilter - ❌ 토큰 없음 또는 유효하지 않음: null
2025-06-27 17:04:40.564 [http-nio-8080-exec-3] [INFO] o.e.b.s.j.JwtTokenFilter - ❌ 토큰 없음 또는 유효하지 않음: null
2025-06-27 17:04:45.565 [http-nio-8080-exec-2] [INFO] o.e.b.s.j.JwtTokenFilter - ❌ 토큰 없음 또는 유효하지 않음: null
2025-06-27 17:04:50.564 [http-nio-8080-exec-4] [INFO] o.e.b.s.j.JwtTokenFilter - ❌ 토큰 없음 또는 유효하지 않음: null
2025-06-27 17:04:55.564 [http-nio-8080-exec-5] [INFO] o.e.b.s.j.JwtTokenFilter - ❌ 토큰 없음 또는 유효하지 않음: null
2025-06-27 17:05:00.563 [http-nio-8080-exec-6] [INFO] o.e.b.s.j.JwtTokenFilter - ❌ 토큰 없음 또는 유효하지 않음: null
2025-06-27 17:05:05.563 [http-nio-8080-exec-7] [INFO] o.e.b.s.j.JwtTokenFilter - ❌ 토큰 없음 또는 유효하지 않음: null
2025-06-27 17:05:10.565 [http-nio-8080-exec-8] [INFO] o.e.b.s.j.JwtTokenFilter - ❌ 토큰 없음 또는 유효하지 않음: null
2025-06-27 17:05:15.563 [http-nio-8080-exec-10] [INFO] o.e.b.s.j.JwtTokenFilter - ❌ 토큰 없음 또는 유효하지 않음: null
2025-06-27 17:05:20.561 [http-nio-8080-exec-9] [INFO] o.e.b.s.j.JwtTokenFilter - ❌ 토큰 없음 또는 유효하지 않음: null
2025-06-27 17:05:25.562 [http-nio-8080-exec-1] [INFO] o.e.b.s.j.JwtTokenFilter - ❌ 토큰 없음 또는 유효하지 않음: null
2025-06-27 17:05:30.562 [http-nio-8080-exec-4] [INFO] o.e.b.s.j.JwtTokenFilter - ❌ 토큰 없음 또는 유효하지 않음: null
2025-06-27 17:05:35.559 [http-nio-8080-exec-5] [INFO] o.e.b.s.j.JwtTokenFilter - ❌ 토큰 없음 또는 유효하지 않음: null
2025-06-27 17:05:40.559 [http-nio-8080-exec-6] [INFO] o.e.b.s.j.JwtTokenFilter - ❌ 토큰 없음 또는 유효하지 않음: null
2025-06-27 17:05:45.560 [http-nio-8080-exec-7] [INFO] o.e.b.s.j.JwtTokenFilter - ❌ 토큰 없음 또는 유효하지 않음: null
2025-06-27 17:05:50.559 [http-nio-8080-exec-8] [INFO] o.e.b.s.j.JwtTokenFilter - ❌ 토큰 없음 또는 유효하지 않음: null
2025-06-27 17:05:55.560 [http-nio-8080-exec-10] [INFO] o.e.b.s.j.JwtTokenFilter - ❌ 토큰 없음 또는 유효하지 않음: null
2025-06-27 17:06:00.558 [http-nio-8080-exec-9] [INFO] o.e.b.s.j.JwtTokenFilter - ❌ 토큰 없음 또는 유효하지 않음: null
2025-06-27 17:06:05.560 [http-nio-8080-exec-1] [INFO] o.e.b.s.j.JwtTokenFilter - ❌ 토큰 없음 또는 유효하지 않음: null
2025-06-27 17:06:10.558 [http-nio-8080-exec-2] [INFO] o.e.b.s.j.JwtTokenFilter - ❌ 토큰 없음 또는 유효하지 않음: null
2025-06-27 17:06:15.557 [http-nio-8080-exec-3] [INFO] o.e.b.s.j.JwtTokenFilter - ❌ 토큰 없음 또는 유효하지 않음: null
2025-06-27 17:06:20.556 [http-nio-8080-exec-4] [INFO] o.e.b.s.j.JwtTokenFilter - ❌ 토큰 없음 또는 유효하지 않음: null
2025-06-27 17:06:25.556 [http-nio-8080-exec-5] [INFO] o.e.b.s.j.JwtTokenFilter - ❌ 토큰 없음 또는 유효하지 않음: null
2025-06-27 17:06:30.555 [http-nio-8080-exec-6] [INFO] o.e.b.s.j.JwtTokenFilter - ❌ 토큰 없음 또는 유효하지 않음: null
2025-06-27 17:06:35.556 [http-nio-8080-exec-7] [INFO] o.e.b.s.j.JwtTokenFilter - ❌ 토큰 없음 또는 유효하지 않음: null
2025-06-27 17:06:40.554 [http-nio-8080-exec-8] [INFO] o.e.b.s.j.JwtTokenFilter - ❌ 토큰 없음 또는 유효하지 않음: null
2025-06-27 17:06:45.556 [http-nio-8080-exec-10] [INFO] o.e.b.s.j.JwtTokenFilter - ❌ 토큰 없음 또는 유효하지 않음: null
2025-06-27 17:06:50.555 [http-nio-8080-exec-9] [INFO] o.e.b.s.j.JwtTokenFilter - ❌ 토큰 없음 또는 유효하지 않음: null
2025-06-27 17:06:55.557 [http-nio-8080-exec-1] [INFO] o.e.b.s.j.JwtTokenFilter - ❌ 토큰 없음 또는 유효하지 않음: null
2025-06-27 17:07:00.555 [http-nio-8080-exec-2] [INFO] o.e.b.s.j.JwtTokenFilter - ❌ 토큰 없음 또는 유효하지 않음: null
2025-06-27 17:07:05.555 [http-nio-8080-exec-3] [INFO] o.e.b.s.j.JwtTokenFilter - ❌ 토큰 없음 또는 유효하지 않음: null
2025-06-27 17:07:10.553 [http-nio-8080-exec-4] [INFO] o.e.b.s.j.JwtTokenFilter - ❌ 토큰 없음 또는 유효하지 않음: null
2025-06-27 17:07:15.552 [http-nio-8080-exec-5] [INFO] o.e.b.s.j.JwtTokenFilter - ❌ 토큰 없음 또는 유효하지 않음: null
2025-06-27 17:07:20.556 [http-nio-8080-exec-6] [INFO] o.e.b.s.j.JwtTokenFilter - ❌ 토큰 없음 또는 유효하지 않음: null
2025-06-27 17:07:25.582 [http-nio-8080-exec-7] [INFO] o.e.b.s.j.JwtTokenFilter - ❌ 토큰 없음 또는 유효하지 않음: null
2025-06-27 17:07:30.560 [http-nio-8080-exec-10] [INFO] o.e.b.s.j.JwtTokenFilter - ❌ 토큰 없음 또는 유효하지 않음: null
2025-06-27 17:07:35.562 [http-nio-8080-exec-1] [INFO] o.e.b.s.j.JwtTokenFilter - ❌ 토큰 없음 또는 유효하지 않음: null
2025-06-27 17:07:40.554 [http-nio-8080-exec-2] [INFO] o.e.b.s.j.JwtTokenFilter - ❌ 토큰 없음 또는 유효하지 않음: null
2025-06-27 17:07:45.553 [http-nio-8080-exec-3] [INFO] o.e.b.s.j.JwtTokenFilter - ❌ 토큰 없음 또는 유효하지 않음: null
2025-06-27 17:07:50.552 [http-nio-8080-exec-4] [INFO] o.e.b.s.j.JwtTokenFilter - ❌ 토큰 없음 또는 유효하지 않음: null
2025-06-27 17:07:55.584 [http-nio-8080-exec-5] [INFO] o.e.b.s.j.JwtTokenFilter - ❌ 토큰 없음 또는 유효하지 않음: null
2025-06-27 17:08:00.555 [http-nio-8080-exec-6] [INFO] o.e.b.s.j.JwtTokenFilter - ❌ 토큰 없음 또는 유효하지 않음: null
2025-06-27 17:08:05.565 [http-nio-8080-exec-7] [INFO] o.e.b.s.j.JwtTokenFilter - ❌ 토큰 없음 또는 유효하지 않음: null
2025-06-27 17:08:10.554 [http-nio-8080-exec-8] [INFO] o.e.b.s.j.JwtTokenFilter - ❌ 토큰 없음 또는 유효하지 않음: null
2025-06-27 17:08:15.550 [http-nio-8080-exec-10] [INFO] o.e.b.s.j.JwtTokenFilter - ❌ 토큰 없음 또는 유효하지 않음: null
2025-06-27 17:08:20.547 [http-nio-8080-exec-9] [INFO] o.e.b.s.j.JwtTokenFilter - ❌ 토큰 없음 또는 유효하지 않음: null
2025-06-27 17:08:25.547 [http-nio-8080-exec-1] [INFO] o.e.b.s.j.JwtTokenFilter - ❌ 토큰 없음 또는 유효하지 않음: null
2025-06-27 17:09:21.679 [http-nio-8080-exec-3] [INFO] o.e.b.s.j.JwtTokenFilter - ❌ 토큰 없음 또는 유효하지 않음: null
2025-06-27 17:09:26.662 [http-nio-8080-exec-4] [INFO] o.e.b.s.j.JwtTokenFilter - ❌ 토큰 없음 또는 유효하지 않음: null
2025-06-27 17:09:31.664 [http-nio-8080-exec-5] [INFO] o.e.b.s.j.JwtTokenFilter - ❌ 토큰 없음 또는 유효하지 않음: null
2025-06-27 17:09:36.664 [http-nio-8080-exec-6] [INFO] o.e.b.s.j.JwtTokenFilter - ❌ 토큰 없음 또는 유효하지 않음: null
2025-06-27 17:09:41.663 [http-nio-8080-exec-7] [INFO] o.e.b.s.j.JwtTokenFilter - ❌ 토큰 없음 또는 유효하지 않음: null
2025-06-27 17:09:46.662 [http-nio-8080-exec-8] [INFO] o.e.b.s.j.JwtTokenFilter - ❌ 토큰 없음 또는 유효하지 않음: null
2025-06-27 17:09:51.662 [http-nio-8080-exec-10] [INFO] o.e.b.s.j.JwtTokenFilter - ❌ 토큰 없음 또는 유효하지 않음: null
2025-06-27 17:09:56.661 [http-nio-8080-exec-9] [INFO] o.e.b.s.j.JwtTokenFilter - ❌ 토큰 없음 또는 유효하지 않음: null
2025-06-27 17:10:01.660 [http-nio-8080-exec-1] [INFO] o.e.b.s.j.JwtTokenFilter - ❌ 토큰 없음 또는 유효하지 않음: null
2025-06-27 17:10:06.663 [http-nio-8080-exec-2] [INFO] o.e.b.s.j.JwtTokenFilter - ❌ 토큰 없음 또는 유효하지 않음: null
2025-06-27 17:10:11.659 [http-nio-8080-exec-3] [INFO] o.e.b.s.j.JwtTokenFilter - ❌ 토큰 없음 또는 유효하지 않음: null
2025-06-27 17:10:16.659 [http-nio-8080-exec-4] [INFO] o.e.b.s.j.JwtTokenFilter - ❌ 토큰 없음 또는 유효하지 않음: null
2025-06-27 17:10:21.661 [http-nio-8080-exec-5] [INFO] o.e.b.s.j.JwtTokenFilter - ❌ 토큰 없음 또는 유효하지 않음: null
2025-06-27 17:10:26.660 [http-nio-8080-exec-6] [INFO] o.e.b.s.j.JwtTokenFilter - ❌ 토큰 없음 또는 유효하지 않음: null
2025-06-27 17:10:31.658 [http-nio-8080-exec-7] [INFO] o.e.b.s.j.JwtTokenFilter - ❌ 토큰 없음 또는 유효하지 않음: null
2025-06-27 17:10:32.867 [http-nio-8080-exec-10] [INFO] o.e.b.s.j.JwtTokenFilter - ❌ 토큰 없음 또는 유효하지 않음: null
2025-06-27 17:10:36.659 [http-nio-8080-exec-2] [INFO] o.e.b.s.j.JwtTokenFilter - ❌ 토큰 없음 또는 유효하지 않음: null
2025-06-27 17:10:41.658 [http-nio-8080-exec-3] [INFO] o.e.b.s.j.JwtTokenFilter - ❌ 토큰 없음 또는 유효하지 않음: null
2025-06-27 17:10:46.658 [http-nio-8080-exec-4] [INFO] o.e.b.s.j.JwtTokenFilter - ❌ 토큰 없음 또는 유효하지 않음: null
2025-06-27 17:10:51.658 [http-nio-8080-exec-5] [INFO] o.e.b.s.j.JwtTokenFilter - ❌ 토큰 없음 또는 유효하지 않음: null
2025-06-27 17:10:56.656 [http-nio-8080-exec-6] [INFO] o.e.b.s.j.JwtTokenFilter - ❌ 토큰 없음 또는 유효하지 않음: null
2025-06-27 17:11:01.655 [http-nio-8080-exec-7] [INFO] o.e.b.s.j.JwtTokenFilter - ❌ 토큰 없음 또는 유효하지 않음: null
2025-06-27 17:11:06.657 [http-nio-8080-exec-10] [INFO] o.e.b.s.j.JwtTokenFilter - ❌ 토큰 없음 또는 유효하지 않음: null
2025-06-27 17:11:11.655 [http-nio-8080-exec-9] [INFO] o.e.b.s.j.JwtTokenFilter - ❌ 토큰 없음 또는 유효하지 않음: null
2025-06-27 17:11:16.656 [http-nio-8080-exec-1] [INFO] o.e.b.s.j.JwtTokenFilter - ❌ 토큰 없음 또는 유효하지 않음: null
2025-06-27 17:11:21.655 [http-nio-8080-exec-2] [INFO] o.e.b.s.j.JwtTokenFilter - ❌ 토큰 없음 또는 유효하지 않음: null
2025-06-27 17:11:26.656 [http-nio-8080-exec-3] [INFO] o.e.b.s.j.JwtTokenFilter - ❌ 토큰 없음 또는 유효하지 않음: null
2025-06-27 17:11:31.654 [http-nio-8080-exec-4] [INFO] o.e.b.s.j.JwtTokenFilter - ❌ 토큰 없음 또는 유효하지 않음: null
2025-06-27 17:11:36.653 [http-nio-8080-exec-5] [INFO] o.e.b.s.j.JwtTokenFilter - ❌ 토큰 없음 또는 유효하지 않음: null
2025-06-27 17:11:41.652 [http-nio-8080-exec-6] [INFO] o.e.b.s.j.JwtTokenFilter - ❌ 토큰 없음 또는 유효하지 않음: null
2025-06-27 17:11:46.652 [http-nio-8080-exec-7] [INFO] o.e.b.s.j.JwtTokenFilter - ❌ 토큰 없음 또는 유효하지 않음: null
2025-06-27 17:11:51.652 [http-nio-8080-exec-8] [INFO] o.e.b.s.j.JwtTokenFilter - ❌ 토큰 없음 또는 유효하지 않음: null
2025-06-27 17:11:56.656 [http-nio-8080-exec-10] [INFO] o.e.b.s.j.JwtTokenFilter - ❌ 토큰 없음 또는 유효하지 않음: null
2025-06-27 17:12:01.651 [http-nio-8080-exec-9] [INFO] o.e.b.s.j.JwtTokenFilter - ❌ 토큰 없음 또는 유효하지 않음: null
2025-06-27 17:12:06.652 [http-nio-8080-exec-1] [INFO] o.e.b.s.j.JwtTokenFilter - ❌ 토큰 없음 또는 유효하지 않음: null
2025-06-27 17:12:11.653 [http-nio-8080-exec-2] [INFO] o.e.b.s.j.JwtTokenFilter - ❌ 토큰 없음 또는 유효하지 않음: null
2025-06-27 17:12:16.652 [http-nio-8080-exec-3] [INFO] o.e.b.s.j.JwtTokenFilter - ❌ 토큰 없음 또는 유효하지 않음: null
2025-06-27 17:12:21.651 [http-nio-8080-exec-4] [INFO] o.e.b.s.j.JwtTokenFilter - ❌ 토큰 없음 또는 유효하지 않음: null
2025-06-27 17:12:26.649 [http-nio-8080-exec-5] [INFO] o.e.b.s.j.JwtTokenFilter - ❌ 토큰 없음 또는 유효하지 않음: null
2025-06-27 17:12:31.650 [http-nio-8080-exec-6] [INFO] o.e.b.s.j.JwtTokenFilter - ❌ 토큰 없음 또는 유효하지 않음: null
2025-06-27 17:12:36.659 [http-nio-8080-exec-7] [INFO] o.e.b.s.j.JwtTokenFilter - ❌ 토큰 없음 또는 유효하지 않음: null
2025-06-27 17:12:41.661 [http-nio-8080-exec-8] [INFO] o.e.b.s.j.JwtTokenFilter - ❌ 토큰 없음 또는 유효하지 않음: null
2025-06-27 17:12:46.661 [http-nio-8080-exec-10] [INFO] o.e.b.s.j.JwtTokenFilter - ❌ 토큰 없음 또는 유효하지 않음: null
2025-06-27 17:12:51.650 [http-nio-8080-exec-9] [INFO] o.e.b.s.j.JwtTokenFilter - ❌ 토큰 없음 또는 유효하지 않음: null
2025-06-27 17:12:56.648 [http-nio-8080-exec-1] [INFO] o.e.b.s.j.JwtTokenFilter - ❌ 토큰 없음 또는 유효하지 않음: null
2025-06-27 17:13:01.649 [http-nio-8080-exec-2] [INFO] o.e.b.s.j.JwtTokenFilter - ❌ 토큰 없음 또는 유효하지 않음: null
2025-06-27 17:13:06.655 [http-nio-8080-exec-3] [INFO] o.e.b.s.j.JwtTokenFilter - ❌ 토큰 없음 또는 유효하지 않음: null
2025-06-27 17:13:11.648 [http-nio-8080-exec-5] [INFO] o.e.b.s.j.JwtTokenFilter - ❌ 토큰 없음 또는 유효하지 않음: null
2025-06-27 17:13:16.648 [http-nio-8080-exec-6] [INFO] o.e.b.s.j.JwtTokenFilter - ❌ 토큰 없음 또는 유효하지 않음: null
2025-06-27 17:13:21.649 [http-nio-8080-exec-7] [INFO] o.e.b.s.j.JwtTokenFilter - ❌ 토큰 없음 또는 유효하지 않음: null
2025-06-27 17:13:26.646 [http-nio-8080-exec-8] [INFO] o.e.b.s.j.JwtTokenFilter - ❌ 토큰 없음 또는 유효하지 않음: null
2025-06-27 17:13:31.644 [http-nio-8080-exec-10] [INFO] o.e.b.s.j.JwtTokenFilter - ❌ 토큰 없음 또는 유효하지 않음: null
2025-06-27 17:13:36.645 [http-nio-8080-exec-9] [INFO] o.e.b.s.j.JwtTokenFilter - ❌ 토큰 없음 또는 유효하지 않음: null
2025-06-27 17:13:41.643 [http-nio-8080-exec-1] [INFO] o.e.b.s.j.JwtTokenFilter - ❌ 토큰 없음 또는 유효하지 않음: null
2025-06-27 17:13:46.641 [http-nio-8080-exec-2] [INFO] o.e.b.s.j.JwtTokenFilter - ❌ 토큰 없음 또는 유효하지 않음: null
2025-06-27 17:13:51.642 [http-nio-8080-exec-3] [INFO] o.e.b.s.j.JwtTokenFilter - ❌ 토큰 없음 또는 유효하지 않음: null
2025-06-27 17:13:56.641 [http-nio-8080-exec-4] [INFO] o.e.b.s.j.JwtTokenFilter - ❌ 토큰 없음 또는 유효하지 않음: null
2025-06-27 17:14:01.641 [http-nio-8080-exec-5] [INFO] o.e.b.s.j.JwtTokenFilter - ❌ 토큰 없음 또는 유효하지 않음: null
2025-06-27 17:14:06.639 [http-nio-8080-exec-6] [INFO] o.e.b.s.j.JwtTokenFilter - ❌ 토큰 없음 또는 유효하지 않음: null
2025-06-27 17:14:11.640 [http-nio-8080-exec-7] [INFO] o.e.b.s.j.JwtTokenFilter - ❌ 토큰 없음 또는 유효하지 않음: null
2025-06-27 17:14:16.639 [http-nio-8080-exec-8] [INFO] o.e.b.s.j.JwtTokenFilter - ❌ 토큰 없음 또는 유효하지 않음: null
2025-06-27 17:14:21.639 [http-nio-8080-exec-10] [INFO] o.e.b.s.j.JwtTokenFilter - ❌ 토큰 없음 또는 유효하지 않음: null
2025-06-27 17:14:26.638 [http-nio-8080-exec-9] [INFO] o.e.b.s.j.JwtTokenFilter - ❌ 토큰 없음 또는 유효하지 않음: null
2025-06-27 17:14:31.638 [http-nio-8080-exec-1] [INFO] o.e.b.s.j.JwtTokenFilter - ❌ 토큰 없음 또는 유효하지 않음: null
2025-06-27 17:14:36.638 [http-nio-8080-exec-2] [INFO] o.e.b.s.j.JwtTokenFilter - ❌ 토큰 없음 또는 유효하지 않음: null
2025-06-27 17:14:41.636 [http-nio-8080-exec-3] [INFO] o.e.b.s.j.JwtTokenFilter - ❌ 토큰 없음 또는 유효하지 않음: null
2025-06-27 17:14:46.638 [http-nio-8080-exec-4] [INFO] o.e.b.s.j.JwtTokenFilter - ❌ 토큰 없음 또는 유효하지 않음: null
2025-06-27 17:14:51.635 [http-nio-8080-exec-5] [INFO] o.e.b.s.j.JwtTokenFilter - ❌ 토큰 없음 또는 유효하지 않음: null
2025-06-27 17:14:56.638 [http-nio-8080-exec-6] [INFO] o.e.b.s.j.JwtTokenFilter - ❌ 토큰 없음 또는 유효하지 않음: null
2025-06-27 17:15:01.634 [http-nio-8080-exec-7] [INFO] o.e.b.s.j.JwtTokenFilter - ❌ 토큰 없음 또는 유효하지 않음: null
2025-06-27 17:15:06.635 [http-nio-8080-exec-8] [INFO] o.e.b.s.j.JwtTokenFilter - ❌ 토큰 없음 또는 유효하지 않음: null
2025-06-27 17:15:11.628 [http-nio-8080-exec-10] [INFO] o.e.b.s.j.JwtTokenFilter - ❌ 토큰 없음 또는 유효하지 않음: null
2025-06-27 17:15:16.627 [http-nio-8080-exec-9] [INFO] o.e.b.s.j.JwtTokenFilter - ❌ 토큰 없음 또는 유효하지 않음: null
2025-06-27 17:15:18.709 [http-nio-8080-exec-2] [INFO] o.e.b.s.j.JwtTokenFilter - ❌ 토큰 없음 또는 유효하지 않음: null
2025-06-27 17:15:21.625 [http-nio-8080-exec-5] [INFO] o.e.b.s.j.JwtTokenFilter - ❌ 토큰 없음 또는 유효하지 않음: null
2025-06-27 17:15:26.624 [http-nio-8080-exec-7] [INFO] o.e.b.s.j.JwtTokenFilter - ❌ 토큰 없음 또는 유효하지 않음: null
2025-06-27 17:15:31.630 [http-nio-8080-exec-8] [INFO] o.e.b.s.j.JwtTokenFilter - ❌ 토큰 없음 또는 유효하지 않음: null
2025-06-27 17:15:36.623 [http-nio-8080-exec-10] [INFO] o.e.b.s.j.JwtTokenFilter - ❌ 토큰 없음 또는 유효하지 않음: null
2025-06-27 17:15:41.626 [http-nio-8080-exec-9] [INFO] o.e.b.s.j.JwtTokenFilter - ❌ 토큰 없음 또는 유효하지 않음: null
2025-06-27 17:15:42.096 [http-nio-8080-exec-2] [INFO] o.e.b.s.j.JwtTokenFilter - ❌ 토큰 없음 또는 유효하지 않음: null
2025-06-27 17:15:42.206 [http-nio-8080-exec-5] [INFO] o.e.b.s.j.JwtTokenFilter - ❌ 토큰 없음 또는 유효하지 않음: null
2025-06-27 17:15:46.623 [http-nio-8080-exec-6] [INFO] o.e.b.s.j.JwtTokenFilter - ❌ 토큰 없음 또는 유효하지 않음: null
2025-06-27 17:15:51.625 [http-nio-8080-exec-7] [INFO] o.e.b.s.j.JwtTokenFilter - ❌ 토큰 없음 또는 유효하지 않음: null
2025-06-27 17:15:56.623 [http-nio-8080-exec-8] [INFO] o.e.b.s.j.JwtTokenFilter - ❌ 토큰 없음 또는 유효하지 않음: null
2025-06-27 17:16:00.103 [SpringApplicationShutdownHook] [INFO] o.s.b.w.e.t.GracefulShutdown - Commencing graceful shutdown. Waiting for active requests to complete
2025-06-27 17:16:00.418 [tomcat-shutdown] [INFO] o.s.b.w.e.t.GracefulShutdown - Graceful shutdown complete
2025-06-27 17:16:00.435 [SpringApplicationShutdownHook] [INFO] o.s.m.s.b.SimpleBrokerMessageHandler - Stopping...
2025-06-27 17:16:00.436 [SpringApplicationShutdownHook] [INFO] o.s.m.s.b.SimpleBrokerMessageHandler - BrokerAvailabilityEvent[available=false, SimpleBrokerMessageHandler [org.springframework.messaging.simp.broker.DefaultSubscriptionRegistry@275946de]]
2025-06-27 17:16:00.436 [SpringApplicationShutdownHook] [INFO] o.s.m.s.b.SimpleBrokerMessageHandler - Stopped.
2025-06-27 17:16:00.613 [SpringApplicationShutdownHook] [INFO] o.s.o.j.LocalContainerEntityManagerFactoryBean - Closing JPA EntityManagerFactory for persistence unit 'default'
2025-06-27 17:16:00.637 [SpringApplicationShutdownHook] [INFO] c.z.h.HikariDataSource - HikariPool-1 - Shutdown initiated...
2025-06-27 17:16:00.665 [SpringApplicationShutdownHook] [INFO] c.z.h.HikariDataSource - HikariPool-1 - Shutdown completed.
